Well	mode	wavelength	abs
A1	Absorbance	500	1.6335999965667725
A2	Absorbance	500	1.5460000038146973
A3	Absorbance	500	1.4573999643325806
A4	Absorbance	500	1.3746999502182007
A5	Absorbance	500	1.322100043296814
A6	Absorbance	500	1.2437000274658203
A7	Absorbance	500	1.1563999652862549
A8	Absorbance	500	1.0819000005722046
A9	Absorbance	500	0.9932000041007996
A10	Absorbance	500	0.9172999858856201
A11	Absorbance	500	0.8066999912261963
A12	Absorbance	500	0.6266000270843506
B1	Absorbance	500	1.6028000116348267
B2	Absorbance	500	1.517799973487854
B3	Absorbance	500	1.4296000003814697
B4	Absorbance	500	1.3532999753952026
B5	Absorbance	500	1.270300030708313
B6	Absorbance	500	1.1916999816894531
B7	Absorbance	500	1.1131000518798828
B8	Absorbance	500	1.0328999757766724
B9	Absorbance	500	0.920799970626831
B10	Absorbance	500	0.8288999795913696
B11	Absorbance	500	0.7294999957084656
B12	Absorbance	500	0.5260000228881836
C1	Absorbance	500	1.5394999980926514
C2	Absorbance	500	1.4769999980926514
C3	Absorbance	500	1.437399983406067
C4	Absorbance	500	1.3700000047683716
C5	Absorbance	500	1.2905999422073364
C6	Absorbance	500	1.2105000019073486
C7	Absorbance	500	1.117799997329712
C8	Absorbance	500	1.0500999689102173
C9	Absorbance	500	0.9416999816894531
C10	Absorbance	500	0.8547000288963318
C11	Absorbance	500	0.7426999807357788
C12	Absorbance	500	0.5289999842643738
D1	Absorbance	500	1.5405999422073364
D2	Absorbance	500	1.420199990272522
D3	Absorbance	500	1.3674999475479126
D4	Absorbance	500	1.3062000274658203
D5	Absorbance	500	1.2410000562667847
D6	Absorbance	500	1.1579999923706055
D7	Absorbance	500	1.0667999982833862
D8	Absorbance	500	0.9545000195503235
D9	Absorbance	500	0.8445000052452087
D10	Absorbance	500	0.7350000143051147
D11	Absorbance	500	0.6373000144958496
D12	Absorbance	500	0.4318999946117401
E1	Absorbance	500	1.4657000303268433
E2	Absorbance	500	1.374899983406067
E3	Absorbance	500	1.2955000400543213
E4	Absorbance	500	1.235200047492981
E5	Absorbance	500	1.1634000539779663
E6	Absorbance	500	1.077299952507019
E7	Absorbance	500	0.987500011920929
E8	Absorbance	500	0.8912000060081482
E9	Absorbance	500	0.7936999797821045
E10	Absorbance	500	0.7045000195503235
E11	Absorbance	500	0.6035000085830688
E12	Absorbance	500	0.39340001344680786
F1	Absorbance	500	1.4055999517440796
F2	Absorbance	500	1.3177000284194946
F3	Absorbance	500	1.2352999448776245
F4	Absorbance	500	1.1725000143051147
F5	Absorbance	500	1.0990999937057495
F6	Absorbance	500	1.0055999755859375
F7	Absorbance	500	0.9050999879837036
F8	Absorbance	500	0.8338000178337097
F9	Absorbance	500	0.7250000238418579
F10	Absorbance	500	0.6367999911308289
F11	Absorbance	500	0.5309000015258789
F12	Absorbance	500	0.3215999901294708
G1	Absorbance	500	1.3552000522613525
G2	Absorbance	500	1.2402000427246094
G3	Absorbance	500	1.167099952697754
G4	Absorbance	500	1.1061999797821045
G5	Absorbance	500	1.0328999757766724
G6	Absorbance	500	0.9426000118255615
G7	Absorbance	500	0.8467000126838684
G8	Absorbance	500	0.7578999996185303
G9	Absorbance	500	0.6484000086784363
G10	Absorbance	500	0.5580999851226807
G11	Absorbance	500	0.45190000534057617
G12	Absorbance	500	0.24609999358654022
H1	Absorbance	500	1.2371000051498413
H2	Absorbance	500	1.117900013923645
H3	Absorbance	500	1.0437999963760376
H4	Absorbance	500	1.002500057220459
H5	Absorbance	500	0.9115999937057495
H6	Absorbance	500	0.8109999895095825
H7	Absorbance	500	0.7217000126838684
H8	Absorbance	500	0.6129000186920166
H9	Absorbance	500	0.4855000078678131
H10	Absorbance	500	0.4034000039100647
H11	Absorbance	500	0.2978000044822693
H12	Absorbance	500	0.08789999783039093
A1	Absorbance	510.0	1.4560999870300293
A2	Absorbance	510.0	1.4074000120162964
A3	Absorbance	510.0	1.330899953842163
A4	Absorbance	510.0	1.26010000705719
A5	Absorbance	510.0	1.2020000219345093
A6	Absorbance	510.0	1.1361000537872314
A7	Absorbance	510.0	1.075600028038025
A8	Absorbance	510.0	1.0010000467300415
A9	Absorbance	510.0	0.9266999959945679
A10	Absorbance	510.0	0.8708999752998352
A11	Absorbance	510.0	0.7692000269889832
A12	Absorbance	510.0	0.6150000095367432
B1	Absorbance	510.0	1.4249999523162842
B2	Absorbance	510.0	1.354599952697754
B3	Absorbance	510.0	1.281000018119812
B4	Absorbance	510.0	1.2186000347137451
B5	Absorbance	510.0	1.149399995803833
B6	Absorbance	510.0	1.0852999687194824
B7	Absorbance	510.0	1.0196000337600708
B8	Absorbance	510.0	0.9538000226020813
B9	Absorbance	510.0	0.8575000166893005
B10	Absorbance	510.0	0.7775999903678894
B11	Absorbance	510.0	0.692300021648407
B12	Absorbance	510.0	0.5162000060081482
C1	Absorbance	510.0	1.3898999691009521
C2	Absorbance	510.0	1.316499948501587
C3	Absorbance	510.0	1.2871999740600586
C4	Absorbance	510.0	1.2317999601364136
C5	Absorbance	510.0	1.1832000017166138
C6	Absorbance	510.0	1.0997999906539917
C7	Absorbance	510.0	1.0245000123977661
C8	Absorbance	510.0	0.9690999984741211
C9	Absorbance	510.0	0.8759999871253967
C10	Absorbance	510.0	0.8014000058174133
C11	Absorbance	510.0	0.705299973487854
C12	Absorbance	510.0	0.5188000202178955
D1	Absorbance	510.0	1.3653000593185425
D2	Absorbance	510.0	1.2634999752044678
D3	Absorbance	510.0	1.2218999862670898
D4	Absorbance	510.0	1.1714999675750732
D5	Absorbance	510.0	1.1180000305175781
D6	Absorbance	510.0	1.0654000043869019
D7	Absorbance	510.0	0.9733999967575073
D8	Absorbance	510.0	0.8878999948501587
D9	Absorbance	510.0	0.7824000120162964
D10	Absorbance	510.0	0.6868000030517578
D11	Absorbance	510.0	0.6018999814987183
D12	Absorbance	510.0	0.42320001125335693
E1	Absorbance	510.0	1.2935999631881714
E2	Absorbance	510.0	1.2204999923706055
E3	Absorbance	510.0	1.1545000076293945
E4	Absorbance	510.0	1.103600025177002
E5	Absorbance	510.0	1.045199990272522
E6	Absorbance	510.0	0.9726999998092651
E7	Absorbance	510.0	0.9099000096321106
E8	Absorbance	510.0	0.8154000043869019
E9	Absorbance	510.0	0.732699990272522
E10	Absorbance	510.0	0.6553999781608582
E11	Absorbance	510.0	0.5684000253677368
E12	Absorbance	510.0	0.38580000400543213
F1	Absorbance	510.0	1.2365000247955322
F2	Absorbance	510.0	1.1656999588012695
F3	Absorbance	510.0	1.096500039100647
F4	Absorbance	510.0	1.0448999404907227
F5	Absorbance	510.0	0.9837999939918518
F6	Absorbance	510.0	0.9194999933242798
F7	Absorbance	510.0	0.8191999793052673
F8	Absorbance	510.0	0.769599974155426
F9	Absorbance	510.0	0.6653000116348267
F10	Absorbance	510.0	0.5892000198364258
F11	Absorbance	510.0	0.4973999857902527
F12	Absorbance	510.0	0.3167000114917755
G1	Absorbance	510.0	1.1901999711990356
G2	Absorbance	510.0	1.0951999425888062
G3	Absorbance	510.0	1.051800012588501
G4	Absorbance	510.0	0.9832000136375427
G5	Absorbance	510.0	0.9208999872207642
G6	Absorbance	510.0	0.8447999954223633
G7	Absorbance	510.0	0.762499988079071
G8	Absorbance	510.0	0.685699999332428
G9	Absorbance	510.0	0.5913000106811523
G10	Absorbance	510.0	0.5128999948501587
G11	Absorbance	510.0	0.4253000020980835
G12	Absorbance	510.0	0.24199999868869781
H1	Absorbance	510.0	1.080299973487854
H2	Absorbance	510.0	0.9796000123023987
H3	Absorbance	510.0	0.9354000091552734
H4	Absorbance	510.0	0.8991000056266785
H5	Absorbance	510.0	0.8040000200271606
H6	Absorbance	510.0	0.7174000144004822
H7	Absorbance	510.0	0.6399999856948853
H8	Absorbance	510.0	0.5450999736785889
H9	Absorbance	510.0	0.4345000088214874
H10	Absorbance	510.0	0.36910000443458557
H11	Absorbance	510.0	0.27140000462532043
H12	Absorbance	510.0	0.08760000020265579
A1	Absorbance	520.0	1.3134000301361084
A2	Absorbance	520.0	1.2509000301361084
A3	Absorbance	520.0	1.1858999729156494
A4	Absorbance	520.0	1.131100058555603
A5	Absorbance	520.0	1.1023000478744507
A6	Absorbance	520.0	1.0472999811172485
A7	Absorbance	520.0	0.9829000234603882
A8	Absorbance	520.0	0.9343000054359436
A9	Absorbance	520.0	0.8709999918937683
A10	Absorbance	520.0	0.816100001335144
A11	Absorbance	520.0	0.737500011920929
A12	Absorbance	520.0	0.6043999791145325
B1	Absorbance	520.0	1.278499960899353
B2	Absorbance	520.0	1.2217999696731567
B3	Absorbance	520.0	1.159500002861023
B4	Absorbance	520.0	1.1085000038146973
B5	Absorbance	520.0	1.0500999689102173
B6	Absorbance	520.0	0.9973999857902527
B7	Absorbance	520.0	0.942300021648407
B8	Absorbance	520.0	0.8881000280380249
B9	Absorbance	520.0	0.8047999739646912
B10	Absorbance	520.0	0.7347999811172485
B11	Absorbance	520.0	0.6603000164031982
B12	Absorbance	520.0	0.507099986076355
C1	Absorbance	520.0	1.2193000316619873
C2	Absorbance	520.0	1.1858999729156494
C3	Absorbance	520.0	1.1647000312805176
C4	Absorbance	520.0	1.118399977684021
C5	Absorbance	520.0	1.0598000288009644
C6	Absorbance	520.0	1.0077999830245972
C7	Absorbance	520.0	0.9465000033378601
C8	Absorbance	520.0	0.9017999768257141
C9	Absorbance	520.0	0.8206999897956848
C10	Absorbance	520.0	0.7567999958992004
C11	Absorbance	520.0	0.6730999946594238
C12	Absorbance	520.0	0.5095999836921692
D1	Absorbance	520.0	1.2222000360488892
D2	Absorbance	520.0	1.1347999572753906
D3	Absorbance	520.0	1.1017999649047852
D4	Absorbance	520.0	1.0606000423431396
D5	Absorbance	520.0	1.016700029373169
D6	Absorbance	520.0	0.9574000239372253
D7	Absorbance	520.0	0.8966000080108643
D8	Absorbance	520.0	0.8104000091552734
D9	Absorbance	520.0	0.730400025844574
D10	Absorbance	520.0	0.6456000208854675
D11	Absorbance	520.0	0.5717999935150146
D12	Absorbance	520.0	0.4156000018119812
E1	Absorbance	520.0	1.1526000499725342
E2	Absorbance	520.0	1.0925999879837036
E3	Absorbance	520.0	1.0377000570297241
E4	Absorbance	520.0	0.9958999752998352
E5	Absorbance	520.0	0.9470000267028809
E6	Absorbance	520.0	0.8859999775886536
E7	Absorbance	520.0	0.8195000290870667
E8	Absorbance	520.0	0.7523000240325928
E9	Absorbance	520.0	0.6814000010490417
E10	Absorbance	520.0	0.6139000058174133
E11	Absorbance	520.0	0.5385000109672546
E12	Absorbance	520.0	0.3792000114917755
F1	Absorbance	520.0	1.0978000164031982
F2	Absorbance	520.0	1.0405999422073364
F3	Absorbance	520.0	0.9819999933242798
F4	Absorbance	520.0	0.9390000104904175
F5	Absorbance	520.0	0.8877999782562256
F6	Absorbance	520.0	0.8190000057220459
F7	Absorbance	520.0	0.7470999956130981
F8	Absorbance	520.0	0.694599986076355
F9	Absorbance	520.0	0.6147000193595886
F10	Absorbance	520.0	0.5490999817848206
F11	Absorbance	520.0	0.4690999984741211
F12	Absorbance	520.0	0.3102000057697296
G1	Absorbance	520.0	1.0535000562667847
G2	Absorbance	520.0	0.974399983882904
G3	Absorbance	520.0	0.91839998960495
G4	Absorbance	520.0	0.8794000148773193
G5	Absorbance	520.0	0.8264999985694885
G6	Absorbance	520.0	0.7627000212669373
G7	Absorbance	520.0	0.6917999982833862
G8	Absorbance	520.0	0.6254000067710876
G9	Absorbance	520.0	0.54339998960495
G10	Absorbance	520.0	0.4747999906539917
G11	Absorbance	520.0	0.39340001344680786
G12	Absorbance	520.0	0.23829999566078186
H1	Absorbance	520.0	0.9491000175476074
H2	Absorbance	520.0	0.8633999824523926
H3	Absorbance	520.0	0.8079000115394592
H4	Absorbance	520.0	0.7771999835968018
H5	Absorbance	520.0	0.7129999995231628
H6	Absorbance	520.0	0.6381999850273132
H7	Absorbance	520.0	0.5703999996185303
H8	Absorbance	520.0	0.4878000020980835
H9	Absorbance	520.0	0.39160001277923584
H10	Absorbance	520.0	0.3276999890804291
H11	Absorbance	520.0	0.24899999797344208
H12	Absorbance	520.0	0.0877000018954277
A1	Absorbance	530	1.2275999784469604
A2	Absorbance	530	1.1739000082015991
A3	Absorbance	530	1.1145000457763672
A4	Absorbance	530	1.0657999515533447
A5	Absorbance	530	1.041100025177002
A6	Absorbance	530	0.9926000237464905
A7	Absorbance	530	0.9352999925613403
A8	Absorbance	530	0.8916000127792358
A9	Absorbance	530	0.8342999815940857
A10	Absorbance	530	0.7860000133514404
A11	Absorbance	530	0.7148000001907349
A12	Absorbance	530	0.5942000150680542
B1	Absorbance	530	1.1920000314712524
B2	Absorbance	530	1.1420999765396118
B3	Absorbance	530	1.0857000350952148
B4	Absorbance	530	1.0405999422073364
B5	Absorbance	530	0.9890000224113464
B6	Absorbance	530	0.9422000050544739
B7	Absorbance	530	0.8932999968528748
B8	Absorbance	530	0.84579998254776
B9	Absorbance	530	0.7700999975204468
B10	Absorbance	530	0.7059999704360962
B11	Absorbance	530	0.6377000212669373
B12	Absorbance	530	0.4984000027179718
C1	Absorbance	530	1.1369999647140503
C2	Absorbance	530	1.107200026512146
C3	Absorbance	530	1.089900016784668
C4	Absorbance	530	1.0485999584197998
C5	Absorbance	530	0.9983000159263611
C6	Absorbance	530	0.9506999850273132
C7	Absorbance	530	0.8970999717712402
C8	Absorbance	530	0.8585000038146973
C9	Absorbance	530	0.7846999764442444
C10	Absorbance	530	0.7263000011444092
C11	Absorbance	530	0.6502000093460083
C12	Absorbance	530	0.5005999803543091
D1	Absorbance	530	1.1360000371932983
D2	Absorbance	530	1.0569000244140625
D3	Absorbance	530	1.0282000303268433
D4	Absorbance	530	0.9925000071525574
D5	Absorbance	530	0.9538000226020813
D6	Absorbance	530	0.902899980545044
D7	Absorbance	530	0.8472999930381775
D8	Absorbance	530	0.7695000171661377
D9	Absorbance	530	0.6962000131607056
D10	Absorbance	530	0.617900013923645
D11	Absorbance	530	0.5504000186920166
D12	Absorbance	530	0.4081000089645386
E1	Absorbance	530	1.0674999952316284
E2	Absorbance	530	1.0149999856948853
E3	Absorbance	530	0.9657999873161316
E4	Absorbance	530	0.9293000102043152
E5	Absorbance	530	0.8863999843597412
E6	Absorbance	530	0.8313000202178955
E7	Absorbance	530	0.772599995136261
E8	Absorbance	530	0.7111999988555908
E9	Absorbance	530	0.6474999785423279
E10	Absorbance	530	0.5859000086784363
E11	Absorbance	530	0.517300009727478
E12	Absorbance	530	0.3725999891757965
F1	Absorbance	530	1.013700008392334
F2	Absorbance	530	0.963699996471405
F3	Absorbance	530	0.9110999703407288
F4	Absorbance	530	0.8738999962806702
F5	Absorbance	530	0.8282999992370605
F6	Absorbance	530	0.767300009727478
F7	Absorbance	530	0.7013000249862671
F8	Absorbance	530	0.6546000242233276
F9	Absorbance	530	0.58160001039505
F10	Absorbance	530	0.5220000147819519
F11	Absorbance	530	0.44920000433921814
F12	Absorbance	530	0.30489999055862427
G1	Absorbance	530	0.9710000157356262
G2	Absorbance	530	0.9010000228881836
G3	Absorbance	530	0.8510000109672546
G4	Absorbance	530	0.8155999779701233
G5	Absorbance	530	0.767799973487854
G6	Absorbance	530	0.7106999754905701
G7	Absorbance	530	0.6467999815940857
G8	Absorbance	530	0.5861999988555908
G9	Absorbance	530	0.5117999911308289
G10	Absorbance	530	0.4494999945163727
G11	Absorbance	530	0.3756999969482422
G12	Absorbance	530	0.23469999432563782
H1	Absorbance	530	0.8682000041007996
H2	Absorbance	530	0.7918000221252441
H3	Absorbance	530	0.7432000041007996
H4	Absorbance	530	0.7149999737739563
H5	Absorbance	530	0.6563000082969666
H6	Absorbance	530	0.5879999995231628
H7	Absorbance	530	0.5263000130653381
H8	Absorbance	530	0.4512999951839447
H9	Absorbance	530	0.36340001225471497
H10	Absorbance	530	0.30570000410079956
H11	Absorbance	530	0.23409999907016754
H12	Absorbance	530	0.08739999681711197
A1	Absorbance	540	1.1818000078201294
A2	Absorbance	540	1.1341999769210815
A3	Absorbance	540	1.0764000415802002
A4	Absorbance	540	1.0317000150680542
A5	Absorbance	540	1.0059000253677368
A6	Absorbance	540	0.960099995136261
A7	Absorbance	540	0.9077000021934509
A8	Absorbance	540	0.8648999929428101
A9	Absorbance	540	0.8108999729156494
A10	Absorbance	540	0.7663999795913696
A11	Absorbance	540	0.6976000070571899
A12	Absorbance	540	0.5838000178337097
B1	Absorbance	540	1.1456999778747559
B2	Absorbance	540	1.0986000299453735
B3	Absorbance	540	1.045300006866455
B4	Absorbance	540	1.002500057220459
B5	Absorbance	540	0.9541000127792358
B6	Absorbance	540	0.9100000262260437
B7	Absorbance	540	0.8637999892234802
B8	Absorbance	540	0.8194000124931335
B9	Absorbance	540	0.7475000023841858
B10	Absorbance	540	0.6865000128746033
B11	Absorbance	540	0.6212000250816345
B12	Absorbance	540	0.4896000027656555
C1	Absorbance	540	1.094099998474121
C2	Absorbance	540	1.0642000436782837
C3	Absorbance	540	1.048799991607666
C4	Absorbance	540	1.0099999904632568
C5	Absorbance	540	0.9646000266075134
C6	Absorbance	540	0.9174000024795532
C7	Absorbance	540	0.8675000071525574
C8	Absorbance	540	0.8323000073432922
C9	Absorbance	540	0.7615000009536743
C10	Absorbance	540	0.7056999802589417
C11	Absorbance	540	0.633899986743927
C12	Absorbance	540	0.49149999022483826
D1	Absorbance	540	1.090000033378601
D2	Absorbance	540	1.014799952507019
D3	Absorbance	540	0.9879999756813049
D4	Absorbance	540	0.9545999765396118
D5	Absorbance	540	0.9182999730110168
D6	Absorbance	540	0.8723999857902527
D7	Absorbance	540	0.8180000185966492
D8	Absorbance	540	0.7458999752998352
D9	Absorbance	540	0.6743000149726868
D10	Absorbance	540	0.5992000102996826
D11	Absorbance	540	0.5356000065803528
D12	Absorbance	540	0.40070000290870667
E1	Absorbance	540	1.0220999717712402
E2	Absorbance	540	0.9728000164031982
E3	Absorbance	540	0.9264000058174133
E4	Absorbance	540	0.8920000195503235
E5	Absorbance	540	0.8514999747276306
E6	Absorbance	540	0.7997000217437744
E7	Absorbance	540	0.7462000250816345
E8	Absorbance	540	0.6862999796867371
E9	Absorbance	540	0.6262000203132629
E10	Absorbance	540	0.5674999952316284
E11	Absorbance	540	0.5026999711990356
E12	Absorbance	540	0.3659000098705292
F1	Absorbance	540	0.9689000248908997
F2	Absorbance	540	0.9222000241279602
F3	Absorbance	540	0.8720999956130981
F4	Absorbance	540	0.8373000025749207
F5	Absorbance	540	0.7949000000953674
F6	Absorbance	540	0.7386000156402588
F7	Absorbance	540	0.6743000149726868
F8	Absorbance	540	0.632099986076355
F9	Absorbance	540	0.5612000226974487
F10	Absorbance	540	0.504800021648407
F11	Absorbance	540	0.4357999861240387
F12	Absorbance	540	0.3003000020980835
G1	Absorbance	540	0.9264000058174133
G2	Absorbance	540	0.86080002784729
G3	Absorbance	540	0.8159999847412109
G4	Absorbance	540	0.7797999978065491
G5	Absorbance	540	0.7347999811172485
G6	Absorbance	540	0.6809999942779541
G7	Absorbance	540	0.6208999752998352
G8	Absorbance	540	0.5631999969482422
G9	Absorbance	540	0.4925000071525574
G10	Absorbance	540	0.43369999527931213
G11	Absorbance	540	0.36489999294281006
G12	Absorbance	540	0.23100000619888306
H1	Absorbance	540	0.8248999714851379
H2	Absorbance	540	0.753000020980835
H3	Absorbance	540	0.7093999981880188
H4	Absorbance	540	0.6822999715805054
H5	Absorbance	540	0.6244999766349792
H6	Absorbance	540	0.5602999925613403
H7	Absorbance	540	0.5013999938964844
H8	Absorbance	540	0.4302999973297119
H9	Absorbance	540	0.3472000062465668
H10	Absorbance	540	0.2935999929904938
H11	Absorbance	540	0.22519999742507935
H12	Absorbance	540	0.08720000088214874
A1	Absorbance	550.0	1.1603000164031982
A2	Absorbance	550.0	1.1116000413894653
A3	Absorbance	550.0	1.0547000169754028
A4	Absorbance	550.0	1.0103000402450562
A5	Absorbance	550.0	0.9873999953269958
A6	Absorbance	550.0	0.9427000284194946
A7	Absorbance	550.0	0.8896999955177307
A8	Absorbance	550.0	0.8496999740600586
A9	Absorbance	550.0	0.7968000173568726
A10	Absorbance	550.0	0.7522000074386597
A11	Absorbance	550.0	0.6863999962806702
A12	Absorbance	550.0	0.5752999782562256
B1	Absorbance	550.0	1.1232999563217163
B2	Absorbance	550.0	1.0771000385284424
B3	Absorbance	550.0	1.0247000455856323
B4	Absorbance	550.0	0.9829999804496765
B5	Absorbance	550.0	0.9362999796867371
B6	Absorbance	550.0	0.8925999999046326
B7	Absorbance	550.0	0.8475000262260437
B8	Absorbance	550.0	0.8044999837875366
B9	Absorbance	550.0	0.7340999841690063
B10	Absorbance	550.0	0.6743999719619751
B11	Absorbance	550.0	0.6104000210762024
B12	Absorbance	550.0	0.4823000133037567
C1	Absorbance	550.0	1.070099949836731
C2	Absorbance	550.0	1.0439000129699707
C3	Absorbance	550.0	1.02839994430542
C4	Absorbance	550.0	0.9907000064849854
C5	Absorbance	550.0	0.9444000124931335
C6	Absorbance	550.0	0.8998000025749207
C7	Absorbance	550.0	0.8511000275611877
C8	Absorbance	550.0	0.8169999718666077
C9	Absorbance	550.0	0.7473999857902527
C10	Absorbance	550.0	0.6933000087738037
C11	Absorbance	550.0	0.6230999827384949
C12	Absorbance	550.0	0.48410001397132874
D1	Absorbance	550.0	1.0678999423980713
D2	Absorbance	550.0	0.9937000274658203
D3	Absorbance	550.0	0.9678999781608582
D4	Absorbance	550.0	0.9352999925613403
D5	Absorbance	550.0	0.8999000191688538
D6	Absorbance	550.0	0.8535000085830688
D7	Absorbance	550.0	0.8016999959945679
D8	Absorbance	550.0	0.7301999926567078
D9	Absorbance	550.0	0.6614000201225281
D10	Absorbance	550.0	0.588100016117096
D11	Absorbance	550.0	0.5256999731063843
D12	Absorbance	550.0	0.39469999074935913
E1	Absorbance	550.0	1.0
E2	Absorbance	550.0	0.9520000219345093
E3	Absorbance	550.0	0.9068999886512756
E4	Absorbance	550.0	0.8730000257492065
E5	Absorbance	550.0	0.8335000276565552
E6	Absorbance	550.0	0.7831000089645386
E7	Absorbance	550.0	0.7293000221252441
E8	Absorbance	550.0	0.6722999811172485
E9	Absorbance	550.0	0.6137999892234802
E10	Absorbance	550.0	0.5562999844551086
E11	Absorbance	550.0	0.49320000410079956
E12	Absorbance	550.0	0.3605000078678131
F1	Absorbance	550.0	0.9473000168800354
F2	Absorbance	550.0	0.9014000296592712
F3	Absorbance	550.0	0.8522999882698059
F4	Absorbance	550.0	0.8188999891281128
F5	Absorbance	550.0	0.7771999835968018
F6	Absorbance	550.0	0.7210000157356262
F7	Absorbance	550.0	0.6596999764442444
F8	Absorbance	550.0	0.6176000237464905
F9	Absorbance	550.0	0.5491999983787537
F10	Absorbance	550.0	0.49459999799728394
F11	Absorbance	550.0	0.42739999294281006
F12	Absorbance	550.0	0.2955999970436096
G1	Absorbance	550.0	0.9047999978065491
G2	Absorbance	550.0	0.8406000137329102
G3	Absorbance	550.0	0.795799970626831
G4	Absorbance	550.0	0.7617999911308289
G5	Absorbance	550.0	0.7178000211715698
G6	Absorbance	550.0	0.6653000116348267
G7	Absorbance	550.0	0.6068999767303467
G8	Absorbance	550.0	0.5503000020980835
G9	Absorbance	550.0	0.4814999997615814
G10	Absorbance	550.0	0.4244000017642975
G11	Absorbance	550.0	0.35690000653266907
G12	Absorbance	550.0	0.2280000001192093
H1	Absorbance	550.0	0.8037999868392944
H2	Absorbance	550.0	0.7339000105857849
H3	Absorbance	550.0	0.6902999877929688
H4	Absorbance	550.0	0.6632999777793884
H5	Absorbance	550.0	0.6087999939918518
H6	Absorbance	550.0	0.5461999773979187
H7	Absorbance	550.0	0.48890000581741333
H8	Absorbance	550.0	0.4194999933242798
H9	Absorbance	550.0	0.3384999930858612
H10	Absorbance	550.0	0.2858999967575073
H11	Absorbance	550.0	0.22040000557899475
H12	Absorbance	550.0	0.08709999918937683
A1	Absorbance	560.0	1.1416000127792358
A2	Absorbance	560.0	1.0942000150680542
A3	Absorbance	560.0	1.0378999710083008
A4	Absorbance	560.0	0.9937999844551086
A5	Absorbance	560.0	0.9702000021934509
A6	Absorbance	560.0	0.9258000254631042
A7	Absorbance	560.0	0.8741000294685364
A8	Absorbance	560.0	0.8345000147819519
A9	Absorbance	560.0	0.7818999886512756
A10	Absorbance	560.0	0.7387999892234802
A11	Absorbance	560.0	0.6736000180244446
A12	Absorbance	560.0	0.5647000074386597
B1	Absorbance	560.0	1.1051000356674194
B2	Absorbance	560.0	1.0591000318527222
B3	Absorbance	560.0	1.007200002670288
B4	Absorbance	560.0	0.9663000106811523
B5	Absorbance	560.0	0.9194999933242798
B6	Absorbance	560.0	0.8766000270843506
B7	Absorbance	560.0	0.8317999839782715
B8	Absorbance	560.0	0.7892000079154968
B9	Absorbance	560.0	0.7199000120162964
B10	Absorbance	560.0	0.6614000201225281
B11	Absorbance	560.0	0.5982000231742859
B12	Absorbance	560.0	0.47350001335144043
C1	Absorbance	560.0	1.052899956703186
C2	Absorbance	560.0	1.0255000591278076
C3	Absorbance	560.0	1.0108000040054321
C4	Absorbance	560.0	0.9731000065803528
C5	Absorbance	560.0	0.9284999966621399
C6	Absorbance	560.0	0.8833000063896179
C7	Absorbance	560.0	0.835099995136261
C8	Absorbance	560.0	0.8021000027656555
C9	Absorbance	560.0	0.7335000038146973
C10	Absorbance	560.0	0.6800000071525574
C11	Absorbance	560.0	0.6110000014305115
C12	Absorbance	560.0	0.4754999876022339
D1	Absorbance	560.0	1.0490000247955322
D2	Absorbance	560.0	0.9757000207901001
D3	Absorbance	560.0	0.9496999979019165
D4	Absorbance	560.0	0.9180999994277954
D5	Absorbance	560.0	0.8833000063896179
D6	Absorbance	560.0	0.8382999897003174
D7	Absorbance	560.0	0.7860000133514404
D8	Absorbance	560.0	0.71670001745224
D9	Absorbance	560.0	0.6482999920845032
D10	Absorbance	560.0	0.576200008392334
D11	Absorbance	560.0	0.5152999758720398
D12	Absorbance	560.0	0.38749998807907104
E1	Absorbance	560.0	0.9818000197410583
E2	Absorbance	560.0	0.9343000054359436
E3	Absorbance	560.0	0.88919997215271
E4	Absorbance	560.0	0.85589998960495
E5	Absorbance	560.0	0.8176000118255615
E6	Absorbance	560.0	0.7675999999046326
E7	Absorbance	560.0	0.7156999707221985
E8	Absorbance	560.0	0.6586999893188477
E9	Absorbance	560.0	0.6011999845504761
E10	Absorbance	560.0	0.5450999736785889
E11	Absorbance	560.0	0.4830999970436096
E12	Absorbance	560.0	0.3540000021457672
F1	Absorbance	560.0	0.9293000102043152
F2	Absorbance	560.0	0.8840000033378601
F3	Absorbance	560.0	0.8355000019073486
F4	Absorbance	560.0	0.8026000261306763
F5	Absorbance	560.0	0.7615000009536743
F6	Absorbance	560.0	0.7069000005722046
F7	Absorbance	560.0	0.6460999846458435
F8	Absorbance	560.0	0.6053000092506409
F9	Absorbance	560.0	0.5378999710083008
F10	Absorbance	560.0	0.48420000076293945
F11	Absorbance	560.0	0.4185999929904938
F12	Absorbance	560.0	0.290800005197525
G1	Absorbance	560.0	0.8867999911308289
G2	Absorbance	560.0	0.8237000107765198
G3	Absorbance	560.0	0.7806000113487244
G4	Absorbance	560.0	0.7458999752998352
G5	Absorbance	560.0	0.7028999924659729
G6	Absorbance	560.0	0.651199996471405
G7	Absorbance	560.0	0.5946000218391418
G8	Absorbance	560.0	0.5385000109672546
G9	Absorbance	560.0	0.47130000591278076
G10	Absorbance	560.0	0.4156999886035919
G11	Absorbance	560.0	0.3499999940395355
G12	Absorbance	560.0	0.22450000047683716
H1	Absorbance	560.0	0.7865999937057495
H2	Absorbance	560.0	0.7179999947547913
H3	Absorbance	560.0	0.6758999824523926
H4	Absorbance	560.0	0.6496999859809875
H5	Absorbance	560.0	0.5950999855995178
H6	Absorbance	560.0	0.5342000126838684
H7	Absorbance	560.0	0.4779999852180481
H8	Absorbance	560.0	0.41019999980926514
H9	Absorbance	560.0	0.3312000036239624
H10	Absorbance	560.0	0.2802000045776367
H11	Absorbance	560.0	0.21649999916553497
H12	Absorbance	560.0	0.08669999986886978
A1	Absorbance	570	1.1449999809265137
A2	Absorbance	570	1.0956000089645386
A3	Absorbance	570	1.0384000539779663
A4	Absorbance	570	0.9927999973297119
A5	Absorbance	570	0.9677000045776367
A6	Absorbance	570	0.9222999811172485
A7	Absorbance	570	0.8697999715805054
A8	Absorbance	570	0.829200029373169
A9	Absorbance	570	0.7752000093460083
A10	Absorbance	570	0.7312999963760376
A11	Absorbance	570	0.6653000116348267
A12	Absorbance	570	0.5555999875068665
B1	Absorbance	570	1.108299970626831
B2	Absorbance	570	1.0614999532699585
B3	Absorbance	570	1.0078999996185303
B4	Absorbance	570	0.9656000137329102
B5	Absorbance	570	0.917900025844574
B6	Absorbance	570	0.8733000159263611
B7	Absorbance	570	0.8274999856948853
B8	Absorbance	570	0.7838000059127808
B9	Absorbance	570	0.7135999798774719
B10	Absorbance	570	0.654699981212616
B11	Absorbance	570	0.5909000039100647
B12	Absorbance	570	0.4657000005245209
C1	Absorbance	570	1.0561000108718872
C2	Absorbance	570	1.027400016784668
C3	Absorbance	570	1.0118000507354736
C4	Absorbance	570	0.9728999733924866
C5	Absorbance	570	0.9265999794006348
C6	Absorbance	570	0.8806999921798706
C7	Absorbance	570	0.8306999802589417
C8	Absorbance	570	0.7968000173568726
C9	Absorbance	570	0.7275999784469604
C10	Absorbance	570	0.6730999946594238
C11	Absorbance	570	0.6033999919891357
C12	Absorbance	570	0.4674000144004822
D1	Absorbance	570	1.0528000593185425
D2	Absorbance	570	0.9775000214576721
D3	Absorbance	570	0.9502999782562256
D4	Absorbance	570	0.9174000024795532
D5	Absorbance	570	0.881600022315979
D6	Absorbance	570	0.8359000086784363
D7	Absorbance	570	0.7821999788284302
D8	Absorbance	570	0.7121000289916992
D9	Absorbance	570	0.6430000066757202
D10	Absorbance	570	0.5705999732017517
D11	Absorbance	570	0.5091999769210815
D12	Absorbance	570	0.38109999895095825
E1	Absorbance	570	0.9854000210762024
E2	Absorbance	570	0.9365000128746033
E3	Absorbance	570	0.8902000188827515
E4	Absorbance	570	0.8554999828338623
E5	Absorbance	570	0.8165000081062317
E6	Absorbance	570	0.7652999758720398
E7	Absorbance	570	0.7128000259399414
E8	Absorbance	570	0.654699981212616
E9	Absorbance	570	0.5965999960899353
E10	Absorbance	570	0.539900004863739
E11	Absorbance	570	0.47769999504089355
E12	Absorbance	570	0.3483000099658966
F1	Absorbance	570	0.9327999949455261
F2	Absorbance	570	0.885699987411499
F3	Absorbance	570	0.8370000123977661
F4	Absorbance	570	0.8026999831199646
F5	Absorbance	570	0.7608000040054321
F6	Absorbance	570	0.7050999999046326
F7	Absorbance	570	0.6438000202178955
F8	Absorbance	570	0.6022999882698059
F9	Absorbance	570	0.5343999862670898
F10	Absorbance	570	0.47999998927116394
F11	Absorbance	570	0.4142000079154968
F12	Absorbance	570	0.28630000352859497
G1	Absorbance	570	0.8902999758720398
G2	Absorbance	570	0.8260999917984009
G3	Absorbance	570	0.7822999954223633
G4	Absorbance	570	0.7465000152587891
G5	Absorbance	570	0.7026000022888184
G6	Absorbance	570	0.6499000191688538
G7	Absorbance	570	0.5927000045776367
G8	Absorbance	570	0.5360999703407288
G9	Absorbance	570	0.4684999883174896
G10	Absorbance	570	0.41290000081062317
G11	Absorbance	570	0.34689998626708984
G12	Absorbance	570	0.2214999943971634
H1	Absorbance	570	0.7907999753952026
H2	Absorbance	570	0.7204999923706055
H3	Absorbance	570	0.6779000163078308
H4	Absorbance	570	0.6510999798774719
H5	Absorbance	570	0.5963000059127808
H6	Absorbance	570	0.5346999764442444
H7	Absorbance	570	0.47850000858306885
H8	Absorbance	570	0.4099999964237213
H9	Absorbance	570	0.3310000002384186
H10	Absorbance	570	0.2799000144004822
H11	Absorbance	570	0.21610000729560852
H12	Absorbance	570	0.0869000032544136
A1	Absorbance	580.0	1.155900001525879
A2	Absorbance	580.0	1.1052000522613525
A3	Absorbance	580.0	1.0454000234603882
A4	Absorbance	580.0	0.998199999332428
A5	Absorbance	580.0	0.9713000059127808
A6	Absorbance	580.0	0.9244999885559082
A7	Absorbance	580.0	0.8702999949455261
A8	Absorbance	580.0	0.8278999924659729
A9	Absorbance	580.0	0.7724000215530396
A10	Absorbance	580.0	0.7269999980926514
A11	Absorbance	580.0	0.659600019454956
A12	Absorbance	580.0	0.5472999811172485
B1	Absorbance	580.0	1.1196000576019287
B2	Absorbance	580.0	1.0707999467849731
B3	Absorbance	580.0	1.0157999992370605
B4	Absorbance	580.0	0.972000002861023
B5	Absorbance	580.0	0.9221000075340271
B6	Absorbance	580.0	0.8758000135421753
B7	Absorbance	580.0	0.8285999894142151
B8	Absorbance	580.0	0.7827000021934509
B9	Absorbance	580.0	0.7107999920845032
B10	Absorbance	580.0	0.6510999798774719
B11	Absorbance	580.0	0.5863000154495239
B12	Absorbance	580.0	0.45840001106262207
C1	Absorbance	580.0	1.0677000284194946
C2	Absorbance	580.0	1.0369999408721924
C3	Absorbance	580.0	1.0196000337600708
C4	Absorbance	580.0	0.9794999957084656
C5	Absorbance	580.0	0.9316999912261963
C6	Absorbance	580.0	0.8837000131607056
C7	Absorbance	580.0	0.8313000202178955
C8	Absorbance	580.0	0.7962999939918518
C9	Absorbance	580.0	0.725600004196167
C10	Absorbance	580.0	0.6699000000953674
C11	Absorbance	580.0	0.5982999801635742
C12	Absorbance	580.0	0.4603999853134155
D1	Absorbance	580.0	1.0634000301361084
D2	Absorbance	580.0	0.9866999983787537
D3	Absorbance	580.0	0.9581999778747559
D4	Absorbance	580.0	0.9240999817848206
D5	Absorbance	580.0	0.8866000175476074
D6	Absorbance	580.0	0.8388000130653381
D7	Absorbance	580.0	0.7835999727249146
D8	Absorbance	580.0	0.7121000289916992
D9	Absorbance	580.0	0.6413999795913696
D10	Absorbance	580.0	0.5680999755859375
D11	Absorbance	580.0	0.5055999755859375
D12	Absorbance	580.0	0.37540000677108765
E1	Absorbance	580.0	0.9968000054359436
E2	Absorbance	580.0	0.9456999897956848
E3	Absorbance	580.0	0.8978999853134155
E4	Absorbance	580.0	0.8621000051498413
E5	Absorbance	580.0	0.821399986743927
E6	Absorbance	580.0	0.7687000036239624
E7	Absorbance	580.0	0.7142999768257141
E8	Absorbance	580.0	0.6549999713897705
E9	Absorbance	580.0	0.595300018787384
E10	Absorbance	580.0	0.5379999876022339
E11	Absorbance	580.0	0.47429999709129333
E12	Absorbance	580.0	0.34310001134872437
F1	Absorbance	580.0	0.9441999793052673
F2	Absorbance	580.0	0.8952999711036682
F3	Absorbance	580.0	0.8450000286102295
F4	Absorbance	580.0	0.809499979019165
F5	Absorbance	580.0	0.7660999894142151
F6	Absorbance	580.0	0.7087000012397766
F7	Absorbance	580.0	0.6460000276565552
F8	Absorbance	580.0	0.6032999753952026
F9	Absorbance	580.0	0.5343000292778015
F10	Absorbance	580.0	0.4788999855518341
F11	Absorbance	580.0	0.41190001368522644
F12	Absorbance	580.0	0.28209999203681946
G1	Absorbance	580.0	0.9020000100135803
G2	Absorbance	580.0	0.8355000019073486
G3	Absorbance	580.0	0.7907000184059143
G4	Absorbance	580.0	0.7537000179290771
G5	Absorbance	580.0	0.7081000208854675
G6	Absorbance	580.0	0.6542999744415283
G7	Absorbance	580.0	0.5957000255584717
G8	Absorbance	580.0	0.5379999876022339
G9	Absorbance	580.0	0.4690000116825104
G10	Absorbance	580.0	0.41290000081062317
G11	Absorbance	580.0	0.3456000089645386
G12	Absorbance	580.0	0.2184000015258789
H1	Absorbance	580.0	0.8032000064849854
H2	Absorbance	580.0	0.7311000227928162
H3	Absorbance	580.0	0.6866999864578247
H4	Absorbance	580.0	0.6599000096321106
H5	Absorbance	580.0	0.6035000085830688
H6	Absorbance	580.0	0.5407000184059143
H7	Absorbance	580.0	0.4837000072002411
H8	Absorbance	580.0	0.4138999879360199
H9	Absorbance	580.0	0.3336000144481659
H10	Absorbance	580.0	0.28200000524520874
H11	Absorbance	580.0	0.21719999611377716
H12	Absorbance	580.0	0.08669999986886978
A1	Absorbance	590.0	1.1660000085830688
A2	Absorbance	590.0	1.1131000518798828
A3	Absorbance	590.0	1.0511000156402588
A4	Absorbance	590.0	1.0018999576568604
A5	Absorbance	590.0	0.9735000133514404
A6	Absorbance	590.0	0.9247999787330627
A7	Absorbance	590.0	0.8690000176429749
A8	Absorbance	590.0	0.8248999714851379
A9	Absorbance	590.0	0.7678999900817871
A10	Absorbance	590.0	0.7215999960899353
A11	Absorbance	590.0	0.6524999737739563
A12	Absorbance	590.0	0.5374000072479248
B1	Absorbance	590.0	1.1298999786376953
B2	Absorbance	590.0	1.0789999961853027
B3	Absorbance	590.0	1.0226000547409058
B4	Absorbance	590.0	0.9761000275611877
B5	Absorbance	590.0	0.9247999787330627
B6	Absorbance	590.0	0.8773000240325928
B7	Absorbance	590.0	0.8281000256538391
B8	Absorbance	590.0	0.7803000211715698
B9	Absorbance	590.0	0.7067000269889832
B10	Absorbance	590.0	0.6462000012397766
B11	Absorbance	590.0	0.5802000164985657
B12	Absorbance	590.0	0.450300008058548
C1	Absorbance	590.0	1.0776000022888184
C2	Absorbance	590.0	1.0448999404907227
C3	Absorbance	590.0	1.0260000228881836
C4	Absorbance	590.0	0.9846000075340271
C5	Absorbance	590.0	0.9351999759674072
C6	Absorbance	590.0	0.8855999708175659
C7	Absorbance	590.0	0.8306000232696533
C8	Absorbance	590.0	0.7932999730110168
C9	Absorbance	590.0	0.722100019454956
C10	Absorbance	590.0	0.6653000116348267
C11	Absorbance	590.0	0.59170001745224
C12	Absorbance	590.0	0.4519999921321869
D1	Absorbance	590.0	1.0743000507354736
D2	Absorbance	590.0	0.9948999881744385
D3	Absorbance	590.0	0.9645000100135803
D4	Absorbance	590.0	0.929099977016449
D5	Absorbance	590.0	0.8903999924659729
D6	Absorbance	590.0	0.8409000039100647
D7	Absorbance	590.0	0.7836999893188477
D8	Absorbance	590.0	0.7103999853134155
D9	Absorbance	590.0	0.6385999917984009
D10	Absorbance	590.0	0.564300000667572
D11	Absorbance	590.0	0.5005999803543091
D12	Absorbance	590.0	0.36880001425743103
E1	Absorbance	590.0	1.0073000192642212
E2	Absorbance	590.0	0.9544000029563904
E3	Absorbance	590.0	0.9049000144004822
E4	Absorbance	590.0	0.867900013923645
E5	Absorbance	590.0	0.8252000212669373
E6	Absorbance	590.0	0.7717000246047974
E7	Absorbance	590.0	0.715399980545044
E8	Absorbance	590.0	0.6543999910354614
E9	Absorbance	590.0	0.5935999751091003
E10	Absorbance	590.0	0.535099983215332
E11	Absorbance	590.0	0.4699999988079071
E12	Absorbance	590.0	0.33709999918937683
F1	Absorbance	590.0	0.9552000164985657
F2	Absorbance	590.0	0.9045000076293945
F3	Absorbance	590.0	0.852400004863739
F4	Absorbance	590.0	0.815500020980835
F5	Absorbance	590.0	0.7702999711036682
F6	Absorbance	590.0	0.711899995803833
F7	Absorbance	590.0	0.6480000019073486
F8	Absorbance	590.0	0.6036999821662903
F9	Absorbance	590.0	0.5338000059127808
F10	Absorbance	590.0	0.4772000014781952
F11	Absorbance	590.0	0.40880000591278076
F12	Absorbance	590.0	0.2775999903678894
G1	Absorbance	590.0	0.9135000109672546
G2	Absorbance	590.0	0.8450000286102295
G3	Absorbance	590.0	0.79830002784729
G4	Absorbance	590.0	0.7605000138282776
G5	Absorbance	590.0	0.7138000130653381
G6	Absorbance	590.0	0.65829998254776
G7	Absorbance	590.0	0.5982000231742859
G8	Absorbance	590.0	0.5394999980926514
G9	Absorbance	590.0	0.4693000018596649
G10	Absorbance	590.0	0.4124000072479248
G11	Absorbance	590.0	0.3440999984741211
G12	Absorbance	590.0	0.21529999375343323
H1	Absorbance	590.0	0.8156999945640564
H2	Absorbance	590.0	0.7412999868392944
H3	Absorbance	590.0	0.6955999732017517
H4	Absorbance	590.0	0.6687999963760376
H5	Absorbance	590.0	0.6111999750137329
H6	Absorbance	590.0	0.546999990940094
H7	Absorbance	590.0	0.48919999599456787
H8	Absorbance	590.0	0.4178999960422516
H9	Absorbance	590.0	0.3370000123977661
H10	Absorbance	590.0	0.2842999994754791
H11	Absorbance	590.0	0.21870000660419464
H12	Absorbance	590.0	0.08659999817609787
A1	Absorbance	600.0	1.170199990272522
A2	Absorbance	600.0	1.1154999732971191
A3	Absorbance	600.0	1.0530999898910522
A4	Absorbance	600.0	1.0023000240325928
A5	Absorbance	600.0	0.972599983215332
A6	Absorbance	600.0	0.9232000112533569
A7	Absorbance	600.0	0.8661999702453613
A8	Absorbance	600.0	0.8208000063896179
A9	Absorbance	600.0	0.7626000046730042
A10	Absorbance	600.0	0.715499997138977
A11	Absorbance	600.0	0.6450999975204468
A12	Absorbance	600.0	0.5285000205039978
B1	Absorbance	600.0	1.1354000568389893
B2	Absorbance	600.0	1.082200050354004
B3	Absorbance	600.0	1.0247000455856323
B4	Absorbance	600.0	0.9772999882698059
B5	Absorbance	600.0	0.9248999953269958
B6	Absorbance	600.0	0.8759999871253967
B7	Absorbance	600.0	0.8256999850273132
B8	Absorbance	600.0	0.7767999768257141
B9	Absorbance	600.0	0.7017999887466431
B10	Absorbance	600.0	0.640500009059906
B11	Absorbance	600.0	0.5742999911308289
B12	Absorbance	600.0	0.44279998540878296
C1	Absorbance	600.0	1.0824999809265137
C2	Absorbance	600.0	1.0484000444412231
C3	Absorbance	600.0	1.02839994430542
C4	Absorbance	600.0	0.9860000014305115
C5	Absorbance	600.0	0.9355000257492065
C6	Absorbance	600.0	0.8847000002861023
C7	Absorbance	600.0	0.8282999992370605
C8	Absorbance	600.0	0.7900000214576721
C9	Absorbance	600.0	0.7174999713897705
C10	Absorbance	600.0	0.6597999930381775
C11	Absorbance	600.0	0.585099995136261
C12	Absorbance	600.0	0.4447999894618988
D1	Absorbance	600.0	1.0788999795913696
D2	Absorbance	600.0	0.9983999729156494
D3	Absorbance	600.0	0.9670000076293945
D4	Absorbance	600.0	0.9309999942779541
D5	Absorbance	600.0	0.8907999992370605
D6	Absorbance	600.0	0.8403000235557556
D7	Absorbance	600.0	0.7821999788284302
D8	Absorbance	600.0	0.7073000073432922
D9	Absorbance	600.0	0.6348000168800354
D10	Absorbance	600.0	0.5601999759674072
D11	Absorbance	600.0	0.49549999833106995
D12	Absorbance	600.0	0.3628000020980835
E1	Absorbance	600.0	1.0128999948501587
E2	Absorbance	600.0	0.9581000208854675
E3	Absorbance	600.0	0.9079999923706055
E4	Absorbance	600.0	0.8698999881744385
E5	Absorbance	600.0	0.82669997215271
E6	Absorbance	600.0	0.7717999815940857
E7	Absorbance	600.0	0.7142000198364258
E8	Absorbance	600.0	0.6524999737739563
E9	Absorbance	600.0	0.5906000137329102
E10	Absorbance	600.0	0.5315999984741211
E11	Absorbance	600.0	0.46560001373291016
E12	Absorbance	600.0	0.33180001378059387
F1	Absorbance	600.0	0.9610999822616577
F2	Absorbance	600.0	0.9088000059127808
F3	Absorbance	600.0	0.8561000227928162
F4	Absorbance	600.0	0.8184000253677368
F5	Absorbance	600.0	0.7720999717712402
F6	Absorbance	600.0	0.7127000093460083
F7	Absorbance	600.0	0.6478000283241272
F8	Absorbance	600.0	0.6026999950408936
F9	Absorbance	600.0	0.5317000150680542
F10	Absorbance	600.0	0.47450000047683716
F11	Absorbance	600.0	0.40560001134872437
F12	Absorbance	600.0	0.2732999920845032
G1	Absorbance	600.0	0.9200000166893005
G2	Absorbance	600.0	0.849399983882904
G3	Absorbance	600.0	0.8023999929428101
G4	Absorbance	600.0	0.7638999819755554
G5	Absorbance	600.0	0.7163000106811523
G6	Absorbance	600.0	0.660099983215332
G7	Absorbance	600.0	0.5986999869346619
G8	Absorbance	600.0	0.5396000146865845
G9	Absorbance	600.0	0.4684000015258789
G10	Absorbance	600.0	0.41110000014305115
G11	Absorbance	600.0	0.34209999442100525
G12	Absorbance	600.0	0.21240000426769257
H1	Absorbance	600.0	0.8235999941825867
H2	Absorbance	600.0	0.7473999857902527
H3	Absorbance	600.0	0.7014999985694885
H4	Absorbance	600.0	0.6739000082015991
H5	Absorbance	600.0	0.6158999800682068
H6	Absorbance	600.0	0.5508000254631042
H7	Absorbance	600.0	0.49219998717308044
H8	Absorbance	600.0	0.4203000068664551
H9	Absorbance	600.0	0.3386000096797943
H10	Absorbance	600.0	0.28540000319480896
H11	Absorbance	600.0	0.21950000524520874
H12	Absorbance	600.0	0.08669999986886978
A1	Absorbance	610.0	1.1749999523162842
A2	Absorbance	610.0	1.118899941444397
A3	Absorbance	610.0	1.0550999641418457
A4	Absorbance	610.0	1.0025999546051025
A5	Absorbance	610.0	0.972100019454956
A6	Absorbance	610.0	0.9211000204086304
A7	Absorbance	610.0	0.8637999892234802
A8	Absorbance	610.0	0.8166000247001648
A9	Absorbance	610.0	0.7570000290870667
A10	Absorbance	610.0	0.7091000080108643
A11	Absorbance	610.0	0.6377000212669373
A12	Absorbance	610.0	0.519599974155426
B1	Absorbance	610.0	1.1403000354766846
B2	Absorbance	610.0	1.0853999853134155
B3	Absorbance	610.0	1.0270999670028687
B4	Absorbance	610.0	0.9787999987602234
B5	Absorbance	610.0	0.9241999983787537
B6	Absorbance	610.0	0.8748000264167786
B7	Absorbance	610.0	0.8228999972343445
B8	Absorbance	610.0	0.7730000019073486
B9	Absorbance	610.0	0.6970999836921692
B10	Absorbance	610.0	0.6348999738693237
B11	Absorbance	610.0	0.5680999755859375
B12	Absorbance	610.0	0.43479999899864197
C1	Absorbance	610.0	1.0877000093460083
C2	Absorbance	610.0	1.052299976348877
C3	Absorbance	610.0	1.0312999486923218
C4	Absorbance	610.0	0.9876999855041504
C5	Absorbance	610.0	0.9361000061035156
C6	Absorbance	610.0	0.8841000199317932
C7	Absorbance	610.0	0.8256999850273132
C8	Absorbance	610.0	0.7860999703407288
C9	Absorbance	610.0	0.7127000093460083
C10	Absorbance	610.0	0.6539999842643738
C11	Absorbance	610.0	0.5785999894142151
C12	Absorbance	610.0	0.43689998984336853
D1	Absorbance	610.0	1.0839999914169312
D2	Absorbance	610.0	1.002500057220459
D3	Absorbance	610.0	0.9696999788284302
D4	Absorbance	610.0	0.9325000047683716
D5	Absorbance	610.0	0.8913999795913696
D6	Absorbance	610.0	0.8395000100135803
D7	Absorbance	610.0	0.7803000211715698
D8	Absorbance	610.0	0.7041000127792358
D9	Absorbance	610.0	0.6309999823570251
D10	Absorbance	610.0	0.5559999942779541
D11	Absorbance	610.0	0.490200012922287
D12	Absorbance	610.0	0.35659998655319214
E1	Absorbance	610.0	1.0192999839782715
E2	Absorbance	610.0	0.9624999761581421
E3	Absorbance	610.0	0.9114000201225281
E4	Absorbance	610.0	0.8719000220298767
E5	Absorbance	610.0	0.8277999758720398
E6	Absorbance	610.0	0.7717999815940857
E7	Absorbance	610.0	0.7129999995231628
E8	Absorbance	610.0	0.6504999995231628
E9	Absorbance	610.0	0.5877000093460083
E10	Absorbance	610.0	0.527999997138977
E11	Absorbance	610.0	0.460999995470047
E12	Absorbance	610.0	0.3260999917984009
F1	Absorbance	610.0	0.9674000144004822
F2	Absorbance	610.0	0.9136999845504761
F3	Absorbance	610.0	0.8597999811172485
F4	Absorbance	610.0	0.8208000063896179
F5	Absorbance	610.0	0.7736999988555908
F6	Absorbance	610.0	0.7135000228881836
F7	Absorbance	610.0	0.6474000215530396
F8	Absorbance	610.0	0.6017000079154968
F9	Absorbance	610.0	0.5299000144004822
F10	Absorbance	610.0	0.47209998965263367
F11	Absorbance	610.0	0.40230000019073486
F12	Absorbance	610.0	0.2687000036239624
G1	Absorbance	610.0	0.9269999861717224
G2	Absorbance	610.0	0.8549000024795532
G3	Absorbance	610.0	0.8059999942779541
G4	Absorbance	610.0	0.7670999765396118
G5	Absorbance	610.0	0.7190999984741211
G6	Absorbance	610.0	0.6621999740600586
G7	Absorbance	610.0	0.5989999771118164
G8	Absorbance	610.0	0.5397999882698059
G9	Absorbance	610.0	0.4672999978065491
G10	Absorbance	610.0	0.40959998965263367
G11	Absorbance	610.0	0.3400000035762787
G12	Absorbance	610.0	0.20919999480247498
H1	Absorbance	610.0	0.8319000005722046
H2	Absorbance	610.0	0.7538999915122986
H3	Absorbance	610.0	0.7075999975204468
H4	Absorbance	610.0	0.6794999837875366
H5	Absorbance	610.0	0.6208000183105469
H6	Absorbance	610.0	0.5546000003814697
H7	Absorbance	610.0	0.49559998512268066
H8	Absorbance	610.0	0.4228000044822693
H9	Absorbance	610.0	0.3400000035762787
H10	Absorbance	610.0	0.2865000069141388
H11	Absorbance	610.0	0.22010000050067902
H12	Absorbance	610.0	0.08619999885559082
A1	Absorbance	620.0	1.1822999715805054
A2	Absorbance	620.0	1.1246000528335571
A3	Absorbance	620.0	1.0591000318527222
A4	Absorbance	620.0	1.0056999921798706
A5	Absorbance	620.0	0.9736999869346619
A6	Absorbance	620.0	0.9218000173568726
A7	Absorbance	620.0	0.8626999855041504
A8	Absorbance	620.0	0.8144999742507935
A9	Absorbance	620.0	0.753600001335144
A10	Absorbance	620.0	0.7045999765396118
A11	Absorbance	620.0	0.6322000026702881
A12	Absorbance	620.0	0.5117999911308289
B1	Absorbance	620.0	1.1490000486373901
B2	Absorbance	620.0	1.0924999713897705
B3	Absorbance	620.0	1.0324000120162964
B4	Absorbance	620.0	0.9825000166893005
B5	Absorbance	620.0	0.9265999794006348
B6	Absorbance	620.0	0.8761000037193298
B7	Absorbance	620.0	0.8224999904632568
B8	Absorbance	620.0	0.7712000012397766
B9	Absorbance	620.0	0.6940000057220459
B10	Absorbance	620.0	0.6309000253677368
B11	Absorbance	620.0	0.5634999871253967
B12	Absorbance	620.0	0.42829999327659607
C1	Absorbance	620.0	1.0954999923706055
C2	Absorbance	620.0	1.0582000017166138
C3	Absorbance	620.0	1.0367000102996826
C4	Absorbance	620.0	0.9918000102043152
C5	Absorbance	620.0	0.9390000104904175
C6	Absorbance	620.0	0.8855999708175659
C7	Absorbance	620.0	0.8253999948501587
C8	Absorbance	620.0	0.7843999862670898
C9	Absorbance	620.0	0.7095999717712402
C10	Absorbance	620.0	0.6502000093460083
C11	Absorbance	620.0	0.5735999941825867
C12	Absorbance	620.0	0.430400013923645
D1	Absorbance	620.0	1.0922000408172607
D2	Absorbance	620.0	1.0090999603271484
D3	Absorbance	620.0	0.9757000207901001
D4	Absorbance	620.0	0.9372000098228455
D5	Absorbance	620.0	0.8948000073432922
D6	Absorbance	620.0	0.8411999940872192
D7	Absorbance	620.0	0.7806000113487244
D8	Absorbance	620.0	0.7031999826431274
D9	Absorbance	620.0	0.6287999749183655
D10	Absorbance	620.0	0.5530999898910522
D11	Absorbance	620.0	0.48660001158714294
D12	Absorbance	620.0	0.3513999879360199
E1	Absorbance	620.0	1.0277999639511108
E2	Absorbance	620.0	0.9696000218391418
E3	Absorbance	620.0	0.9168999791145325
E4	Absorbance	620.0	0.8763999938964844
E5	Absorbance	620.0	0.8312000036239624
E6	Absorbance	620.0	0.7739999890327454
E7	Absorbance	620.0	0.7141000032424927
E8	Absorbance	620.0	0.6504999995231628
E9	Absorbance	620.0	0.5861999988555908
E10	Absorbance	620.0	0.526199996471405
E11	Absorbance	620.0	0.4578999876976013
E12	Absorbance	620.0	0.3212999999523163
F1	Absorbance	620.0	0.9760000109672546
F2	Absorbance	620.0	0.9210000038146973
F3	Absorbance	620.0	0.8661999702453613
F4	Absorbance	620.0	0.8258000016212463
F5	Absorbance	620.0	0.7777000069618225
F6	Absorbance	620.0	0.7164000272750854
F7	Absorbance	620.0	0.6492000222206116
F8	Absorbance	620.0	0.6025000214576721
F9	Absorbance	620.0	0.529699981212616
F10	Absorbance	620.0	0.47099998593330383
F11	Absorbance	620.0	0.4000000059604645
F12	Absorbance	620.0	0.2648000121116638
G1	Absorbance	620.0	0.9362000226974487
G2	Absorbance	620.0	0.8622999787330627
G3	Absorbance	620.0	0.8123999834060669
G4	Absorbance	620.0	0.7728999853134155
G5	Absorbance	620.0	0.7240999937057495
G6	Absorbance	620.0	0.6658999919891357
G7	Absorbance	620.0	0.6013000011444092
G8	Absorbance	620.0	0.5418000221252441
G9	Absorbance	620.0	0.4677000045776367
G10	Absorbance	620.0	0.40950000286102295
G11	Absorbance	620.0	0.33880001306533813
G12	Absorbance	620.0	0.20630000531673431
H1	Absorbance	620.0	0.842199981212616
H2	Absorbance	620.0	0.7627000212669373
H3	Absorbance	620.0	0.7160000205039978
H4	Absorbance	620.0	0.6870999932289124
H5	Absorbance	620.0	0.6274999976158142
H6	Absorbance	620.0	0.5601999759674072
H7	Absorbance	620.0	0.5001999735832214
H8	Absorbance	620.0	0.42649999260902405
H9	Absorbance	620.0	0.3427000045776367
H10	Absorbance	620.0	0.28859999775886536
H11	Absorbance	620.0	0.22130000591278076
H12	Absorbance	620.0	0.08590000122785568
A1	Absorbance	630.0	1.176900029182434
A2	Absorbance	630.0	1.1193000078201294
A3	Absorbance	630.0	1.0537999868392944
A4	Absorbance	630.0	0.9994999766349792
A5	Absorbance	630.0	0.9667999744415283
A6	Absorbance	630.0	0.9144999980926514
A7	Absorbance	630.0	0.8557000160217285
A8	Absorbance	630.0	0.8061000108718872
A9	Absorbance	630.0	0.7451000213623047
A10	Absorbance	630.0	0.6962000131607056
A11	Absorbance	630.0	0.6233000159263611
A12	Absorbance	630.0	0.503000020980835
B1	Absorbance	630.0	1.1437000036239624
B2	Absorbance	630.0	1.0871000289916992
B3	Absorbance	630.0	1.0269999504089355
B4	Absorbance	630.0	0.9761000275611877
B5	Absorbance	630.0	0.9197999835014343
B6	Absorbance	630.0	0.8687999844551086
B7	Absorbance	630.0	0.8151999711990356
B8	Absorbance	630.0	0.763700008392334
B9	Absorbance	630.0	0.6865000128746033
B10	Absorbance	630.0	0.6230999827384949
B11	Absorbance	630.0	0.5559999942779541
B12	Absorbance	630.0	0.4205999970436096
C1	Absorbance	630.0	1.0915000438690186
C2	Absorbance	630.0	1.0535000562667847
C3	Absorbance	630.0	1.0312000513076782
C4	Absorbance	630.0	0.9861999750137329
C5	Absorbance	630.0	0.9327999949455261
C6	Absorbance	630.0	0.8787999749183655
C7	Absorbance	630.0	0.8184999823570251
C8	Absorbance	630.0	0.7768999934196472
C9	Absorbance	630.0	0.7014999985694885
C10	Absorbance	630.0	0.6424999833106995
C11	Absorbance	630.0	0.5656999945640564
C12	Absorbance	630.0	0.4226999878883362
D1	Absorbance	630.0	1.0878000259399414
D2	Absorbance	630.0	1.0045000314712524
D3	Absorbance	630.0	0.9706000089645386
D4	Absorbance	630.0	0.9319999814033508
D5	Absorbance	630.0	0.8889999985694885
D6	Absorbance	630.0	0.8348000049591064
D7	Absorbance	630.0	0.7745000123977661
D8	Absorbance	630.0	0.696399986743927
D9	Absorbance	630.0	0.6220999956130981
D10	Absorbance	630.0	0.546500027179718
D11	Absorbance	630.0	0.47999998927116394
D12	Absorbance	630.0	0.34540000557899475
E1	Absorbance	630.0	1.0245000123977661
E2	Absorbance	630.0	0.9650999903678894
E3	Absorbance	630.0	0.9126999974250793
E4	Absorbance	630.0	0.871999979019165
E5	Absorbance	630.0	0.8259999752044678
E6	Absorbance	630.0	0.7688999772071838
E7	Absorbance	630.0	0.7081000208854675
E8	Absorbance	630.0	0.6445000171661377
E9	Absorbance	630.0	0.5800999999046326
E10	Absorbance	630.0	0.5202000141143799
E11	Absorbance	630.0	0.45179998874664307
E12	Absorbance	630.0	0.3158999979496002
F1	Absorbance	630.0	0.9729999899864197
F2	Absorbance	630.0	0.9175000190734863
F3	Absorbance	630.0	0.8618999719619751
F4	Absorbance	630.0	0.8216000199317932
F5	Absorbance	630.0	0.7734000086784363
F6	Absorbance	630.0	0.7117999792098999
F7	Absorbance	630.0	0.6442000269889832
F8	Absorbance	630.0	0.5978000164031982
F9	Absorbance	630.0	0.5249000191688538
F10	Absorbance	630.0	0.46619999408721924
F11	Absorbance	630.0	0.3953000009059906
F12	Absorbance	630.0	0.26030001044273376
G1	Absorbance	630.0	0.9340000152587891
G2	Absorbance	630.0	0.859499990940094
G3	Absorbance	630.0	0.8090999722480774
G4	Absorbance	630.0	0.7692999839782715
G5	Absorbance	630.0	0.7207000255584717
G6	Absorbance	630.0	0.6620000004768372
G7	Absorbance	630.0	0.597100019454956
G8	Absorbance	630.0	0.5379999876022339
G9	Absorbance	630.0	0.4634000062942505
G10	Absorbance	630.0	0.40560001134872437
G11	Absorbance	630.0	0.335099995136261
G12	Absorbance	630.0	0.20309999585151672
H1	Absorbance	630.0	0.8413000106811523
H2	Absorbance	630.0	0.7610999941825867
H3	Absorbance	630.0	0.7146999835968018
H4	Absorbance	630.0	0.685699999332428
H5	Absorbance	630.0	0.6261000037193298
H6	Absorbance	630.0	0.5583999752998352
H7	Absorbance	630.0	0.4982999861240387
H8	Absorbance	630.0	0.42480000853538513
H9	Absorbance	630.0	0.34130001068115234
H10	Absorbance	630.0	0.2874000072479248
H11	Absorbance	630.0	0.22020000219345093
H12	Absorbance	630.0	0.08540000021457672
A1	Absorbance	640.0	1.1959999799728394
A2	Absorbance	640.0	1.13510000705719
A3	Absorbance	640.0	1.0669000148773193
A4	Absorbance	640.0	1.0096999406814575
A5	Absorbance	640.0	0.9754999876022339
A6	Absorbance	640.0	0.9210000038146973
A7	Absorbance	640.0	0.859499990940094
A8	Absorbance	640.0	0.807699978351593
A9	Absorbance	640.0	0.7444000244140625
A10	Absorbance	640.0	0.6937999725341797
A11	Absorbance	640.0	0.6187999844551086
A12	Absorbance	640.0	0.4948999881744385
B1	Absorbance	640.0	1.163599967956543
B2	Absorbance	640.0	1.1038000583648682
B3	Absorbance	640.0	1.0407999753952026
B4	Absorbance	640.0	0.9876000285148621
B5	Absorbance	640.0	0.9287999868392944
B6	Absorbance	640.0	0.8752999901771545
B7	Absorbance	640.0	0.8194000124931335
B8	Absorbance	640.0	0.7656999826431274
B9	Absorbance	640.0	0.6861000061035156
B10	Absorbance	640.0	0.6212000250816345
B11	Absorbance	640.0	0.5525000095367432
B12	Absorbance	640.0	0.41359999775886536
C1	Absorbance	640.0	1.1103999614715576
C2	Absorbance	640.0	1.0693000555038452
C3	Absorbance	640.0	1.0448999404907227
C4	Absorbance	640.0	0.9983000159263611
C5	Absorbance	640.0	0.942300021648407
C6	Absorbance	640.0	0.8860999941825867
C7	Absorbance	640.0	0.8223999738693237
C8	Absorbance	640.0	0.7791000008583069
C9	Absorbance	640.0	0.7010999917984009
C10	Absorbance	640.0	0.6407999992370605
C11	Absorbance	640.0	0.5619999766349792
C12	Absorbance	640.0	0.41589999198913574
D1	Absorbance	640.0	1.1066999435424805
D2	Absorbance	640.0	1.0200999975204468
D3	Absorbance	640.0	0.984000027179718
D4	Absorbance	640.0	0.9438999891281128
D5	Absorbance	640.0	0.8985999822616577
D6	Absorbance	640.0	0.8424999713897705
D7	Absorbance	640.0	0.7793999910354614
D8	Absorbance	640.0	0.6988999843597412
D9	Absorbance	640.0	0.6223999857902527
D10	Absorbance	640.0	0.5454000234603882
D11	Absorbance	640.0	0.4772000014781952
D12	Absorbance	640.0	0.33980000019073486
E1	Absorbance	640.0	1.0427000522613525
E2	Absorbance	640.0	0.9807000160217285
E3	Absorbance	640.0	0.9259999990463257
E4	Absorbance	640.0	0.8833000063896179
E5	Absorbance	640.0	0.8356000185012817
E6	Absorbance	640.0	0.7763000130653381
E7	Absorbance	640.0	0.713100016117096
E8	Absorbance	640.0	0.6474999785423279
E9	Absorbance	640.0	0.5813999772071838
E10	Absorbance	640.0	0.5199000239372253
E11	Absorbance	640.0	0.44999998807907104
E12	Absorbance	640.0	0.3109000027179718
F1	Absorbance	640.0	0.9916999936103821
F2	Absorbance	640.0	0.9332000017166138
F3	Absorbance	640.0	0.8755999803543091
F4	Absorbance	640.0	0.8331999778747559
F5	Absorbance	640.0	0.7832000255584717
F6	Absorbance	640.0	0.7192999720573425
F7	Absorbance	640.0	0.6496000289916992
F8	Absorbance	640.0	0.6014999747276306
F9	Absorbance	640.0	0.5268999934196472
F10	Absorbance	640.0	0.4668000042438507
F11	Absorbance	640.0	0.39419999718666077
F12	Absorbance	640.0	0.2563999891281128
G1	Absorbance	640.0	0.9527999758720398
G2	Absorbance	640.0	0.8748000264167786
G3	Absorbance	640.0	0.8222000002861023
G4	Absorbance	640.0	0.7813000082969666
G5	Absorbance	640.0	0.7311999797821045
G6	Absorbance	640.0	0.6704000234603882
G7	Absorbance	640.0	0.6029999852180481
G8	Absorbance	640.0	0.5425999760627747
G9	Absorbance	640.0	0.4659999907016754
G10	Absorbance	640.0	0.40709999203681946
G11	Absorbance	640.0	0.335099995136261
G12	Absorbance	640.0	0.20029999315738678
H1	Absorbance	640.0	0.859499990940094
H2	Absorbance	640.0	0.7771000266075134
H3	Absorbance	640.0	0.7289999723434448
H4	Absorbance	640.0	0.6987000107765198
H5	Absorbance	640.0	0.637499988079071
H6	Absorbance	640.0	0.567799985408783
H7	Absorbance	640.0	0.5062000155448914
H8	Absorbance	640.0	0.43130001425743103
H9	Absorbance	640.0	0.3458000123500824
H10	Absorbance	640.0	0.29109999537467957
H11	Absorbance	640.0	0.2224999964237213
H12	Absorbance	640.0	0.0851999968290329
A1	Absorbance	650.0	1.3055000305175781
A2	Absorbance	650.0	1.2325999736785889
A3	Absorbance	650.0	1.1563999652862549
A4	Absorbance	650.0	1.0886000394821167
A5	Absorbance	650.0	1.0464999675750732
A6	Absorbance	650.0	0.9821000099182129
A7	Absorbance	650.0	0.9108999967575073
A8	Absorbance	650.0	0.8501999974250793
A9	Absorbance	650.0	0.7767999768257141
A10	Absorbance	650.0	0.7171000242233276
A11	Absorbance	650.0	0.6302000284194946
A12	Absorbance	650.0	0.48750001192092896
B1	Absorbance	650.0	1.2756999731063843
B2	Absorbance	650.0	1.2045999765396118
B3	Absorbance	650.0	1.131500005722046
B4	Absorbance	650.0	1.0693999528884888
B5	Absorbance	650.0	1.0006999969482422
B6	Absorbance	650.0	0.9369999766349792
B7	Absorbance	650.0	0.8723999857902527
B8	Absorbance	650.0	0.8079000115394592
B9	Absorbance	650.0	0.7178000211715698
B10	Absorbance	650.0	0.64410001039505
B11	Absorbance	650.0	0.5662999749183655
B12	Absorbance	650.0	0.4074999988079071
C1	Absorbance	650.0	1.2201999425888062
C2	Absorbance	650.0	1.169700026512146
C3	Absorbance	650.0	1.1373000144958496
C4	Absorbance	650.0	1.0827000141143799
C5	Absorbance	650.0	1.0169999599456787
C6	Absorbance	650.0	0.9513999819755554
C7	Absorbance	650.0	0.8754000067710876
C8	Absorbance	650.0	0.8230000138282776
C9	Absorbance	650.0	0.7339000105857849
C10	Absorbance	650.0	0.6646999716758728
C11	Absorbance	650.0	0.5756999850273132
C12	Absorbance	650.0	0.40939998626708984
D1	Absorbance	650.0	1.218000054359436
D2	Absorbance	650.0	1.1195000410079956
D3	Absorbance	650.0	1.0751999616622925
D4	Absorbance	650.0	1.026900053024292
D5	Absorbance	650.0	0.9735000133514404
D6	Absorbance	650.0	0.9070000052452087
D7	Absorbance	650.0	0.8338000178337097
D8	Absorbance	650.0	0.7427999973297119
D9	Absorbance	650.0	0.6549000144004822
D10	Absorbance	650.0	0.5692999958992004
D11	Absorbance	650.0	0.4918999969959259
D12	Absorbance	650.0	0.33469998836517334
E1	Absorbance	650.0	1.1543999910354614
E2	Absorbance	650.0	1.0800000429153442
E3	Absorbance	650.0	1.0163999795913696
E4	Absorbance	650.0	0.9661999940872192
E5	Absorbance	650.0	0.910099983215332
E6	Absorbance	650.0	0.8409000039100647
E7	Absorbance	650.0	0.7677000164985657
E8	Absorbance	650.0	0.6919000148773193
E9	Absorbance	650.0	0.6151999831199646
E10	Absorbance	650.0	0.5454999804496765
E11	Absorbance	650.0	0.46540001034736633
E12	Absorbance	650.0	0.30640000104904175
F1	Absorbance	650.0	1.1023999452590942
F2	Absorbance	650.0	1.0328999757766724
F3	Absorbance	650.0	0.9660000205039978
F4	Absorbance	650.0	0.9157999753952026
F5	Absorbance	650.0	0.857699990272522
F6	Absorbance	650.0	0.7833999991416931
F7	Absorbance	650.0	0.7027999758720398
F8	Absorbance	650.0	0.647599995136261
F9	Absorbance	650.0	0.5622000098228455
F10	Absorbance	650.0	0.4934999942779541
F11	Absorbance	650.0	0.4104999899864197
F12	Absorbance	650.0	0.25270000100135803
G1	Absorbance	650.0	1.0641000270843506
G2	Absorbance	650.0	0.972599983215332
G3	Absorbance	650.0	0.9114999771118164
G4	Absorbance	650.0	0.8640000224113464
G5	Absorbance	650.0	0.8061000108718872
G6	Absorbance	650.0	0.7354000210762024
G7	Absorbance	650.0	0.6581000089645386
G8	Absorbance	650.0	0.5895000100135803
G9	Absorbance	650.0	0.5015000104904175
G10	Absorbance	650.0	0.4343000054359436
G11	Absorbance	650.0	0.3522000014781952
G12	Absorbance	650.0	0.19769999384880066
H1	Absorbance	650.0	0.9704999923706055
H2	Absorbance	650.0	0.875
H3	Absorbance	650.0	0.8194000124931335
H4	Absorbance	650.0	0.784600019454956
H5	Absorbance	650.0	0.7145000100135803
H6	Absorbance	650.0	0.6351000070571899
H7	Absorbance	650.0	0.5651000142097473
H8	Absorbance	650.0	0.4803999960422516
H9	Absorbance	650.0	0.38269999623298645
H10	Absorbance	650.0	0.3203999996185303
H11	Absorbance	650.0	0.241799995303154
H12	Absorbance	650.0	0.08510000258684158
A1	Absorbance	660.0	1.3646999597549438
A2	Absorbance	660.0	1.2892999649047852
A3	Absorbance	660.0	1.2036999464035034
A4	Absorbance	660.0	1.1304999589920044
A5	Absorbance	660.0	1.082800030708313
A6	Absorbance	660.0	1.0139000415802002
A7	Absorbance	660.0	0.9368000030517578
A8	Absorbance	660.0	0.8709999918937683
A9	Absorbance	660.0	0.7914999723434448
A10	Absorbance	660.0	0.727400004863739
A11	Absorbance	660.0	0.6324999928474426
A12	Absorbance	660.0	0.47940000891685486
B1	Absorbance	660.0	1.3365000486373901
B2	Absorbance	660.0	1.2592999935150146
B3	Absorbance	660.0	1.1847000122070312
B4	Absorbance	660.0	1.1131999492645264
B5	Absorbance	660.0	1.038599967956543
B6	Absorbance	660.0	0.972599983215332
B7	Absorbance	660.0	0.9016000032424927
B8	Absorbance	660.0	0.8288999795913696
B9	Absorbance	660.0	0.732699990272522
B10	Absorbance	660.0	0.65420001745224
B11	Absorbance	660.0	0.5709999799728394
B12	Absorbance	660.0	0.4002000093460083
C1	Absorbance	660.0	1.2813999652862549
C2	Absorbance	660.0	1.2283999919891357
C3	Absorbance	660.0	1.190999984741211
C4	Absorbance	660.0	1.1275999546051025
C5	Absorbance	660.0	1.0607000589370728
C6	Absorbance	660.0	0.9860000014305115
C7	Absorbance	660.0	0.902999997138977
C8	Absorbance	660.0	0.8446999788284302
C9	Absorbance	660.0	0.7493000030517578
C10	Absorbance	660.0	0.6751999855041504
C11	Absorbance	660.0	0.5806999802589417
C12	Absorbance	660.0	0.40220001339912415
D1	Absorbance	660.0	1.2788000106811523
D2	Absorbance	660.0	1.1742000579833984
D3	Absorbance	660.0	1.1247999668121338
D4	Absorbance	660.0	1.0722999572753906
D5	Absorbance	660.0	1.0139000415802002
D6	Absorbance	660.0	0.9419000148773193
D7	Absorbance	660.0	0.8628000020980835
D8	Absorbance	660.0	0.7653999924659729
D9	Absorbance	660.0	0.671500027179718
D10	Absorbance	660.0	0.5805000066757202
D11	Absorbance	660.0	0.4984999895095825
D12	Absorbance	660.0	0.32850000262260437
E1	Absorbance	660.0	1.215999960899353
E2	Absorbance	660.0	1.1360000371932983
E3	Absorbance	660.0	1.06659996509552
E4	Absorbance	660.0	1.0154999494552612
E5	Absorbance	660.0	0.9509000182151794
E6	Absorbance	660.0	0.876800000667572
E7	Absorbance	660.0	0.7975999712944031
E8	Absorbance	660.0	0.7156999707221985
E9	Absorbance	660.0	0.6330999732017517
E10	Absorbance	660.0	0.5580999851226807
E11	Absorbance	660.0	0.47200000286102295
E12	Absorbance	660.0	0.3009999990463257
F1	Absorbance	660.0	1.1663000583648682
F2	Absorbance	660.0	1.089400053024292
F3	Absorbance	660.0	1.017199993133545
F4	Absorbance	660.0	0.9624999761581421
F5	Absorbance	660.0	0.899399995803833
F6	Absorbance	660.0	0.8190000057220459
F7	Absorbance	660.0	0.7354000210762024
F8	Absorbance	660.0	0.6730999946594238
F9	Absorbance	660.0	0.5813999772071838
F10	Absorbance	660.0	0.5073999762535095
F11	Absorbance	660.0	0.41909998655319214
F12	Absorbance	660.0	0.24869999289512634
G1	Absorbance	660.0	1.128999948501587
G2	Absorbance	660.0	1.0293999910354614
G3	Absorbance	660.0	0.9634000062942505
G4	Absorbance	660.0	0.9151999950408936
G5	Absorbance	660.0	0.8490999937057495
G6	Absorbance	660.0	0.772599995136261
G7	Absorbance	660.0	0.6901000142097473
G8	Absorbance	660.0	0.6159999966621399
G9	Absorbance	660.0	0.5231000185012817
G10	Absorbance	660.0	0.44929999113082886
G11	Absorbance	660.0	0.361299991607666
G12	Absorbance	660.0	0.19470000267028809
H1	Absorbance	660.0	1.0371999740600586
H2	Absorbance	660.0	0.9343000054359436
H3	Absorbance	660.0	0.8744999766349792
H4	Absorbance	660.0	0.8371000289916992
H5	Absorbance	660.0	0.7616000175476074
H6	Absorbance	660.0	0.6765000224113464
H7	Absorbance	660.0	0.6011000275611877
H8	Absorbance	660.0	0.5101000070571899
H9	Absorbance	660.0	0.40529999136924744
H10	Absorbance	660.0	0.3382999897003174
H11	Absorbance	660.0	0.2535000145435333
H12	Absorbance	660.0	0.08489999920129776
A1	Absorbance	670.0	1.4972000122070312
A2	Absorbance	670.0	1.4052000045776367
A3	Absorbance	670.0	1.3148000240325928
A4	Absorbance	670.0	1.228700041770935
A5	Absorbance	670.0	1.1719000339508057
A6	Absorbance	670.0	1.0918999910354614
A7	Absorbance	670.0	1.0032000541687012
A8	Absorbance	670.0	0.9258000254631042
A9	Absorbance	670.0	0.8348000049591064
A10	Absorbance	670.0	0.7580999732017517
A11	Absorbance	670.0	0.6491000056266785
A12	Absorbance	670.0	0.47189998626708984
B1	Absorbance	670.0	1.4742000102996826
B2	Absorbance	670.0	1.3844000101089478
B3	Absorbance	670.0	1.2934999465942383
B4	Absorbance	670.0	1.215399980545044
B5	Absorbance	670.0	1.1297999620437622
B6	Absorbance	670.0	1.048699975013733
B7	Absorbance	670.0	0.9672999978065491
B8	Absorbance	670.0	0.8840000033378601
B9	Absorbance	670.0	0.7749999761581421
B10	Absorbance	670.0	0.6858000159263611
B11	Absorbance	670.0	0.5906000137329102
B12	Absorbance	670.0	0.3937999904155731
C1	Absorbance	670.0	1.4172999858856201
C2	Absorbance	670.0	1.344099998474121
C3	Absorbance	670.0	1.301800012588501
C4	Absorbance	670.0	1.2330000400543213
C5	Absorbance	670.0	1.1523000001907349
C6	Absorbance	670.0	1.070199966430664
C7	Absorbance	670.0	0.9713000059127808
C8	Absorbance	670.0	0.9021000266075134
C9	Absorbance	670.0	0.79339998960495
C10	Absorbance	670.0	0.7080000042915344
C11	Absorbance	670.0	0.5996000170707703
C12	Absorbance	670.0	0.39570000767707825
D1	Absorbance	670.0	1.4175000190734863
D2	Absorbance	670.0	1.2979999780654907
D3	Absorbance	670.0	1.239400029182434
D4	Absorbance	670.0	1.177899956703186
D5	Absorbance	670.0	1.1093000173568726
D6	Absorbance	670.0	1.024999976158142
D7	Absorbance	670.0	0.9334999918937683
D8	Absorbance	670.0	0.8238000273704529
D9	Absorbance	670.0	0.7156999707221985
D10	Absorbance	670.0	0.613099992275238
D11	Absorbance	670.0	0.5188000202178955
D12	Absorbance	670.0	0.3237999975681305
E1	Absorbance	670.0	1.3555999994277954
E2	Absorbance	670.0	1.260200023651123
E3	Absorbance	670.0	1.1805000305175781
E4	Absorbance	670.0	1.1180000305175781
E5	Absorbance	670.0	1.0467000007629395
E6	Absorbance	670.0	0.9610999822616577
E7	Absorbance	670.0	0.8691999912261963
E8	Absorbance	670.0	0.7746000289916992
E9	Absorbance	670.0	0.6786999702453613
E10	Absorbance	670.0	0.5932999849319458
E11	Absorbance	670.0	0.4936999976634979
E12	Absorbance	670.0	0.29649999737739563
F1	Absorbance	670.0	1.305899977684021
F2	Absorbance	670.0	1.2145999670028687
F3	Absorbance	670.0	1.1323000192642212
F4	Absorbance	670.0	1.0688999891281128
F5	Absorbance	670.0	0.9955999851226807
F6	Absorbance	670.0	0.902999997138977
F7	Absorbance	670.0	0.8037999868392944
F8	Absorbance	670.0	0.7346000075340271
F9	Absorbance	670.0	0.6294999718666077
F10	Absorbance	670.0	0.5437999963760376
F11	Absorbance	670.0	0.44130000472068787
F12	Absorbance	670.0	0.2451999932527542
G1	Absorbance	670.0	1.2705999612808228
G2	Absorbance	670.0	1.1541999578475952
G3	Absorbance	670.0	1.0782999992370605
G4	Absorbance	670.0	1.0190000534057617
G5	Absorbance	670.0	0.9466999769210815
G6	Absorbance	670.0	0.8579000234603882
G7	Absorbance	670.0	0.7635999917984009
G8	Absorbance	670.0	0.679099977016449
G9	Absorbance	670.0	0.5701000094413757
G10	Absorbance	670.0	0.4867999851703644
G11	Absorbance	670.0	0.38519999384880066
G12	Absorbance	670.0	0.19220000505447388
H1	Absorbance	670.0	1.1811000108718872
H2	Absorbance	670.0	1.0635000467300415
H3	Absorbance	670.0	0.9926999807357788
H4	Absorbance	670.0	0.9506999850273132
H5	Absorbance	670.0	0.8633000254631042
H6	Absorbance	670.0	0.766700029373169
H7	Absorbance	670.0	0.680400013923645
H8	Absorbance	670.0	0.5766000151634216
H9	Absorbance	670.0	0.45559999346733093
H10	Absorbance	670.0	0.3783999979496002
H11	Absorbance	670.0	0.2797999978065491
H12	Absorbance	670.0	0.08470000326633453
A1	Absorbance	680.0	1.5497000217437744
A2	Absorbance	680.0	1.4502999782562256
A3	Absorbance	680.0	1.3579000234603882
A4	Absorbance	680.0	1.267699956893921
A5	Absorbance	680.0	1.207200050354004
A6	Absorbance	680.0	1.1229000091552734
A7	Absorbance	680.0	1.0290000438690186
A8	Absorbance	680.0	0.947700023651123
A9	Absorbance	680.0	0.8513000011444092
A10	Absorbance	680.0	0.7685999870300293
A11	Absorbance	680.0	0.652400016784668
A12	Absorbance	680.0	0.46399998664855957
B1	Absorbance	680.0	1.5281000137329102
B2	Absorbance	680.0	1.4349000453948975
B3	Absorbance	680.0	1.3384000062942505
B4	Absorbance	680.0	1.257699966430664
B5	Absorbance	680.0	1.1677000522613525
B6	Absorbance	680.0	1.0814000368118286
B7	Absorbance	680.0	0.9958000183105469
B8	Absorbance	680.0	0.906499981880188
B9	Absorbance	680.0	0.7915999889373779
B10	Absorbance	680.0	0.6974999904632568
B11	Absorbance	680.0	0.5965999960899353
B12	Absorbance	680.0	0.3871000111103058
C1	Absorbance	680.0	1.473099946975708
C2	Absorbance	680.0	1.3984999656677246
C3	Absorbance	680.0	1.3473999500274658
C4	Absorbance	680.0	1.2764999866485596
C5	Absorbance	680.0	1.1912000179290771
C6	Absorbance	680.0	1.1053999662399292
C7	Absorbance	680.0	0.9995999932289124
C8	Absorbance	680.0	0.9257000088691711
C9	Absorbance	680.0	0.8108000159263611
C10	Absorbance	680.0	0.7200999855995178
C11	Absorbance	680.0	0.6053000092506409
C12	Absorbance	680.0	0.38920000195503235
D1	Absorbance	680.0	1.4754999876022339
D2	Absorbance	680.0	1.351199984550476
D3	Absorbance	680.0	1.2884000539779663
D4	Absorbance	680.0	1.2233999967575073
D5	Absorbance	680.0	1.1509000062942505
D6	Absorbance	680.0	1.0615999698638916
D7	Absorbance	680.0	0.964900016784668
D8	Absorbance	680.0	0.848800003528595
D9	Absorbance	680.0	0.7347999811172485
D10	Absorbance	680.0	0.6265000104904175
D11	Absorbance	680.0	0.5264000296592712
D12	Absorbance	680.0	0.3181999921798706
E1	Absorbance	680.0	1.4168000221252441
E2	Absorbance	680.0	1.3164000511169434
E3	Absorbance	680.0	1.2312999963760376
E4	Absorbance	680.0	1.1650999784469604
E5	Absorbance	680.0	1.0901999473571777
E6	Absorbance	680.0	0.9994999766349792
E7	Absorbance	680.0	0.9023000001907349
E8	Absorbance	680.0	0.8015000224113464
E9	Absorbance	680.0	0.6991999745368958
E10	Absorbance	680.0	0.6083999872207642
E11	Absorbance	680.0	0.5020999908447266
E12	Absorbance	680.0	0.29159998893737793
F1	Absorbance	680.0	1.3695000410079956
F2	Absorbance	680.0	1.2736999988555908
F3	Absorbance	680.0	1.1854000091552734
F4	Absorbance	680.0	1.118299961090088
F5	Absorbance	680.0	1.0413000583648682
F6	Absorbance	680.0	0.942300021648407
F7	Absorbance	680.0	0.836899995803833
F8	Absorbance	680.0	0.763700008392334
F9	Absorbance	680.0	0.6520000100135803
F10	Absorbance	680.0	0.5605999827384949
F11	Absorbance	680.0	0.4505999982357025
F12	Absorbance	680.0	0.24120000004768372
G1	Absorbance	680.0	1.3361999988555908
G2	Absorbance	680.0	1.2137999534606934
G3	Absorbance	680.0	1.1337000131607056
G4	Absorbance	680.0	1.0707000494003296
G5	Absorbance	680.0	0.9940000176429749
G6	Absorbance	680.0	0.9002000093460083
G7	Absorbance	680.0	0.8008000254631042
G8	Absorbance	680.0	0.7099999785423279
G9	Absorbance	680.0	0.5942000150680542
G10	Absorbance	680.0	0.5048999786376953
G11	Absorbance	680.0	0.39579999446868896
G12	Absorbance	680.0	0.18940000236034393
H1	Absorbance	680.0	1.2537000179290771
H2	Absorbance	680.0	1.1298999786376953
H3	Absorbance	680.0	1.054900050163269
H4	Absorbance	680.0	1.010200023651123
H5	Absorbance	680.0	0.9176999926567078
H6	Absorbance	680.0	0.8148000240325928
H7	Absorbance	680.0	0.7233999967575073
H8	Absorbance	680.0	0.6122000217437744
H9	Absorbance	680.0	0.4828999936580658
H10	Absorbance	680.0	0.4000000059604645
H11	Absorbance	680.0	0.29409998655319214
H12	Absorbance	680.0	0.08449999988079071
A1	Absorbance	690.0	1.3140000104904175
A2	Absorbance	690.0	1.2545000314712524
A3	Absorbance	690.0	1.1660000085830688
A4	Absorbance	690.0	1.0978000164031982
A5	Absorbance	690.0	1.0539000034332275
A6	Absorbance	690.0	0.9879999756813049
A7	Absorbance	690.0	0.9136000275611877
A8	Absorbance	690.0	0.8501999974250793
A9	Absorbance	690.0	0.7723000049591064
A10	Absorbance	690.0	0.7091000080108643
A11	Absorbance	690.0	0.611299991607666
A12	Absorbance	690.0	0.45719999074935913
B1	Absorbance	690.0	1.291599988937378
B2	Absorbance	690.0	1.2213000059127808
B3	Absorbance	690.0	1.156599998474121
B4	Absorbance	690.0	1.0845999717712402
B5	Absorbance	690.0	1.0156999826431274
B6	Absorbance	690.0	0.9559999704360962
B7	Absorbance	690.0	0.8877999782562256
B8	Absorbance	690.0	0.8098000288009644
B9	Absorbance	690.0	0.7161999940872192
B10	Absorbance	690.0	0.6381000280380249
B11	Absorbance	690.0	0.5544999837875366
B12	Absorbance	690.0	0.3815000057220459
C1	Absorbance	690.0	1.243299961090088
C2	Absorbance	690.0	1.2010999917984009
C3	Absorbance	690.0	1.1639000177383423
C4	Absorbance	690.0	1.0989999771118164
C5	Absorbance	690.0	1.0413999557495117
C6	Absorbance	690.0	0.9656999707221985
C7	Absorbance	690.0	0.8848999738693237
C8	Absorbance	690.0	0.82669997215271
C9	Absorbance	690.0	0.732699990272522
C10	Absorbance	690.0	0.6578999757766724
C11	Absorbance	690.0	0.5663999915122986
C12	Absorbance	690.0	0.3833000063896179
D1	Absorbance	690.0	1.2419999837875366
D2	Absorbance	690.0	1.1461999416351318
D3	Absorbance	690.0	1.100000023841858
D4	Absorbance	690.0	1.0507999658584595
D5	Absorbance	690.0	0.9948999881744385
D6	Absorbance	690.0	0.9261000156402588
D7	Absorbance	690.0	0.8501999974250793
D8	Absorbance	690.0	0.7537999749183655
D9	Absorbance	690.0	0.660099983215332
D10	Absorbance	690.0	0.5691999793052673
D11	Absorbance	690.0	0.4884999990463257
D12	Absorbance	690.0	0.31369999051094055
E1	Absorbance	690.0	1.1895999908447266
E2	Absorbance	690.0	1.1131999492645264
E3	Absorbance	690.0	1.048699975013733
E4	Absorbance	690.0	1.0068999528884888
E5	Absorbance	690.0	0.9398000240325928
E6	Absorbance	690.0	0.8687000274658203
E7	Absorbance	690.0	0.7900999784469604
E8	Absorbance	690.0	0.7081000208854675
E9	Absorbance	690.0	0.6251999735832214
E10	Absorbance	690.0	0.5497999787330627
E11	Absorbance	690.0	0.4620000123977661
E12	Absorbance	690.0	0.2874999940395355
F1	Absorbance	690.0	1.1466000080108643
F2	Absorbance	690.0	1.0743000507354736
F3	Absorbance	690.0	1.0061999559402466
F4	Absorbance	690.0	0.9544000029563904
F5	Absorbance	690.0	0.8938999772071838
F6	Absorbance	690.0	0.8149999976158142
F7	Absorbance	690.0	0.7364000082015991
F8	Absorbance	690.0	0.6689000129699707
F9	Absorbance	690.0	0.5782999992370605
F10	Absorbance	690.0	0.5023000240325928
F11	Absorbance	690.0	0.4138999879360199
F12	Absorbance	690.0	0.23800000548362732
G1	Absorbance	690.0	1.1167999505996704
G2	Absorbance	690.0	1.0233999490737915
G3	Absorbance	690.0	0.960099995136261
G4	Absorbance	690.0	0.919700026512146
G5	Absorbance	690.0	0.8496999740600586
G6	Absorbance	690.0	0.7748000025749207
G7	Absorbance	690.0	0.6940000057220459
G8	Absorbance	690.0	0.6182000041007996
G9	Absorbance	690.0	0.5267999768257141
G10	Absorbance	690.0	0.44859999418258667
G11	Absorbance	690.0	0.35839998722076416
G12	Absorbance	690.0	0.18729999661445618
H1	Absorbance	690.0	1.0422999858856201
H2	Absorbance	690.0	0.9452000260353088
H3	Absorbance	690.0	0.8870999813079834
H4	Absorbance	690.0	0.8518000245094299
H5	Absorbance	690.0	0.7760000228881836
H6	Absorbance	690.0	0.6927000284194946
H7	Absorbance	690.0	0.616599977016449
H8	Absorbance	690.0	0.5241000056266785
H9	Absorbance	690.0	0.4171000123023987
H10	Absorbance	690.0	0.34790000319480896
H11	Absorbance	690.0	0.2599000036716461
H12	Absorbance	690.0	0.08470000326633453
A1	Absorbance	700.0	1.0571999549865723
A2	Absorbance	700.0	1.0091999769210815
A3	Absorbance	700.0	0.9528999924659729
A4	Absorbance	700.0	0.9071000218391418
A5	Absorbance	700.0	0.8787999749183655
A6	Absorbance	700.0	0.833299994468689
A7	Absorbance	700.0	0.77920001745224
A8	Absorbance	700.0	0.7353000044822693
A9	Absorbance	700.0	0.6783999800682068
A10	Absorbance	700.0	0.6310999989509583
A11	Absorbance	700.0	0.5619999766349792
A12	Absorbance	700.0	0.4498000144958496
B1	Absorbance	700.0	1.0290000438690186
B2	Absorbance	700.0	0.9822999835014343
B3	Absorbance	700.0	0.9293000102043152
B4	Absorbance	700.0	0.886900007724762
B5	Absorbance	700.0	0.8378999829292297
B6	Absorbance	700.0	0.7928000092506409
B7	Absorbance	700.0	0.7457000017166138
B8	Absorbance	700.0	0.6959999799728394
B9	Absorbance	700.0	0.6255999803543091
B10	Absorbance	700.0	0.5662000179290771
B11	Absorbance	700.0	0.5042999982833862
B12	Absorbance	700.0	0.3750999867916107
C1	Absorbance	700.0	0.9860000014305115
C2	Absorbance	700.0	0.9538000226020813
C3	Absorbance	700.0	0.9336000084877014
C4	Absorbance	700.0	0.8952999711036682
C5	Absorbance	700.0	0.8485999703407288
C6	Absorbance	700.0	0.8025000095367432
C7	Absorbance	700.0	0.7480999827384949
C8	Absorbance	700.0	0.7089999914169312
C9	Absorbance	700.0	0.6392999887466431
C10	Absorbance	700.0	0.5830000042915344
C11	Absorbance	700.0	0.5128999948501587
C12	Absorbance	700.0	0.37700000405311584
D1	Absorbance	700.0	0.983299970626831
D2	Absorbance	700.0	0.9125000238418579
D3	Absorbance	700.0	0.8834999799728394
D4	Absorbance	700.0	0.8503999710083008
D5	Absorbance	700.0	0.8120999932289124
D6	Absorbance	700.0	0.765999972820282
D7	Absorbance	700.0	0.7127000093460083
D8	Absorbance	700.0	0.6394000053405762
D9	Absorbance	700.0	0.5695000290870667
D10	Absorbance	700.0	0.49880000948905945
D11	Absorbance	700.0	0.436599999666214
D12	Absorbance	700.0	0.3084999918937683
E1	Absorbance	700.0	0.9305999875068665
E2	Absorbance	700.0	0.8805000185966492
E3	Absorbance	700.0	0.8359000086784363
E4	Absorbance	700.0	0.8003000020980835
E5	Absorbance	700.0	0.7605999708175659
E6	Absorbance	700.0	0.7109000086784363
E7	Absorbance	700.0	0.65420001745224
E8	Absorbance	700.0	0.593500018119812
E9	Absorbance	700.0	0.5342000126838684
E10	Absorbance	700.0	0.47760000824928284
E11	Absorbance	700.0	0.4122999906539917
E12	Absorbance	700.0	0.2831000089645386
F1	Absorbance	700.0	0.8901000022888184
F2	Absorbance	700.0	0.8418999910354614
F3	Absorbance	700.0	0.7944999933242798
F4	Absorbance	700.0	0.7588000297546387
F5	Absorbance	700.0	0.71670001745224
F6	Absorbance	700.0	0.6601999998092651
F7	Absorbance	700.0	0.598800003528595
F8	Absorbance	700.0	0.5536999702453613
F9	Absorbance	700.0	0.4867999851703644
F10	Absorbance	700.0	0.4307999908924103
F11	Absorbance	700.0	0.36320000886917114
F12	Absorbance	700.0	0.23469999432563782
G1	Absorbance	700.0	0.8607000112533569
G2	Absorbance	700.0	0.7961000204086304
G3	Absorbance	700.0	0.7516999840736389
G4	Absorbance	700.0	0.7171000242233276
G5	Absorbance	700.0	0.67330002784729
G6	Absorbance	700.0	0.6198999881744385
G7	Absorbance	700.0	0.5618000030517578
G8	Absorbance	700.0	0.5041000247001648
G9	Absorbance	700.0	0.43309998512268066
G10	Absorbance	700.0	0.3779999911785126
G11	Absorbance	700.0	0.3109000027179718
G12	Absorbance	700.0	0.1851000040769577
H1	Absorbance	700.0	0.7882000207901001
H2	Absorbance	700.0	0.7203999757766724
H3	Absorbance	700.0	0.6800000071525574
H4	Absorbance	700.0	0.6541000008583069
H5	Absorbance	700.0	0.5989000201225281
H6	Absorbance	700.0	0.5371000170707703
H7	Absorbance	700.0	0.48010000586509705
H8	Absorbance	700.0	0.4108999967575073
H9	Absorbance	700.0	0.33239999413490295
H10	Absorbance	700.0	0.2802000045776367
H11	Absorbance	700.0	0.21480000019073486
H12	Absorbance	700.0	0.08489999920129776
A1	Absorbance	710.0	0.9753999710083008
A2	Absorbance	710.0	0.9344000220298767
A3	Absorbance	710.0	0.8842999935150146
A4	Absorbance	710.0	0.8442000150680542
A5	Absorbance	710.0	0.8212000131607056
A6	Absorbance	710.0	0.7810999751091003
A7	Absorbance	710.0	0.7332000136375427
A8	Absorbance	710.0	0.695900022983551
A9	Absorbance	710.0	0.6459000110626221
A10	Absorbance	710.0	0.6037999987602234
A11	Absorbance	710.0	0.5425000190734863
A12	Absorbance	710.0	0.444599986076355
B1	Absorbance	710.0	0.9460999965667725
B2	Absorbance	710.0	0.906000018119812
B3	Absorbance	710.0	0.8589000105857849
B4	Absorbance	710.0	0.8222000002861023
B5	Absorbance	710.0	0.7796000242233276
B6	Absorbance	710.0	0.741100013256073
B7	Absorbance	710.0	0.6998999714851379
B8	Absorbance	710.0	0.6567999720573425
B9	Absorbance	710.0	0.5938000082969666
B10	Absorbance	710.0	0.5404000282287598
B11	Absorbance	710.0	0.4853000044822693
B12	Absorbance	710.0	0.3709000051021576
C1	Absorbance	710.0	0.9042999744415283
C2	Absorbance	710.0	0.8776999711990356
C3	Absorbance	710.0	0.8623999953269958
C4	Absorbance	710.0	0.829800009727478
C5	Absorbance	710.0	0.7883999943733215
C6	Absorbance	710.0	0.7480999827384949
C7	Absorbance	710.0	0.7021999955177307
C8	Absorbance	710.0	0.6690000295639038
C9	Absorbance	710.0	0.6065000295639038
C10	Absorbance	710.0	0.5562999844551086
C11	Absorbance	710.0	0.49410000443458557
C12	Absorbance	710.0	0.37229999899864197
D1	Absorbance	710.0	0.9006999731063843
D2	Absorbance	710.0	0.8375999927520752
D3	Absorbance	710.0	0.8134999871253967
D4	Absorbance	710.0	0.785099983215332
D5	Absorbance	710.0	0.7519999742507935
D6	Absorbance	710.0	0.713100016117096
D7	Absorbance	710.0	0.6662999987602234
D8	Absorbance	710.0	0.6001999974250793
D9	Absorbance	710.0	0.5382000207901001
D10	Absorbance	710.0	0.4738999903202057
D11	Absorbance	710.0	0.4187000095844269
D12	Absorbance	710.0	0.30550000071525574
E1	Absorbance	710.0	0.8485000133514404
E2	Absorbance	710.0	0.8050000071525574
E3	Absorbance	710.0	0.7669000029563904
E4	Absorbance	710.0	0.73580002784729
E5	Absorbance	710.0	0.70169997215271
E6	Absorbance	710.0	0.6585000157356262
E7	Absorbance	710.0	0.6086000204086304
E8	Absorbance	710.0	0.5547000169754028
E9	Absorbance	710.0	0.5027999877929688
E10	Absorbance	710.0	0.4521999955177307
E11	Absorbance	710.0	0.39430001378059387
E12	Absorbance	710.0	0.2802000045776367
F1	Absorbance	710.0	0.8084999918937683
F2	Absorbance	710.0	0.767300009727478
F3	Absorbance	710.0	0.7251999974250793
F4	Absorbance	710.0	0.6948999762535095
F5	Absorbance	710.0	0.6586999893188477
F6	Absorbance	710.0	0.6086999773979187
F7	Absorbance	710.0	0.5544000267982483
F8	Absorbance	710.0	0.5146999955177307
F9	Absorbance	710.0	0.4555000066757202
F10	Absorbance	710.0	0.40610000491142273
F11	Absorbance	710.0	0.34610000252723694
F12	Absorbance	710.0	0.23260000348091125
G1	Absorbance	710.0	0.7788000106811523
G2	Absorbance	710.0	0.7228999733924866
G3	Absorbance	710.0	0.683899998664856
G4	Absorbance	710.0	0.6538000106811523
G5	Absorbance	710.0	0.6151999831199646
G6	Absorbance	710.0	0.5683000087738037
G7	Absorbance	710.0	0.5174999833106995
G8	Absorbance	710.0	0.4657000005245209
G9	Absorbance	710.0	0.4032999873161316
G10	Absorbance	710.0	0.3540000021457672
G11	Absorbance	710.0	0.2948000133037567
G12	Absorbance	710.0	0.18379999697208405
H1	Absorbance	710.0	0.7059999704360962
H2	Absorbance	710.0	0.647599995136261
H3	Absorbance	710.0	0.6123999953269958
H4	Absorbance	710.0	0.5892000198364258
H5	Absorbance	710.0	0.5403000116348267
H6	Absorbance	710.0	0.48570001125335693
H7	Absorbance	710.0	0.4348999857902527
H8	Absorbance	710.0	0.37369999289512634
H9	Absorbance	710.0	0.3046000003814697
H10	Absorbance	710.0	0.2581000030040741
H11	Absorbance	710.0	0.20029999315738678
H12	Absorbance	710.0	0.08579999953508377
A1	Absorbance	720.0	0.9408000111579895
A2	Absorbance	720.0	0.9016000032424927
A3	Absorbance	720.0	0.8539000153541565
A4	Absorbance	720.0	0.8166999816894531
A5	Absorbance	720.0	0.7946000099182129
A6	Absorbance	720.0	0.7570000290870667
A7	Absorbance	720.0	0.7107999920845032
A8	Absorbance	720.0	0.6766999959945679
A9	Absorbance	720.0	0.6292999982833862
A10	Absorbance	720.0	0.5891000032424927
A11	Absorbance	720.0	0.5313000082969666
A12	Absorbance	720.0	0.43939998745918274
B1	Absorbance	720.0	0.9110000133514404
B2	Absorbance	720.0	0.8730999827384949
B3	Absorbance	720.0	0.8277999758720398
B4	Absorbance	720.0	0.7935000061988831
B5	Absorbance	720.0	0.7533000111579895
B6	Absorbance	720.0	0.7170000076293945
B7	Absorbance	720.0	0.6780999898910522
B8	Absorbance	720.0	0.6373000144958496
B9	Absorbance	720.0	0.5776000022888184
B10	Absorbance	720.0	0.5267999768257141
B11	Absorbance	720.0	0.474700003862381
B12	Absorbance	720.0	0.36649999022483826
C1	Absorbance	720.0	0.869700014591217
C2	Absorbance	720.0	0.8449000120162964
C3	Absorbance	720.0	0.8313000202178955
C4	Absorbance	720.0	0.7997000217437744
C5	Absorbance	720.0	0.7609000205993652
C6	Absorbance	720.0	0.7232999801635742
C7	Absorbance	720.0	0.6801999807357788
C8	Absorbance	720.0	0.649399995803833
C9	Absorbance	720.0	0.5898000001907349
C10	Absorbance	720.0	0.5421000123023987
C11	Absorbance	720.0	0.48339998722076416
C12	Absorbance	720.0	0.367900013923645
D1	Absorbance	720.0	0.8648999929428101
D2	Absorbance	720.0	0.8047000169754028
D3	Absorbance	720.0	0.7825999855995178
D4	Absorbance	720.0	0.7559000253677368
D5	Absorbance	720.0	0.7246999740600586
D6	Absorbance	720.0	0.6886000037193298
D7	Absorbance	720.0	0.644599974155426
D8	Absorbance	720.0	0.5814999938011169
D9	Absorbance	720.0	0.5228000283241272
D10	Absorbance	720.0	0.4609000086784363
D11	Absorbance	720.0	0.4088999927043915
D12	Absorbance	720.0	0.3019999861717224
E1	Absorbance	720.0	0.8131999969482422
E2	Absorbance	720.0	0.7723000049591064
E3	Absorbance	720.0	0.7365000247955322
E4	Absorbance	720.0	0.707099974155426
E5	Absorbance	720.0	0.6753000020980835
E6	Absorbance	720.0	0.6348000168800354
E7	Absorbance	720.0	0.5874999761581421
E8	Absorbance	720.0	0.5361999869346619
E9	Absorbance	720.0	0.48739999532699585
E10	Absorbance	720.0	0.4392000138759613
E11	Absorbance	720.0	0.3849000036716461
E12	Absorbance	720.0	0.27720001339912415
F1	Absorbance	720.0	0.7734000086784363
F2	Absorbance	720.0	0.7350000143051147
F3	Absorbance	720.0	0.6948999762535095
F4	Absorbance	720.0	0.666700005531311
F5	Absorbance	720.0	0.6324999928474426
F6	Absorbance	720.0	0.585099995136261
F7	Absorbance	720.0	0.5338000059127808
F8	Absorbance	720.0	0.4961000084877014
F9	Absorbance	720.0	0.4404999911785126
F10	Absorbance	720.0	0.3935999870300293
F11	Absorbance	720.0	0.33709999918937683
F12	Absorbance	720.0	0.2303999960422516
G1	Absorbance	720.0	0.7440999746322632
G2	Absorbance	720.0	0.6909999847412109
G3	Absorbance	720.0	0.6542999744415283
G4	Absorbance	720.0	0.6262000203132629
G5	Absorbance	720.0	0.5892000198364258
G6	Absorbance	720.0	0.5449000000953674
G7	Absorbance	720.0	0.4973999857902527
G8	Absorbance	720.0	0.4480000138282776
G9	Absorbance	720.0	0.3889000117778778
G10	Absorbance	720.0	0.3422999978065491
G11	Absorbance	720.0	0.28679999709129333
G12	Absorbance	720.0	0.1826999932527542
H1	Absorbance	720.0	0.6712999939918518
H2	Absorbance	720.0	0.6162999868392944
H3	Absorbance	720.0	0.5828999876976013
H4	Absorbance	720.0	0.5609999895095825
H5	Absorbance	720.0	0.5139999985694885
H6	Absorbance	720.0	0.462799996137619
H7	Absorbance	720.0	0.4147000014781952
H8	Absorbance	720.0	0.3571000099182129
H9	Absorbance	720.0	0.2922999858856201
H10	Absorbance	720.0	0.24799999594688416
H11	Absorbance	720.0	0.1940000057220459
H12	Absorbance	720.0	0.08669999986886978
A1	Absorbance	730.0	0.9182000160217285
A2	Absorbance	730.0	0.8808000087738037
A3	Absorbance	730.0	0.8342000246047974
A4	Absorbance	730.0	0.7978000044822693
A5	Absorbance	730.0	0.7767000198364258
A6	Absorbance	730.0	0.7400000095367432
A7	Absorbance	730.0	0.6952999830245972
A8	Absorbance	730.0	0.6625000238418579
A9	Absorbance	730.0	0.6166999936103821
A10	Absorbance	730.0	0.5774000287055969
A11	Absorbance	730.0	0.5218999981880188
A12	Absorbance	730.0	0.43389999866485596
B1	Absorbance	730.0	0.8884999752044678
B2	Absorbance	730.0	0.8518999814987183
B3	Absorbance	730.0	0.8080000281333923
B4	Absorbance	730.0	0.7742999792098999
B5	Absorbance	730.0	0.73580002784729
B6	Absorbance	730.0	0.7005000114440918
B7	Absorbance	730.0	0.6628000140190125
B8	Absorbance	730.0	0.6237999796867371
B9	Absorbance	730.0	0.5655999779701233
B10	Absorbance	730.0	0.5166000127792358
B11	Absorbance	730.0	0.46639999747276306
B12	Absorbance	730.0	0.362199991941452
C1	Absorbance	730.0	0.8476999998092651
C2	Absorbance	730.0	0.8234999775886536
C3	Absorbance	730.0	0.810699999332428
C4	Absorbance	730.0	0.7802000045776367
C5	Absorbance	730.0	0.7426000237464905
C6	Absorbance	730.0	0.7067000269889832
C7	Absorbance	730.0	0.6650999784469604
C8	Absorbance	730.0	0.6352999806404114
C9	Absorbance	730.0	0.5776000022888184
C10	Absorbance	730.0	0.5310999751091003
C11	Absorbance	730.0	0.474700003862381
C12	Absorbance	730.0	0.36340001225471497
D1	Absorbance	730.0	0.8429999947547913
D2	Absorbance	730.0	0.7840999960899353
D3	Absorbance	730.0	0.7628999948501587
D4	Absorbance	730.0	0.7369999885559082
D5	Absorbance	730.0	0.7067999839782715
D6	Absorbance	730.0	0.6722999811172485
D7	Absorbance	730.0	0.6294999718666077
D8	Absorbance	730.0	0.5684000253677368
D9	Absorbance	730.0	0.5120000243186951
D10	Absorbance	730.0	0.4514999985694885
D11	Absorbance	730.0	0.4016000032424927
D12	Absorbance	730.0	0.29899999499320984
E1	Absorbance	730.0	0.7914000153541565
E2	Absorbance	730.0	0.751800000667572
E3	Absorbance	730.0	0.7171000242233276
E4	Absorbance	730.0	0.6887999773025513
E5	Absorbance	730.0	0.65829998254776
E6	Absorbance	730.0	0.6190000176429749
E7	Absorbance	730.0	0.5734999775886536
E8	Absorbance	730.0	0.5235000252723694
E9	Absorbance	730.0	0.476500004529953
E10	Absorbance	730.0	0.4300999939441681
E11	Absorbance	730.0	0.37779998779296875
E12	Absorbance	730.0	0.27459999918937683
F1	Absorbance	730.0	0.7519000172615051
F2	Absorbance	730.0	0.7148000001907349
F3	Absorbance	730.0	0.6757000088691711
F4	Absorbance	730.0	0.6488000154495239
F5	Absorbance	730.0	0.616100013256073
F6	Absorbance	730.0	0.5701000094413757
F7	Absorbance	730.0	0.5205000042915344
F8	Absorbance	730.0	0.4839000105857849
F9	Absorbance	730.0	0.4302999973297119
F10	Absorbance	730.0	0.38510000705718994
F11	Absorbance	730.0	0.3310000002384186
F12	Absorbance	730.0	0.2289000004529953
G1	Absorbance	730.0	0.7232000231742859
G2	Absorbance	730.0	0.671500027179718
G3	Absorbance	730.0	0.6359999775886536
G4	Absorbance	730.0	0.609000027179718
G5	Absorbance	730.0	0.5727999806404114
G6	Absorbance	730.0	0.5299000144004822
G7	Absorbance	730.0	0.4846999943256378
G8	Absorbance	730.0	0.43619999289512634
G9	Absorbance	730.0	0.3797999918460846
G10	Absorbance	730.0	0.3346000015735626
G11	Absorbance	730.0	0.2815999984741211
G12	Absorbance	730.0	0.18199999630451202
H1	Absorbance	730.0	0.6504999995231628
H2	Absorbance	730.0	0.597599983215332
H3	Absorbance	730.0	0.5654000043869019
H4	Absorbance	730.0	0.5439000129699707
H5	Absorbance	730.0	0.4984000027179718
H6	Absorbance	730.0	0.44859999418258667
H7	Absorbance	730.0	0.4023999869823456
H8	Absorbance	730.0	0.3472000062465668
H9	Absorbance	730.0	0.2851000130176544
H10	Absorbance	730.0	0.2425999939441681
H11	Absorbance	730.0	0.1907999962568283
H12	Absorbance	730.0	0.08839999884366989
A1	Absorbance	740.0	0.9070000052452087
A2	Absorbance	740.0	0.869700014591217
A3	Absorbance	740.0	0.8238000273704529
A4	Absorbance	740.0	0.788100004196167
A5	Absorbance	740.0	0.766700029373169
A6	Absorbance	740.0	0.7304999828338623
A7	Absorbance	740.0	0.6861000061035156
A8	Absorbance	740.0	0.6543999910354614
A9	Absorbance	740.0	0.6093999743461609
A10	Absorbance	740.0	0.5705000162124634
A11	Absorbance	740.0	0.5157999992370605
A12	Absorbance	740.0	0.4302999973297119
B1	Absorbance	740.0	0.8770999908447266
B2	Absorbance	740.0	0.8413000106811523
B3	Absorbance	740.0	0.7973999977111816
B4	Absorbance	740.0	0.7644000053405762
B5	Absorbance	740.0	0.7261999845504761
B6	Absorbance	740.0	0.6919000148773193
B7	Absorbance	740.0	0.6545000076293945
B8	Absorbance	740.0	0.6161999702453613
B9	Absorbance	740.0	0.5586000084877014
B10	Absorbance	740.0	0.5105999708175659
B11	Absorbance	740.0	0.46140000224113464
B12	Absorbance	740.0	0.3594000041484833
C1	Absorbance	740.0	0.8363999724388123
C2	Absorbance	740.0	0.8129000067710876
C3	Absorbance	740.0	0.8001000285148621
C4	Absorbance	740.0	0.769599974155426
C5	Absorbance	740.0	0.7329999804496765
C6	Absorbance	740.0	0.6974999904632568
C7	Absorbance	740.0	0.6565999984741211
C8	Absorbance	740.0	0.6277999877929688
C9	Absorbance	740.0	0.5703999996185303
C10	Absorbance	740.0	0.5249000191688538
C11	Absorbance	740.0	0.46950000524520874
C12	Absorbance	740.0	0.36059999465942383
D1	Absorbance	740.0	0.8312000036239624
D2	Absorbance	740.0	0.7734000086784363
D3	Absorbance	740.0	0.7523000240325928
D4	Absorbance	740.0	0.7267000079154968
D5	Absorbance	740.0	0.6973000168800354
D6	Absorbance	740.0	0.6636999845504761
D7	Absorbance	740.0	0.6211000084877014
D8	Absorbance	740.0	0.5613999962806702
D9	Absorbance	740.0	0.5056999921798706
D10	Absorbance	740.0	0.44609999656677246
D11	Absorbance	740.0	0.397599995136261
D12	Absorbance	740.0	0.2971000075340271
E1	Absorbance	740.0	0.7803999781608582
E2	Absorbance	740.0	0.7411999702453613
E3	Absorbance	740.0	0.707099974155426
E4	Absorbance	740.0	0.679099977016449
E5	Absorbance	740.0	0.6495000123977661
E6	Absorbance	740.0	0.61080002784729
E7	Absorbance	740.0	0.5659000277519226
E8	Absorbance	740.0	0.5166000127792358
E9	Absorbance	740.0	0.4708999991416931
E10	Absorbance	740.0	0.42489999532699585
E11	Absorbance	740.0	0.37380000948905945
E12	Absorbance	740.0	0.27309998869895935
F1	Absorbance	740.0	0.7414000034332275
F2	Absorbance	740.0	0.7045000195503235
F3	Absorbance	740.0	0.666100025177002
F4	Absorbance	740.0	0.6398000121116638
F5	Absorbance	740.0	0.6075000166893005
F6	Absorbance	740.0	0.5622000098228455
F7	Absorbance	740.0	0.5134000182151794
F8	Absorbance	740.0	0.47749999165534973
F9	Absorbance	740.0	0.42489999532699585
F10	Absorbance	740.0	0.3806999921798706
F11	Absorbance	740.0	0.3278000056743622
F12	Absorbance	740.0	0.2282000035047531
G1	Absorbance	740.0	0.7127000093460083
G2	Absorbance	740.0	0.6618000268936157
G3	Absorbance	740.0	0.6266999840736389
G4	Absorbance	740.0	0.6004999876022339
G5	Absorbance	740.0	0.5644000172615051
G6	Absorbance	740.0	0.5224999785423279
G7	Absorbance	740.0	0.4781999886035919
G8	Absorbance	740.0	0.430400013923645
G9	Absorbance	740.0	0.37529999017715454
G10	Absorbance	740.0	0.33079999685287476
G11	Absorbance	740.0	0.2791000008583069
G12	Absorbance	740.0	0.18199999630451202
H1	Absorbance	740.0	0.6402000188827515
H2	Absorbance	740.0	0.5885000228881836
H3	Absorbance	740.0	0.5569999814033508
H4	Absorbance	740.0	0.5357999801635742
H5	Absorbance	740.0	0.49070000648498535
H6	Absorbance	740.0	0.44179999828338623
H7	Absorbance	740.0	0.3968999981880188
H8	Absorbance	740.0	0.34279999136924744
H9	Absorbance	740.0	0.28209999203681946
H10	Absorbance	740.0	0.24050000309944153
H11	Absorbance	740.0	0.1898999959230423
H12	Absorbance	740.0	0.09040000289678574
A1	Absorbance	750.0	0.8938000202178955
A2	Absorbance	750.0	0.8565999865531921
A3	Absorbance	750.0	0.8115000128746033
A4	Absorbance	750.0	0.7764000296592712
A5	Absorbance	750.0	0.7552000284194946
A6	Absorbance	750.0	0.7192000150680542
A7	Absorbance	750.0	0.6754000186920166
A8	Absorbance	750.0	0.64410001039505
A9	Absorbance	750.0	0.5996000170707703
A10	Absorbance	750.0	0.5613999962806702
A11	Absorbance	750.0	0.5076000094413757
A12	Absorbance	750.0	0.42419999837875366
B1	Absorbance	750.0	0.8641999959945679
B2	Absorbance	750.0	0.828499972820282
B3	Absorbance	750.0	0.785099983215332
B4	Absorbance	750.0	0.7526000142097473
B5	Absorbance	750.0	0.7152000069618225
B6	Absorbance	750.0	0.6815000176429749
B7	Absorbance	750.0	0.64410001039505
B8	Absorbance	750.0	0.6064000129699707
B9	Absorbance	750.0	0.5497999787330627
B10	Absorbance	750.0	0.5027999877929688
B11	Absorbance	750.0	0.45419999957084656
B12	Absorbance	750.0	0.35440000891685486
C1	Absorbance	750.0	0.8237000107765198
C2	Absorbance	750.0	0.8003000020980835
C3	Absorbance	750.0	0.7878000140190125
C4	Absorbance	750.0	0.7576000094413757
C5	Absorbance	750.0	0.7218000292778015
C6	Absorbance	750.0	0.6869999766349792
C7	Absorbance	750.0	0.6463000178337097
C8	Absorbance	750.0	0.6179999709129333
C9	Absorbance	750.0	0.5612999796867371
C10	Absorbance	750.0	0.5163999795913696
C11	Absorbance	750.0	0.46219998598098755
C12	Absorbance	750.0	0.35569998621940613
D1	Absorbance	750.0	0.8187999725341797
D2	Absorbance	750.0	0.7610999941825867
D3	Absorbance	750.0	0.7404999732971191
D4	Absorbance	750.0	0.714900016784668
D5	Absorbance	750.0	0.6863999962806702
D6	Absorbance	750.0	0.652999997138977
D7	Absorbance	750.0	0.6110000014305115
D8	Absorbance	750.0	0.552299976348877
D9	Absorbance	750.0	0.49790000915527344
D10	Absorbance	750.0	0.4388999938964844
D11	Absorbance	750.0	0.391400009393692
D12	Absorbance	750.0	0.2930000126361847
E1	Absorbance	750.0	0.7684000134468079
E2	Absorbance	750.0	0.7293000221252441
E3	Absorbance	750.0	0.6958000063896179
E4	Absorbance	750.0	0.6680999994277954
E5	Absorbance	750.0	0.6391000151634216
E6	Absorbance	750.0	0.6007999777793884
E7	Absorbance	750.0	0.5569000244140625
E8	Absorbance	750.0	0.5080999732017517
E9	Absorbance	750.0	0.4632999897003174
E10	Absorbance	750.0	0.4180999994277954
E11	Absorbance	750.0	0.36800000071525574
E12	Absorbance	750.0	0.2694999873638153
F1	Absorbance	750.0	0.7296000123023987
F2	Absorbance	750.0	0.6930000185966492
F3	Absorbance	750.0	0.6552000045776367
F4	Absorbance	750.0	0.6294000148773193
F5	Absorbance	750.0	0.5978999733924866
F6	Absorbance	750.0	0.5532000064849854
F7	Absorbance	750.0	0.5049999952316284
F8	Absorbance	750.0	0.46950000524520874
F9	Absorbance	750.0	0.41780000925064087
F10	Absorbance	750.0	0.37459999322891235
F11	Absorbance	750.0	0.32280001044273376
F12	Absorbance	750.0	0.22550000250339508
G1	Absorbance	750.0	0.7013999819755554
G2	Absorbance	750.0	0.6509000062942505
G3	Absorbance	750.0	0.6164000034332275
G4	Absorbance	750.0	0.5906999707221985
G5	Absorbance	750.0	0.5551000237464905
G6	Absorbance	750.0	0.5138999819755554
G7	Absorbance	750.0	0.47029998898506165
G8	Absorbance	750.0	0.42320001125335693
G9	Absorbance	750.0	0.3693000078201294
G10	Absorbance	750.0	0.3253999948501587
G11	Absorbance	750.0	0.2750000059604645
G12	Absorbance	750.0	0.18039999902248383
H1	Absorbance	750.0	0.6294999718666077
H2	Absorbance	750.0	0.5787000060081482
H3	Absorbance	750.0	0.5478000044822693
H4	Absorbance	750.0	0.5264999866485596
H5	Absorbance	750.0	0.48260000348091125
H6	Absorbance	750.0	0.4343000054359436
H7	Absorbance	750.0	0.39010000228881836
H8	Absorbance	750.0	0.33730000257492065
H9	Absorbance	750.0	0.2777999937534332
H10	Absorbance	750.0	0.23729999363422394
H11	Absorbance	750.0	0.18780000507831573
H12	Absorbance	750.0	0.09059999883174896
