well,row,col,B_lbl,C_lbl,A600,A600_sdv,A680,A680_sdv,A720,A720_sdv,A750,A750_sdv,500,510,520,530,540,550,560,570,580,590,600,610,620,630,640,650,660,670,680,690,700,710,720,730,740,750,B_p750,C_p750
A1,A,1,0.4,0.5,1.0938000530004501,0.06179999932646753,1.4928000569343567,0.06859999895095825,0.8732000440359116,0.06599999964237213,0.8271999508142469,0.06930000334978104,1.5456999987363815,1.3684999868273735,1.2257000282406807,1.1401999816298485,1.0946000069379807,1.0732000172138214,1.054900012910366,1.0580999776721,1.0692000016570093,1.079400010406971,1.0834999904036522,1.0887999534606934,1.0963999703526497,1.0915000289678574,1.1107999831438065,1.2204000279307363,1.279799960553646,1.4125000089406967,1.4652000218629837,1.2293000072240832,0.9722999557852747,0.889599971473217,0.8541000112891198,0.8298000171780585,0.8166000023484231,0.8032000213861465,0.21612754570799367,0.5690609834252386
A2,A,2,0.4,0.46,1.029199942946434,0.07460000365972519,1.3929000496864317,0.07419999688863754,0.830000028014183,0.0714000016450882,0.7853000313043594,0.07429999858140945,1.4581000059843063,1.3198000118136406,1.1632000282406807,1.0865000113844872,1.0469999760389328,1.0245000422000883,1.0075000151991844,1.008700005710125,1.0185000523924825,1.026500053703785,1.0287999734282494,1.0326999425888062,1.0387000516057014,1.0339000076055527,1.049900010228157,1.1474999710917473,1.2043999657034874,1.3205000013113022,1.3657999783754349,1.169800028204918,0.9242999777197838,0.848600022494793,0.814900003373623,0.7924000099301338,0.7793000116944313,0.7659999877214432,0.2361057251354586,0.5120431864875244
A3,A,3,0.4,0.42,0.9685000032186508,0.07680000364780426,1.299500048160553,0.08179999887943268,0.7890000194311142,0.07580000162124634,0.7469999939203262,0.07970000058412552,1.3694999665021896,1.2432999536395073,1.0981999710202217,1.0271000489592552,0.9892000406980515,0.967600017786026,0.951199971139431,0.9515000507235527,0.9587000235915184,0.9645000174641609,0.9663999900221825,0.9688999652862549,0.9732000306248665,0.9683999866247177,0.9817000180482862,1.0712999626994133,1.1187999472022057,1.2301000207662582,1.2734000235795975,1.0813000053167343,0.867999993264675,0.7984999939799309,0.7672000154852867,0.7458000257611275,0.7334000244736671,0.7209000140428543,0.23706710916141105,0.4684009211371886
A4,A,4,0.4,0.38,0.9106000512838366,0.07320000231266023,1.2020999789237976,0.07909999787807465,0.7449999898672104,0.07419999688863754,0.7056999951601028,0.0786999985575676,1.28679995238781,1.1725000068545341,1.0434000566601753,0.9783999547362328,0.9445000141859055,0.9232000410556793,0.9070999845862389,0.9058999940752984,0.9114999994635582,0.9152999594807625,0.915600024163723,0.9163999557495115,0.9197999909520149,0.9140999764204025,0.9244999438524246,1.0035000368952751,1.0455999597907066,1.1440000385046005,1.1831999570131302,1.0131000131368637,0.8222000226378441,0.7584000155329704,0.7299999818205833,0.7094000056385994,0.6977000012993813,0.6858000308275223,0.25323977007545667,0.41770031176258265
A5,A,5,0.4,0.34,0.8852000087499619,0.07850000262260437,1.1458000540733337,0.08789999783039093,0.7251999825239182,0.0803999975323677,0.6865000277757645,0.08569999784231186,1.234200045466423,1.1144000217318535,1.0146000459790232,0.9537000283598902,0.9187000244855881,0.900299996137619,0.883500002324581,0.8808000013232232,0.884600006043911,0.8869000151753426,0.8858999833464622,0.8859000205993652,0.8877999857068063,0.8813999742269517,0.8902999907732011,0.9613999649882317,0.9979000315070152,1.0872000306844711,1.1227000504732132,0.969200000166893,0.7938999757170677,0.7354000136256218,0.7079000100493431,0.6883000209927559,0.6763000264763833,0.6646000295877457,0.26952101763702474,0.3808056870097547
A6,A,6,0.4,0.3,0.8396999686956406,0.08169999718666078,1.0694000124931335,0.09279999881982803,0.6938999742269516,0.08449999988079071,0.6580000072717667,0.09059999883174896,1.1558000296354294,1.0485000535845757,0.9595999792218206,0.9052000269293784,0.8728999942541122,0.8556000292301178,0.8391000255942345,0.8353999778628348,0.8377999886870384,0.838199980556965,0.836500011384487,0.8349000215530396,0.8359000161290169,0.8290999978780746,0.8358000069856643,0.8970000073313712,0.9290000423789024,1.007199987769127,1.0384000092744827,0.9032999724149703,0.7483999952673913,0.6952999755740166,0.6703000292181969,0.6516000106930733,0.6400999799370766,0.6286000162363052,0.2794071306720232,0.3362006226470091
A7,A,7,0.4,0.25,0.782800003886223,0.08420000225305557,0.9755999445915222,0.09120000153779984,0.6475999802350998,0.08579999953508377,0.6125999838113785,0.08869999647140503,1.068499967455864,0.9880000278353693,0.8952000215649605,0.8478999957442285,0.8205000013113021,0.8025999963283539,0.7874000295996666,0.7828999683260918,0.7835999950766563,0.782400019466877,0.7794999703764915,0.7775999903678894,0.7767999842762947,0.7703000158071518,0.7742999941110612,0.8257999941706656,0.85190000385046,0.9185000509023666,0.9445000439882278,0.8289000242948531,0.6943000182509422,0.647400014102459,0.6240999922156334,0.6068999841809273,0.5957000032067299,0.5848000198602676,0.28862020507471386,0.28747216062754644
A8,A,8,0.4,0.21,0.7300000041723251,0.08720000088214874,0.8847000002861021,0.09009999781847,0.6062999814748764,0.08619999885559082,0.5729000121355057,0.08969999849796295,0.9940000027418137,0.9134000465273857,0.8466000035405159,0.8042000159621239,0.7776999920606613,0.7625999748706818,0.7478000149130821,0.7423000261187555,0.7411999925971031,0.7382999733090401,0.7341000065207481,0.730400025844574,0.7285999730229378,0.7207000106573105,0.7224999815225601,0.7650999948382378,0.7860999926924706,0.8411000221967697,0.8632000237703321,0.7654999941587448,0.6504000052809715,0.6101000234484673,0.5899999961256981,0.574100024998188,0.5639999881386757,0.5535000115633011,0.299934857713992,0.24350816289245067
A9,A,9,0.4,0.17,0.6838999837636948,0.09440000355243684,0.7991999983787538,0.09640000015497208,0.5709000080823898,0.093299999833107,0.5403999835252762,0.09629999846220016,0.9053000062704086,0.8390999957919122,0.7832999899983406,0.7468999847769737,0.7236999720335007,0.7097000181674957,0.6951999887824059,0.6883000060915947,0.6857000216841698,0.6812999919056892,0.6759000048041344,0.6708000302314758,0.6677000001072884,0.659700021147728,0.6592000275850296,0.6916999742388725,0.7065999731421471,0.7501000016927719,0.7668000012636185,0.6876000016927719,0.593499980866909,0.5601000115275383,0.5425999984145164,0.5282999947667122,0.5189999714493752,0.5090000182390213,0.30912698373619873,0.19362383686972856
A10,A,10,0.4,0.13,0.6374000161886215,0.09629999846220016,0.7123000025749205,0.09549999982118608,0.5293000191450119,0.09610000252723694,0.4983000308275223,0.098300002515316,0.8293999880552291,0.7832999750971794,0.7283999994397163,0.6986000165343285,0.6791999787092209,0.6651000082492828,0.6520999893546104,0.644399993121624,0.6402999982237816,0.6349999979138374,0.6287999972701073,0.6229000091552734,0.6186999753117561,0.6108000129461288,0.6085999757051468,0.632000021636486,0.6425000056624413,0.6733999699354172,0.6840999871492386,0.6244000047445297,0.5461999997496605,0.5179999992251396,0.5024000033736229,0.48900002986192703,0.48010001331567764,0.4707999974489212,0.31938517787555676,0.14956787548973516
A11,A,11,0.4,0.09,0.5724999755620958,0.09769999980926514,0.6021999716758727,0.0982000008225441,0.47290001809597026,0.09380000084638596,0.44440002739429474,0.09709999710321426,0.7187999933958054,0.6816000267863274,0.6498000100255014,0.6274000033736229,0.6104000061750412,0.5992999970912933,0.5869000181555748,0.578400008380413,0.5729000195860863,0.5658999755978584,0.558399997651577,0.5515000224113464,0.5463000014424324,0.5379000157117844,0.5335999876260757,0.545100025832653,0.5475999936461449,0.5644000023603439,0.5679000169038773,0.5265999883413315,0.4770999774336815,0.45670001953840256,0.44460000842809677,0.4334999993443489,0.4253999963402748,0.41700001060962677,0.32564614409096604,0.09199915095361579
A12,A,12,0.4,0.0,0.4538000077009201,0.10130000114440918,0.397599995136261,0.1014999970793724,0.37150000035762787,0.10090000182390213,0.35100002586841583,0.10289999842643738,0.5387000292539597,0.5274000093340874,0.5166999772191048,0.5068000182509422,0.496600016951561,0.48819997906684875,0.4780000075697899,0.46869998425245285,0.46059998124837875,0.45080000907182693,0.441800020635128,0.4333999752998352,0.4258999899029732,0.41760002076625835,0.4096999913454056,0.40240000933408737,0.39450000971555715,0.38719998300075525,0.3794999867677689,0.37249998748302454,0.36490001529455185,0.3587999865412712,0.3526999875903129,0.3454999998211861,0.3398999944329262,0.33359999954700476,0.3328715081188215,0.0002156434899920185
B1,B,1,0.35,0.5,1.0236999839544296,0.07400000095367433,1.4345000386238098,0.07429999858140945,0.8258999437093735,0.07249999791383742,0.7806000262498856,0.0763000026345253,1.514900013804436,1.3373999521136284,1.1907999590039253,1.1046000346541405,1.0584999769926071,1.0361999571323395,1.0184000357985497,1.0213999673724174,1.032900057733059,1.0432999804615972,1.0487000569701195,1.0541000366210938,1.0631000474095342,1.0583000034093857,1.07839997112751,1.190599970519543,1.2516000494360922,1.389500007033348,1.4436000138521194,1.2068999856710434,0.9441000446677208,0.8602999970316886,0.8243000134825706,0.8000999763607979,0.7866999879479408,0.7735999971628189,0.1870004610056355,0.5744602176078122
B2,B,2,0.35,0.46,0.9724999517202377,0.07559999823570251,1.3412999510765076,0.07280000299215318,0.788900002837181,0.07150000333786011,0.7467000037431718,0.07599999755620956,1.429899975657463,1.2669999524950981,1.134099967777729,1.0546999797224998,1.0114000290632248,0.9900000393390656,0.9724000319838524,0.9745999500155449,0.9840999469161034,0.9923999980092049,0.9955000504851341,0.9991999864578247,1.0065999701619148,1.0017000287771225,1.0186000615358353,1.1194999739527702,1.1743999943137169,1.2997000068426132,1.350400045514107,1.1366000026464462,0.8973999843001367,0.8202000185847282,0.7863999828696251,0.7634999826550484,0.7509000077843666,0.737899973988533,0.2025242675864915,0.5227041723093389
B3,B,3,0.35,0.42,0.9197000116109846,0.07919999957084656,1.25490003824234,0.07590000331401825,0.752000018954277,0.0746999979019165,0.7113999873399734,0.07840000092983246,1.3417000025510786,1.1934000179171562,1.0718000009655952,0.9983000382781029,0.9581000059843061,0.9376000463962555,0.9205000028014183,0.9209999963641169,0.9290999993681905,0.9360000565648079,0.9380000457167625,0.940899968147278,0.9465000107884407,0.9415999501943588,0.9555999785661697,1.0464000031352043,1.0998000130057335,1.208799943327904,1.2539000064134598,1.0718999952077863,0.8444000110030174,0.7731000110507011,0.74109997600317,0.7196000292897224,0.7069999948143959,0.6944999843835831,0.21270832436294423,0.47224592019772743
B4,B,4,0.35,0.38,0.8803000301122665,0.0812000036239624,1.1870999932289124,0.08009999990463257,0.7240000218153,0.07750000059604645,0.6854000240564346,0.08259999752044678,1.2653999775648117,1.1310000345110893,1.0208000019192696,0.9531999453902245,0.9153000563383105,0.8958999812602996,0.8796000108122827,0.8787000104784966,0.8853000029921532,0.8895000293850898,0.8905999884009361,0.8925999999046326,0.8966000154614447,0.8907000273466109,0.9024000316858292,0.9842999503016472,1.0282999500632286,1.1306999772787094,1.1731999665498734,0.9998999685049057,0.8020000085234643,0.7364000007510185,0.7068000063300133,0.68589998036623,0.6740000024437904,0.6620000153779984,0.22352912251539156,0.42882448429542624
B5,B,5,0.35,0.34,0.8271000236272812,0.08560000360012054,1.096299946308136,0.08510000258684157,0.6826000064611435,0.0820000022649765,0.6452000290155411,0.08709999918937683,1.182400032877922,1.0617999956011772,0.9623999670147896,0.9016000255942345,0.8669000118970871,0.8491999804973603,0.83279999345541,0.8310000225901604,0.8354000076651574,0.838199980556965,0.8381999954581261,0.8379999995231627,0.8406999781727791,0.8343999832868577,0.8435999900102615,0.9155999943614006,0.9536999687552452,1.0450999587774277,1.0832000523805616,0.9309999793767929,0.752999983727932,0.6938000246882439,0.6666000112891197,0.6474000290036201,0.6357999816536903,0.6246000081300735,0.23472911875486674,0.38086041680460586
B6,B,6,0.35,0.3,0.7887999862432481,0.08699999749660492,1.0248000025749209,0.08579999953508377,0.6532999724149704,0.08349999785423279,0.6179000288248062,0.08749999850988388,1.1037999838590622,0.9976999685168266,0.9096999838948251,0.8548000082373622,0.8228000253438948,0.8055000007152557,0.7899000272154808,0.7864000126719475,0.7891000136733055,0.7907000258564949,0.789299987256527,0.7886000275611877,0.7902000024914742,0.7833999842405319,0.7900999933481216,0.8518999740481377,0.8876999840140343,0.9639999717473984,0.9969000369310379,0.8712999671697617,0.7079000100493431,0.6553000137209892,0.6303000077605247,0.6121000126004219,0.6015000119805336,0.5909000188112259,0.2484707808187407,0.33327245270975064
B7,B,7,0.35,0.25,0.7409999817609787,0.09380000084638596,0.9387000203132629,0.09130000323057176,0.6160999983549118,0.08879999816417694,0.5820000320672989,0.093299999833107,1.0252000540494919,0.932000033557415,0.8546000197529793,0.8059000000357628,0.7765999883413315,0.7604000270366669,0.7450999841094017,0.7405999824404716,0.7418999895453453,0.7415000274777412,0.7389999851584435,0.7366999983787537,0.7365999892354012,0.7297999709844589,0.7342000156641006,0.7872999832034111,0.816700004041195,0.8825999945402146,0.911300018429756,0.803099974989891,0.660800002515316,0.6140999719500542,0.5913999900221825,0.5744000151753426,0.5641000047326088,0.5535000115633011,0.2589073179220978,0.2877680074466876
B8,B,8,0.35,0.21,0.6920000165700912,0.09210000187158583,0.8484999537467957,0.09130000323057176,0.5736999958753586,0.08789999783039093,0.5434000045061111,0.09220000356435776,0.9449999779462814,0.8662000223994254,0.8004000261425972,0.758399985730648,0.7322000116109848,0.7173999845981598,0.702500008046627,0.6969000026583672,0.6960000023245811,0.693700022995472,0.6900999769568443,0.6868000030517578,0.6853000000119209,0.6783000081777574,0.6804999858140945,0.7228000089526176,0.7439999803900719,0.7993000000715256,0.8219999819993973,0.7251000255346298,0.6110999807715416,0.5709999725222588,0.5506000146269798,0.5353999808430672,0.5257999673485756,0.5158000141382217,0.27472892356393713,0.2376741179248195
B9,B,9,0.35,0.17,0.6245000213384628,0.10140000283718108,0.7415000200271605,0.09799999743700027,0.5226999968290329,0.09399999678134917,0.49369998276233673,0.09880000352859496,0.8328999727964399,0.7699000164866447,0.7170999720692635,0.6827000007033348,0.660300001502037,0.6469999849796295,0.6332000121474266,0.6266999766230583,0.6240999922156334,0.6201000288128853,0.6150999888777733,0.6108999848365784,0.6081000044941902,0.6011000126600266,0.6009000092744827,0.6327000185847282,0.6477999910712242,0.6902999728918076,0.7070999890565872,0.6314999908208847,0.5406999811530113,0.5080000087618828,0.4909000024199486,0.4771999791264534,0.4682000055909157,0.4591999799013138,0.2758914262190658,0.18342218689321144
B10,B,10,0.35,0.13,0.5720000118017197,0.10750000178813934,0.6488999724388123,0.10639999806880952,0.47460000216960907,0.10189999639987946,0.44849999248981476,0.10620000213384627,0.7409999817609787,0.6899999901652336,0.6470999792218208,0.6185999736189842,0.5993000119924545,0.5872999727725983,0.5747000202536583,0.5677999779582024,0.5643999800086021,0.5596000030636787,0.5538000091910362,0.5486999750137329,0.5450000241398811,0.5376999825239182,0.5360000282526016,0.5590000078082085,0.5693000182509422,0.6011000126600266,0.6129999905824661,0.5534000247716904,0.4813000187277794,0.454600028693676,0.44009997695684433,0.42820001393556595,0.4201999679207802,0.4121999889612198,0.2740941406142874,0.14045267175305123
B11,B,11,0.35,0.09,0.5034999698400496,0.10170000046491624,0.5415999889373779,0.10130000114440918,0.41760002076625824,0.09849999845027924,0.3929000049829483,0.10180000215768814,0.6415999978780746,0.6047000214457512,0.5726000145077705,0.5503000244498253,0.5340000241994858,0.5233000218868256,0.5115000233054161,0.5040000006556511,0.49960001558065414,0.4936000183224678,0.4875999912619591,0.4818999767303467,0.47759998589754105,0.4705999940633774,0.46730001270771027,0.4811999723315239,0.4860999807715416,0.5059000104665756,0.5120999962091446,0.4697999805212021,0.41939999908208847,0.3995000049471855,0.3880000039935112,0.3779999986290932,0.37099999934434885,0.36360000073909765,0.2723074118834879,0.09430338353113987
B12,B,12,0.35,0.0,0.3764999955892563,0.11169999837875366,0.33340001106262207,0.1112999990582466,0.31120000779628754,0.11060000211000444,0.2940000146627426,0.1128000020980835,0.43810002505779266,0.4286000058054924,0.4193999841809273,0.41100000590085983,0.4024000018835068,0.3952000141143799,0.3868000134825706,0.37879999727010727,0.37170001119375234,0.3637000098824501,0.3560999855399132,0.3486000001430512,0.34239999204874044,0.3351999968290329,0.32840000092983246,0.3223999962210655,0.31530001014471054,0.3090999871492386,0.3026000112295151,0.29680000245571136,0.29019998759031296,0.2851000055670738,0.27979999035596853,0.27379999309778214,0.26900000125169754,0.26380001008510595,0.2737734679752854,-0.004268109848877084
C1,C,1,0.3,0.5,0.9714000076055527,0.07190000265836716,1.3774999976158142,0.07370000332593918,0.785799965262413,0.07190000265836716,0.7411999851465226,0.07490000128746033,1.4516000002622604,1.3022999688982964,1.1316000297665596,1.0495999678969383,1.0068999975919721,0.9829999506473541,0.966199956834316,0.9692000076174736,0.9810000285506248,0.9910000041127205,0.9957999810576439,1.0015000104904175,1.00959999114275,1.0061000436544418,1.0251999646425247,1.1350999400019646,1.1964999660849571,1.3325999826192856,1.3885999470949173,1.1585999578237534,0.9011000022292138,0.8184999749064447,0.7830000147223473,0.7593000009655952,0.7459999695420265,0.7331000119447708,0.16522887267491987,0.5603590231092005
C2,C,2,0.3,0.46,0.9336999505758286,0.07419999688863754,1.2960999608039856,0.07159999758005142,0.7563000172376634,0.07129999995231627,0.7149999886751174,0.07559999823570251,1.3891000002622604,1.2288999482989311,1.0981999710202217,1.019800029695034,0.977000042796135,0.9568000137805939,0.9388000592589378,0.9405000135302544,0.9502999410033226,0.958299942314625,0.9617000445723534,0.9660999774932864,0.9723000004887581,0.9681000560522082,0.9841000586748123,1.0846000239253044,1.1434999927878378,1.2593999952077863,1.313999965786934,1.1163999885320663,0.8689000234007834,0.7918999716639519,0.7582000121474266,0.7350999787449837,0.7225000038743019,0.7097000032663345,0.18779037186860828,0.5135445089085013
C3,C,3,0.3,0.42,0.9245999902486801,0.07989999651908875,1.2600000500679018,0.07519999891519548,0.7548000067472458,0.0763000026345253,0.7137000113725662,0.08030000329017639,1.349499985575676,1.1995999738574028,1.0770000293850899,1.002500019967556,0.961599990725517,0.9412999451160431,0.9241000041365621,0.92490004748106,0.932900033891201,0.9394000247120857,0.9416999444365501,0.945099949836731,0.9508000090718269,0.9458000510931015,0.95969994366169,1.052200011909008,1.1060999855399132,1.2171000093221664,1.262899950146675,1.079200014472008,0.8487000092864037,0.7765999957919121,0.7446000203490257,0.7223000004887581,0.7097000256180763,0.6972000151872635,0.20984711104833909,0.47796780938788913
C4,C,4,0.3,0.38,0.8846000283956525,0.08100000023841858,1.1975000500679018,0.07509999722242355,0.727500006556511,0.07689999788999557,0.6851999908685684,0.08150000125169754,1.2821000069379807,1.1441999599337578,1.0306999757885933,0.9611999616026878,0.9227999895811081,0.9036000072956085,0.886400006711483,0.885999970138073,0.8927999958395958,0.8980000093579293,0.8993000015616418,0.9014999866485596,0.9059000089764595,0.9007999747991561,0.9131000190973283,0.9976000115275385,1.0426999554038046,1.1483000367879868,1.1919999867677689,1.0142999738454819,0.8103999719023705,0.7440000101923943,0.7130000218749046,0.6918000057339668,0.6791999712586402,0.6670000106096268,0.21779765372141313,0.44064656183639056
C5,C,5,0.3,0.34,0.8284000009298325,0.08070000261068344,1.1003000140190125,0.0763000026345253,0.6799999922513962,0.07689999788999557,0.6430000215768814,0.08110000193119049,1.2026999443769455,1.095600001513958,0.9721000269055367,0.9109000191092492,0.8774000257253647,0.8573000133037567,0.8417999967932702,0.8396999761462212,0.8449999913573266,0.8485999777913094,0.8488000258803367,0.8499000072479248,0.8531000092625619,0.8473999947309491,0.8571000248193741,0.9318999573588371,0.975800059735775,1.0675999969244003,1.1067000180482864,0.956699952483177,0.763699971139431,0.7025999948382378,0.6742000207304955,0.6542000249028206,0.6425999775528908,0.6312000304460526,0.2290268095475305,0.39486087700553923
C6,C,6,0.3,0.3,0.7934999912977219,0.08209999650716783,1.0330999493598938,0.0803999975323677,0.6564000099897385,0.08340000361204147,0.6183999925851822,0.08760000020265579,1.1226000040769577,1.012199990451336,0.9200999811291695,0.8632999882102013,0.8302000015974045,0.8127000033855438,0.7966000065207481,0.793799988925457,0.7970000132918358,0.798999972641468,0.7980000004172325,0.7979000210762024,0.7996999695897102,0.7933999747037888,0.8008999973535538,0.8662999793887138,0.9011000022292138,0.9854999631643295,1.0208999663591385,0.8809999674558638,0.7176000103354454,0.6622999832034111,0.6365999802947044,0.6183000281453133,0.6070999875664711,0.5963999778032303,0.23832861668201635,0.3498661998114225
C7,C,7,0.3,0.25,0.7370999902486801,0.09019999951124193,0.9273000359535217,0.08749999850988388,0.6099999994039536,0.08609999716281891,0.5752999931573868,0.09030000120401382,1.029899999499321,0.9369000121951101,0.8588000014424323,0.8096999749541283,0.7803000062704086,0.7640000283718109,0.7483999952673912,0.743799977004528,0.7446000203490257,0.7440000250935555,0.7415999993681908,0.7394999861717224,0.739499993622303,0.7330999821424484,0.7371999770402908,0.7903000041842461,0.8180999979376793,0.8866000026464462,0.9150999933481216,0.8001999706029892,0.6631999835371971,0.6163999959826469,0.593499980866909,0.5766999796032906,0.5661999955773354,0.5557000190019608,0.260586890372872,0.28864905248629535
C8,C,8,0.3,0.21,0.7038000077009201,0.09510000050067904,0.8562000393867493,0.09359999746084212,0.58399997651577,0.09210000187158583,0.5517000108957291,0.09600000083446504,0.9621999710798264,0.8814999982714654,0.8140999749302864,0.7711000069975853,0.7451000064611435,0.7298999726772308,0.7154000028967857,0.709900014102459,0.709599994122982,0.706699974834919,0.7033000215888023,0.6998999714851379,0.6984999850392342,0.6914999932050705,0.693900004029274,0.737900011241436,0.7597999796271324,0.8174000233411789,0.8412000089883805,0.7419999688863754,0.6240999922156334,0.58320003002882,0.5626999959349632,0.5468999817967415,0.537399984896183,0.5273999720811844,0.27568511681900193,0.24612823116894436
C9,C,9,0.3,0.17,0.6309000104665756,0.09449999779462814,0.7421000003814697,0.09229999780654907,0.5232000201940536,0.0917000025510788,0.4936000257730484,0.09570000320672988,0.8537999838590623,0.7883999869227409,0.7329999879002571,0.6972999796271324,0.6743000000715256,0.6602999866008759,0.6468000039458275,0.6406999751925468,0.6389000043272972,0.6355000212788581,0.6307999715209007,0.6265000104904175,0.6236999705433846,0.6160999983549118,0.615899994969368,0.6488000079989433,0.66440000385046,0.7086999863386154,0.7263000160455704,0.6479999870061874,0.5543999895453453,0.52070003002882,0.5031000003218651,0.48920000344514847,0.47999999672174454,0.4706999808549881,0.27827699003701994,0.19111654894763566
C10,C,10,0.3,0.13,0.5828999727964401,0.10000000149011612,0.6603000164031982,0.09780000150203703,0.48250000178813934,0.09780000150203703,0.45510001480579376,0.09929999709129332,0.7668000310659409,0.7138000056147575,0.6690999940037727,0.6389000043272972,0.6184999793767929,0.6062000095844269,0.5933000072836876,0.5861999914050102,0.5832000002264977,0.5787000134587288,0.5730999931693077,0.567799985408783,0.5643000081181526,0.5570999830961227,0.5556000024080276,0.5795999690890312,0.5902999863028526,0.6233000010251999,0.6355999857187271,0.5731999725103378,0.49810000509023666,0.47049998492002487,0.4554000124335289,0.44269997626543045,0.434500016272068,0.42579998075962067,0.2804376524645203,0.14763033862085045
C11,C,11,0.3,0.09,0.5138999670743942,0.10199999809265137,0.5526999831199646,0.09950000047683716,0.42580001056194305,0.09920000284910202,0.4001000076532364,0.10109999775886536,0.6547999829053879,0.6176999732851982,0.5853999927639961,0.5628000125288963,0.5466999858617783,0.535999983549118,0.5243000015616417,0.5164999887347221,0.5115999802947044,0.5051000192761421,0.4983999952673912,0.49239999055862427,0.487699992954731,0.4802999943494797,0.47679997980594635,0.49059998244047165,0.4957999810576439,0.5149000138044357,0.5208000093698502,0.48169998824596405,0.42799999564886093,0.40830000489950186,0.39669998735189443,0.3863000050187111,0.37910000234842306,0.37159998714923864,0.2816477806750806,0.09339977987330017
C12,C,12,0.3,0.0,0.37550000846385956,0.10920000076293944,0.32580000162124634,0.10440000146627426,0.3017999976873398,0.10270000249147417,0.2830000072717667,0.10429999977350236,0.44109998643398285,0.4312000200152397,0.4218999817967415,0.4131999835371971,0.40429998934268957,0.39700001478195196,0.3887999877333641,0.3805000111460686,0.37369998544454575,0.365399993956089,0.358099989593029,0.35069999098777765,0.34450001269578934,0.33729998767375946,0.3306999951601028,0.3242999836802481,0.3173000141978264,0.31100000441074377,0.3047000020742417,0.2986000031232834,0.2921000048518181,0.28649999946355825,0.28120001405477524,0.2750000134110451,0.2701999917626381,0.2650999873876571,0.27451354526792837,-0.0036812298530184335
D1,D,1,0.25,0.5,0.9665000289678574,0.07259999960660933,1.3711000084877014,0.06970000267028809,0.7800000160932541,0.07039999961853027,0.7361999899148942,0.07440000027418138,1.4526999443769455,1.2777000591158867,1.1345000341534615,1.0486000403761864,1.002800032496452,0.9807999432086945,0.9623000249266624,0.9659000560641289,0.9767000302672386,0.9877000525593758,0.9921999797224998,0.9977999925613403,1.006300039589405,1.0024000257253647,1.0214999467134476,1.1329000517725945,1.1939000114798546,1.3328000158071518,1.3909999877214434,1.157299980521202,0.8983999714255331,0.8148999735713005,0.7781999930739403,0.7545999959111214,0.7408000007271767,0.7281999737024307,0.15792545623556778,0.565361309126681
D2,D,2,0.25,0.46,0.8886999934911726,0.0778999999165535,1.254300057888031,0.0738999992609024,0.7233999818563461,0.07639999687671661,0.6815999895334244,0.07980000227689743,1.332299992442131,1.175899975001812,1.047099955379963,0.9695000275969505,0.9275999516248703,0.9066000282764436,0.8890000209212302,0.8906000182032584,0.8999999985098838,0.9082999899983405,0.9116999730467796,0.9163000583648684,0.9231999590992928,0.9191000312566757,0.9349000006914139,1.034400038421154,1.0893000587821007,1.2132999747991562,1.2666999846696854,1.0614999383687973,0.8276000246405602,0.7517999932169914,0.718000017106533,0.6956999972462654,0.6830000057816505,0.6704999953508377,0.1625382984899993,0.5048876049989414
D3,D,3,0.25,0.42,0.8601000159978867,0.07620000094175339,1.1984999775886536,0.07190000265836716,0.7064000219106674,0.07500000298023224,0.6670000106096268,0.0786999985575676,1.2795999497175217,1.134299986064434,1.0140999630093575,0.9408000335097313,0.9007999747991561,0.8807999789714813,0.8629999980330466,0.863399975001812,0.8714999780058862,0.8779000118374826,0.8803000077605246,0.8834999799728394,0.8898000195622443,0.8852000087499619,0.8988000303506851,0.9900999590754509,1.039899967610836,1.1547000259160995,1.2039000540971756,1.0153000205755234,0.7985999807715416,0.727699987590313,0.695899985730648,0.6744999960064888,0.661900021135807,0.6498999744653702,0.17941362693678536,0.4666035839085539
D4,D,4,0.25,0.38,0.8244000524282455,0.07819999754428864,1.1326000094413757,0.07169999927282332,0.677499994635582,0.07429999858140945,0.6373000293970108,0.07940000295639038,1.2183000296354294,1.0838999673724174,0.972900040447712,0.9051000103354454,0.8673999756574631,0.8481999933719636,0.8313999995589256,0.8304999992251396,0.8373999819159508,0.8424999788403513,0.8442999944090843,0.8463000059127808,0.8513000085949899,0.8465999811887741,0.8586999922990799,0.9418000504374504,0.9873999580740929,1.0931999534368515,1.1388999968767164,0.9660999625921252,0.765499971807003,0.6992999836802483,0.669200025498867,0.6485999897122383,0.6363000050187111,0.624300017952919,0.1895239793451934,0.430888345939199
D5,D,5,0.25,0.34,0.7909999936819077,0.0820000022649765,1.067300021648407,0.07930000126361847,0.6521999686956406,0.08110000193119049,0.6131000071763992,0.08550000190734862,1.153100058436394,1.030400030314922,0.9290000274777415,0.8664000257849692,0.8310999721288681,0.8128000199794769,0.7966000065207481,0.7947000190615654,0.7999000176787376,0.803799994289875,0.8040999993681908,0.8051999807357788,0.8089000061154366,0.8035999983549118,0.8133999854326248,0.8884000107645988,0.9290000423789024,1.024600014090538,1.0664000064134598,0.9101999849081038,0.7271999940276146,0.6661999747157097,0.6379999741911888,0.6183999851346016,0.6069000139832497,0.5957999974489212,0.20204029465904097,0.3903933854158855
D6,D,6,0.25,0.3,0.7466000169515609,0.08009999990463257,0.9879999756813049,0.08060000091791153,0.618599995970726,0.0820000022649765,0.579599991440773,0.08560000360012054,1.0700999945402148,0.9778000041842463,0.8697000220417975,0.815499983727932,0.7851999849081039,0.766400009393692,0.7515999898314476,0.7490000054240227,0.7521000131964684,0.7543000057339668,0.7536000236868858,0.7533000111579895,0.7552999928593636,0.7494000047445297,0.7572999745607376,0.8219000026583673,0.8570000156760215,0.9402999728918076,0.9770999699831009,0.8414000123739243,0.6810999736189842,0.6273000165820122,0.60190000385046,0.5838999822735786,0.5732999816536903,0.5623999983072281,0.21591275158315223,0.3413355239861332
D7,D,7,0.25,0.25,0.6997999995946885,0.08910000324249268,0.8996999859809875,0.09120000153779984,0.5807999819517136,0.08709999918937683,0.5447999984025955,0.09210000187158583,0.9789000004529953,0.8857999965548514,0.8089000061154366,0.7598999962210655,0.7308000177145004,0.714599996805191,0.6993000134825706,0.6952999755740166,0.6968999728560448,0.6970999911427498,0.6954999789595604,0.694100022315979,0.6947000101208687,0.6891000121831894,0.6941999942064285,0.7487000152468681,0.7779000028967857,0.8487999886274339,0.8804000169038773,0.7654999941587448,0.6278000101447105,0.5804999992251396,0.5578999742865562,0.5410999730229378,0.5307000055909157,0.5204000025987625,0.22483209380210403,0.2914561861023048
D8,D,8,0.25,0.21,0.6238000243902208,0.08829999715089798,0.7825999855995177,0.08659999817609787,0.5168999880552292,0.08590000122785567,0.4868999868631363,0.090999998152256,0.8666000217199327,0.8002999946475029,0.7227000072598457,0.6821000203490257,0.6586999744176865,0.6430999934673309,0.6300000175833702,0.6252000257372856,0.6254000291228294,0.6237999871373177,0.6206000074744225,0.617900013923645,0.6172999814152718,0.6109999865293503,0.6136999875307083,0.6576999947428703,0.6804999932646751,0.7391000241041183,0.7643000036478043,0.669099971652031,0.5545000061392784,0.5143999978899956,0.49479999393224716,0.4800000265240669,0.47099999338388443,0.4616999775171281,0.22672258160031641,0.23625715420013038
D9,D,9,0.25,0.17,0.5577999800443649,0.09640000015497208,0.6780999898910522,0.09369999915361404,0.464399978518486,0.0917000025510788,0.4373999983072281,0.09570000320672988,0.7566000074148178,0.6948000118136406,0.6427000239491464,0.6088000163435936,0.587100014090538,0.5743000209331512,0.5615999922156334,0.5561000034213066,0.5546999797224998,0.551999993622303,0.5481000170111656,0.5447999835014343,0.5428999736905098,0.5366999953985214,0.5371999889612198,0.5698000118136406,0.5866000279784203,0.630999967455864,0.6502999812364578,0.5753999799489975,0.4846000298857689,0.4524000212550163,0.4361000284552574,0.4236000254750252,0.41529998928308487,0.4073000103235244,0.22753407805257522,0.18261188911672985
D10,D,10,0.25,0.13,0.49209998548030853,0.10170000046491624,0.5787000060081482,0.0980999991297722,0.40869997441768646,0.0957999974489212,0.38419999182224274,0.10019999742507936,0.6471000164747238,0.599200002849102,0.5579000189900398,0.530500017106533,0.5120000094175339,0.5010000169277192,0.4895000085234642,0.4836999699473381,0.4813999757170677,0.47770000249147415,0.47349997609853745,0.4697999954223633,0.46719998866319656,0.4611000269651412,0.4602000266313553,0.48419999331235886,0.49560000747442245,0.5283999890089034,0.5420000106096268,0.4844999760389328,0.41390001028776163,0.3880999907851219,0.3742000088095665,0.36309999972581863,0.3556999936699868,0.3482999950647354,0.21910498531980907,0.13653898076100532
D11,D,11,0.25,0.09,0.4219999760389328,0.1031000018119812,0.4667999744415283,0.09929999709129332,0.34849999845027924,0.09719999879598618,0.3261000066995621,0.10000000149011612,0.5494000166654587,0.5142999812960625,0.48409999161958694,0.46300002187490463,0.44840000569820404,0.43859997391700745,0.42859997600317,0.42229997366666794,0.4188999757170677,0.4139999821782112,0.4087999984622002,0.40400001406669617,0.4007000103592872,0.3945999890565873,0.3920000046491623,0.4067999944090843,0.41359999030828476,0.434100016951561,0.44190002977848053,0.40379999577999115,0.35170000046491623,0.3329000100493431,0.3221999928355217,0.3132000043988228,0.30719999223947525,0.30080001056194305,0.21886864702743022,0.08993905318342757
D12,D,12,0.25,0.0,0.2837999910116196,0.11010000109672546,0.24669998884201055,0.10570000112056732,0.2268999963998795,0.10350000113248824,0.2119000107049942,0.1054999977350235,0.3439999967813492,0.3356000110507011,0.3278999999165535,0.3207000121474266,0.3135000020265579,0.30759999155998224,0.30079998821020126,0.2941999956965447,0.2887000069022179,0.28220001608133316,0.2761000022292137,0.27039998769760126,0.2654999867081642,0.26000000536441803,0.254600003361702,0.2495999857783317,0.24360000342130667,0.23909999430179596,0.2336999922990799,0.22899998724460596,0.22359999269247055,0.2197000011801719,0.21529998630285263,0.21059999614953995,0.20670000463724136,0.20240001380443573,0.21497645246786565,-0.005177576360905211
E1,E,1,0.2,0.5,0.8928999751806259,0.07150000333786011,1.3061999678611755,0.07079999893903732,0.7229999750852586,0.06870000064373016,0.6803000122308731,0.07169999927282332,1.3778000324964523,1.2059999629855156,1.0649000480771065,0.9800999984145164,0.9348999708890915,0.9129000008106232,0.8951000198721886,0.8985000178217888,0.9101000055670738,0.9207000210881233,0.9261999949812889,0.9330999851226809,0.9418999627232552,0.9391000121831892,0.9575000554323194,1.0692999884486198,1.1310999616980553,1.2708999961614609,1.3323000222444534,1.104899987578392,0.8456999883055687,0.7627000138163567,0.7264999970793724,0.7030000165104866,0.6899999752640724,0.6778000146150589,0.11801908979029861,0.5591721948012621
E2,E,2,0.2,0.46,0.8454999774694443,0.07599999755620956,1.2166000008583069,0.07559999823570251,0.689500018954277,0.07410000264644623,0.6477999836206436,0.07829999923706055,1.2869999855756762,1.13289999216795,1.004899986088276,0.9275999888777733,0.8856000155210495,0.8649000227451323,0.8476000055670738,0.8496000096201896,0.858999989926815,0.8678000047802925,0.8714000210165979,0.8762999773025513,0.8837000206112862,0.8796999901533127,0.8955000191926955,0.9949000403285027,1.0511000379920006,1.1755000203847885,1.2319000512361526,1.0284999459981918,0.7956000193953514,0.7192000076174736,0.6856000050902367,0.6634000018239021,0.6507999673485756,0.6387000232934952,0.13661153478473104,0.5024242002572967
E3,E,3,0.2,0.42,0.8016999810934067,0.07850000262260437,1.1451000571250916,0.0771000012755394,0.6598999947309494,0.07490000128746033,0.6218000203371048,0.08089999854564668,1.2076000422239304,1.0669000074267385,0.9500000551342964,0.8783999904990196,0.8392000049352645,0.8197999894618988,0.8024999722838402,0.8033000156283379,0.8111999854445457,0.8183000162243843,0.8212999925017358,0.8252000212669371,0.8309999778866767,0.8272999972105025,0.8408000022172927,0.931299977004528,0.9816999658942223,1.0958000272512434,1.1467999964952469,0.9639999717473984,0.7510000094771385,0.6811000034213066,0.6498000249266624,0.6287000253796577,0.6166999712586402,0.605200007557869,0.14637662794419787,0.4575100240605171
E4,E,4,0.2,0.38,0.7693999856710433,0.0820000022649765,1.0827999711036682,0.08320000022649765,0.6349999755620956,0.07909999787807465,0.5963999778032303,0.08349999785423279,1.14730004966259,1.0160000249743462,0.9081999734044075,0.8419000133872032,0.8048000186681747,0.7859000265598297,0.7691999897360802,0.7685999795794487,0.7754000052809715,0.7813000157475471,0.7831999883055687,0.7857000231742859,0.7904999926686287,0.7865999788045883,0.798100009560585,0.8810999915003777,0.9305999502539635,1.0333000272512434,1.0805999785661697,0.9221999496221542,0.7154000028967857,0.6500000283122063,0.6203999742865561,0.6003999784588814,0.5886999741196632,0.5775000005960464,0.15617543756834523,0.42140025176218787
E5,E,5,0.2,0.34,0.7336000055074693,0.08879999816417694,1.0107999444007874,0.08630000054836273,0.6043999642133713,0.0835999995470047,0.565899983048439,0.0869000032544136,1.0755000561475754,0.9575999900698662,0.859300024807453,0.7989999875426292,0.7642999738454819,0.7464000284671783,0.7309000119566917,0.7296000048518181,0.7346999868750572,0.7386000230908394,0.7399999722838402,0.741599977016449,0.7453000023961067,0.740599974989891,0.7504000216722488,0.8249999806284904,0.8660000190138817,0.9619999974966051,1.0056999474763868,0.8551000207662582,0.6756999716162682,0.6158999726176262,0.5886000022292137,0.5698999837040901,0.5591000095009804,0.5485000163316727,0.1652099468748964,0.38163565831903495
E6,E,6,0.2,0.3,0.693000003695488,0.09149999916553496,0.9396999478340149,0.09200000017881392,0.5736999958753586,0.08820000290870668,0.5371000319719315,0.09030000120401382,0.9893999546766281,0.8850999996066095,0.7982999756932259,0.7439000234007835,0.7125000208616257,0.6960000097751617,0.6809000000357628,0.6783999726176262,0.6820000037550926,0.6851000264286995,0.6850999817252159,0.6855999827384949,0.6880999878048897,0.6834999769926071,0.6911000162363052,0.7558000013232231,0.7919000014662743,0.8763999789953231,0.9149999767541885,0.7840000241994858,0.6260000094771385,0.5727000162005424,0.5481000170111656,0.530600018799305,0.5204000249505043,0.5101999789476395,0.1725683417814483,0.33538673287262416
E7,E,7,0.2,0.25,0.6363000124692917,0.09179999679327012,0.8425000309944153,0.0934000015258789,0.5265999883413315,0.0908999964594841,0.494499996304512,0.094200000166893,0.8996000140905382,0.8223000094294548,0.731800027191639,0.685199998319149,0.6590000241994858,0.6422000229358673,0.6289999708533287,0.6259000226855278,0.6275999769568443,0.6287999823689462,0.627500019967556,0.626800000667572,0.628200002014637,0.6227000206708908,0.627900019288063,0.6826000139117241,0.7126999720931053,0.7844999879598618,0.817800000309944,0.7053999751806259,0.5693000182509422,0.5228000208735466,0.5007999762892723,0.4850999787449837,0.47550002485513687,0.46630002558231354,0.1830687694216768,0.28443359773069743
E8,E,8,0.2,0.21,0.5778999775648117,0.09300000220537186,0.7451999783515929,0.09239999949932096,0.4794999808073044,0.09229999780654907,0.4497000128030777,0.09520000219345093,0.8033000081777573,0.7278000041842461,0.6646000221371651,0.6238000020384789,0.5990999788045883,0.5851999819278717,0.5719999894499779,0.5677999779582024,0.5682999715209007,0.5677999928593636,0.5657999739050865,0.564300000667572,0.5645999982953072,0.559100016951561,0.562299981713295,0.6068000122904778,0.6307999715209007,0.6899000257253647,0.7170000225305557,0.623400017619133,0.5086000189185143,0.46890001744031906,0.4494999870657921,0.4351000264286995,0.4262000098824501,0.41749997437000275,0.18821651380583146,0.23464512604720417
E9,E,9,0.2,0.17,0.514399990439415,0.098300002515316,0.6384000182151794,0.09510000050067904,0.4279000014066696,0.0934000015258789,0.40060003101825714,0.09610000252723694,0.7057999819517136,0.6450999900698662,0.593699999153614,0.5600999817252159,0.5390000194311142,0.5266999900341034,0.5144999846816063,0.5096999928355217,0.5086000189185143,0.5069999769330025,0.5039000138640404,0.5015000104904175,0.5002999976277351,0.49469999969005585,0.49619998037815094,0.530099980533123,0.548199974000454,0.5939999669790268,0.614699974656105,0.5404999703168869,0.44930001348257065,0.416999988257885,0.4006999954581261,0.3881000056862831,0.3804999962449074,0.3726999908685684,0.1943394132749958,0.18363811575279285
E10,E,10,0.2,0.13,0.45990000665187836,0.10170000046491624,0.5486000180244446,0.09759999811649324,0.38009999692440033,0.0957999974489212,0.35499997437000275,0.09849999845027924,0.6166000217199326,0.5677999779582024,0.5262000039219856,0.4985000118613243,0.4802999943494797,0.4691999852657318,0.4583999738097191,0.4530000016093254,0.4512999877333641,0.44849998503923416,0.4448999986052513,0.44179999828338623,0.44029999524354935,0.43480001389980316,0.43470002710819244,0.46039997786283493,0.4731999859213829,0.5085999816656113,0.5238999873399734,0.4650999754667282,0.39270000904798513,0.36639999598264694,0.3525000140070915,0.3416999951004982,0.33449999243021017,0.32750000059604645,0.1928140314455262,0.14206448419561946
E11,E,11,0.2,0.09,0.39570002257823944,0.10649999976158142,0.4448000192642212,0.10119999945163727,0.3271999806165695,0.10000000149011612,0.30500002205371857,0.10119999945163727,0.5156000107526779,0.480800025165081,0.45080000907182693,0.42990001291036595,0.4154999703168869,0.4061000049114228,0.39639999717473984,0.39079999178648,0.3875999972224235,0.38340000063180923,0.37890001386404043,0.3747999966144563,0.37199998646974564,0.3663999885320664,0.36479999125003815,0.3803000077605247,0.3871000036597252,0.4089999943971634,0.41759999096393585,0.3773000091314316,0.32739999145269394,0.3085000142455101,0.29820000380277634,0.2893999889492989,0.2834000065922737,0.2774000018835067,0.19612250197403927,0.09068629200284627
E12,E,12,0.2,0.0,0.24940000474452972,0.1079000011086464,0.21570000052452087,0.10360000282526016,0.20000000298023218,0.1031000018119812,0.1860000044107437,0.1039000004529953,0.305500015616417,0.2982000038027763,0.2915000095963478,0.28519999235868454,0.27870000898838043,0.2734000086784363,0.26730000227689743,0.261400006711483,0.25640001147985464,0.25050000101327896,0.24510001391172415,0.23989999294281006,0.2353999987244606,0.2304999977350235,0.2257000058889389,0.2212999984622001,0.21609999984502792,0.2117999941110611,0.20709998905658722,0.202799990773201,0.19820000976324081,0.19440000504255295,0.1905000135302543,0.18620000034570694,0.18269998580217356,0.17889998853206635,0.19165489647072143,-0.005198087819908092
F1,F,1,0.15,0.5,0.853800043463707,0.07580000162124634,1.2816000580787659,0.07850000262260437,0.6941999644041061,0.0746999979019165,0.6533000022172928,0.07890000194311142,1.3176999539136887,1.1489000245928764,1.0101000145077705,0.9263000115752222,0.8817000240087508,0.8602000176906586,0.8426000103354454,0.8458999916911122,0.8574999794363974,0.8686000183224677,0.8743999823927878,0.8812000155448914,0.890100009739399,0.8875999897718428,0.9064999967813492,1.0172999426722527,1.0814000591635704,1.2211999744176865,1.285000041127205,1.06190000474453,0.8052000030875206,0.7226999923586845,0.6867000088095665,0.6635000184178352,0.6510000005364418,0.6390000134706497,0.08782939502156457,0.5531397773774563
F2,F,2,0.15,0.46,0.8036999553442001,0.07919999957084656,1.182200014591217,0.07680000364780426,0.6546000093221664,0.07410000264644623,0.6143000274896622,0.07769999653100967,1.2298000305891037,1.0780999585986137,0.9528999403119087,0.8762999996542931,0.8350000232458115,0.8143000304698944,0.7973000034689903,0.7987999841570854,0.8085999712347984,0.8179000094532966,0.822100006043911,0.8274999856948851,0.8351000025868415,0.8321000188589097,0.8480000048875809,0.9477999731898308,1.0045000538229942,1.1298999637365343,1.1891999989748,0.9896000474691391,0.7569999918341637,0.6815000101923943,0.648300014436245,0.626400001347065,0.6141000166535378,0.6024000197649002,0.10601340489065697,0.4987560729298108
F3,F,3,0.15,0.42,0.7534000128507613,0.0820000022649765,1.0964999794960022,0.07779999822378159,0.6181999891996384,0.07720000296831131,0.580800011754036,0.0803999975323677,1.1473999470472334,1.0089000388979912,0.8942999914288521,0.8236999735236168,0.7848999947309494,0.7651999890804291,0.7488000020384789,0.7501000091433525,0.7583000287413597,0.7658000066876411,0.7694000229239464,0.7735999822616577,0.7802999690175056,0.7764999717473984,0.7903999835252762,0.8809000179171562,0.9322999939322474,1.0476000159978867,1.1009000092744827,0.921499952673912,0.709599994122982,0.6393999978899956,0.6081999763846397,0.5873000100255013,0.5757000222802163,0.5646000057458878,0.11360494459151253,0.4535035085985181
F4,F,4,0.15,0.38,0.7182000130414963,0.08299999684095383,1.035800039768219,0.08179999887943268,0.5914999693632126,0.07890000194311142,0.5547999888658524,0.08160000294446945,1.0846000164747238,0.9572999402880671,0.8513000085949899,0.7864999994635582,0.7501000016927719,0.731799989938736,0.7159000262618065,0.715799979865551,0.7227999791502953,0.7289000228047371,0.731700025498867,0.7346000075340271,0.7399000003933907,0.7362000197172165,0.747999981045723,0.830699972808361,0.8775999769568443,0.9841999858617783,1.0337999612092972,0.8696999996900558,0.6739000305533409,0.6090999767184258,0.5800000056624413,0.560400016605854,0.5494000092148781,0.5388000160455704,0.12362492303790829,0.4168560547972279
F5,F,5,0.15,0.34,0.6817999929189682,0.08959999680519104,0.9669000506401062,0.08699999749660492,0.5652000159025191,0.0835999995470047,0.5313000231981277,0.08730000257492065,1.0111999958753586,0.896199993789196,0.8000999763607979,0.7409000024199486,0.7076999992132187,0.6900999844074249,0.6748000010848045,0.6739000007510185,0.6793999895453453,0.6836999729275703,0.6853999719023705,0.6875,0.6918000057339668,0.6880000084638596,0.6980000287294388,0.7725999876856804,0.8144999966025352,0.9108999818563462,0.9568000584840775,0.8091999739408493,0.6318000182509422,0.5728999897837639,0.5457999929785728,0.5277000144124031,0.5171000137925148,0.5072999745607376,0.13191929563897872,0.3765046685833921
F6,F,6,0.15,0.3,0.6349000185728073,0.09539999812841417,0.879800021648407,0.0966999977827072,0.5261999815702438,0.09120000153779984,0.4943000227212906,0.094200000166893,0.9176999777555466,0.831899993121624,0.7313000038266182,0.6799000129103661,0.65140001475811,0.6339000165462494,0.6202000007033348,0.618199996650219,0.6220000013709068,0.6252999976277351,0.6260000094771385,0.6273000240325928,0.6305000260472298,0.6263999789953232,0.6340999752283096,0.6982999965548515,0.7341000065207481,0.8182999938726425,0.8578000217676163,0.7302999943494797,0.5753000006079674,0.5228999778628349,0.4983999952673912,0.48170001059770584,0.4718000069260597,0.4626000076532364,0.1402632476011801,0.32585751377985145
F7,F,7,0.15,0.25,0.5727999657392502,0.09430000185966493,0.779100000858307,0.09610000252723694,0.4741999953985214,0.09109999984502792,0.4446000009775162,0.09369999915361404,0.8171999901533127,0.7315999791026115,0.6593999937176704,0.6139000281691551,0.587100014090538,0.5725999772548676,0.5593999847769737,0.5569000169634819,0.5593000277876854,0.5614000037312508,0.5611000284552574,0.5612000226974487,0.5633000209927559,0.5588000267744064,0.5644000321626663,0.6176999732851982,0.6505000218749046,0.7190999835729599,0.7523999959230423,0.6517000049352646,0.5139000043272972,0.4686000272631645,0.447100006043911,0.43210000544786453,0.4230000153183937,0.41439999639987946,0.14348056227840772,0.2749478696679628
F8,F,8,0.15,0.21,0.5304000228643417,0.09610000252723694,0.7060999870300293,0.0957999974489212,0.44200001657009114,0.09269999712705612,0.4130000025033951,0.09700000286102296,0.7459000200033188,0.6819999739527701,0.6068999841809273,0.5672000274062157,0.5448999851942062,0.5305000245571136,0.5186000093817711,0.5153999850153923,0.5165999755263329,0.5170999839901924,0.5159999951720238,0.515500009059906,0.5166000202298164,0.5124000161886215,0.5162999778985977,0.5624999925494194,0.5881999954581261,0.6499000042676926,0.6792000085115434,0.5842000097036362,0.46879997104406357,0.42889999598264694,0.40940000861883163,0.395500011742115,0.38709998875856394,0.37890000641345983,0.14890651690766651,0.23789488719339857
F9,F,9,0.15,0.17,0.4593999832868576,0.10000000149011612,0.5900999903678894,0.09790000319480896,0.3853999823331833,0.09759999811649324,0.36100001633167267,0.10130000114440918,0.637100026011467,0.5777000114321709,0.5270000174641609,0.4942000135779381,0.4740000218153,0.46209999918937683,0.451199971139431,0.44749998301267624,0.44760002940893173,0.4472000077366829,0.4450000151991844,0.44370001554489136,0.4437999799847604,0.43950001895427704,0.4416999965906143,0.4771000072360039,0.4964999780058861,0.5447999686002731,0.5675000101327896,0.493599995970726,0.4018999859690666,0.36970000714063644,0.3537999913096428,0.341899998486042,0.33449999243021017,0.32720001041889196,0.14873411822149576,0.1858462158324266
F10,F,10,0.15,0.13,0.40629999339580536,0.10750000178813934,0.5008000135421753,0.10360000282526016,0.3393000215291977,0.10260000079870224,0.31790001690387726,0.10620000213384627,0.5488999933004379,0.50160001963377,0.46139997988939285,0.43460001796483994,0.41760002076625835,0.40749999880790716,0.3975000008940696,0.3930999860167504,0.3921999856829643,0.3906000033020973,0.38780000060796743,0.3858999907970429,0.3850999847054481,0.38079999387264246,0.3816000074148178,0.4083999916911125,0.42249997705221176,0.45909999310970306,0.47609998285770416,0.41760002076625824,0.3458999916911125,0.3203000053763389,0.3068999871611595,0.29670000821352,0.29029998928308487,0.28399999439716345,0.15069142242726916,0.14214134547321142
F11,F,11,0.15,0.09,0.3414999693632126,0.11320000141859055,0.3995000123977661,0.10899999737739564,0.2840999811887741,0.10620000213384627,0.2654000073671341,0.10830000042915344,0.443000003695488,0.4097999855875969,0.3813999965786934,0.3618000075221061,0.34859998524188995,0.3402999937534333,0.331899993121624,0.3273000046610832,0.3252000138163566,0.32220000773668295,0.31890001147985464,0.3161000013351441,0.3141000047326088,0.3099000006914139,0.3090000003576279,0.3253999873995781,0.3341999873518944,0.3566000014543534,0.3660999983549118,0.32919998466968536,0.27830000966787344,0.2603000029921531,0.25039999932050705,0.2426000013947487,0.23740000277757645,0.2322000116109848,0.1515883033628492,0.0903178689262468
F12,F,12,0.15,0.0,0.2043999880552292,0.11869999766349792,0.17960000038146973,0.11420000344514848,0.16930000483989716,0.11420000344514848,0.15850000083446503,0.11599999666213988,0.2336999922990799,0.22910001128911972,0.2225000038743019,0.21749999374151235,0.21310000121593475,0.2084999978542328,0.20410000532865524,0.19940000027418137,0.19539999216794968,0.19099999219179153,0.1865999922156334,0.18250000476837158,0.17890001088380814,0.17490001022815704,0.1711999922990799,0.16759999841451645,0.16379999369382858,0.16049998998641968,0.15670000016689298,0.15330000221729279,0.14979999512434009,0.14680000394582748,0.1436999961733818,0.1405000016093254,0.13780000060796738,0.13490000367164615,0.14790434417386292,-0.005469571849476169
G1,G,1,0.1,0.5,0.8128000348806381,0.07940000295639038,1.2428000569343567,0.08129999786615373,0.6621000021696091,0.07530000060796738,0.6228000074625015,0.07840000092983246,1.2673000544309614,1.1025999709963799,0.9658000543713572,0.8836000189185143,0.8392000049352645,0.8176999986171724,0.8000999912619591,0.8033999726176262,0.8153000101447107,0.8269000127911568,0.8333000168204306,0.8407999873161316,0.8503000214695932,0.8486000150442125,0.8675999790430069,0.979000024497509,1.0440999493002892,1.1858999580144882,1.2516999989748,1.0320999473333359,0.7758000120520592,0.6930000111460686,0.6573999747633934,0.634800024330616,0.6223000064492226,0.6107999831438065,0.060018031031244916,0.5523782238204239
G2,G,2,0.1,0.46,0.7485999912023545,0.08380000293254852,1.1295999884605408,0.08810000121593475,0.615599974989891,0.0794999971985817,0.5766000300645828,0.08370000123977661,1.1523000448942184,1.0075999423861504,0.8866999819874763,0.8136000260710716,0.7736000269651413,0.7535000145435333,0.73700001090765,0.7391999885439873,0.7488000020384789,0.7584000304341316,0.7626999840140343,0.7687000036239624,0.7763999775052071,0.7740999907255174,0.7896000295877457,0.8874999806284904,0.9444999918341637,1.0694999545812607,1.1292999535799026,0.938699945807457,0.7112000212073326,0.6370999738574028,0.6042999848723412,0.5831000283360481,0.57140002399683,0.5603000074625015,0.0755413373884396,0.48699217600577716
G3,G,3,0.1,0.42,0.7110999673604965,0.08349999785423279,1.064799964427948,0.08649999648332596,0.5876999944448471,0.08229999989271164,0.5540999919176102,0.08609999716281891,1.079199954867363,0.9642000123858452,0.8306999877095222,0.7636000141501427,0.7287999838590622,0.7086999714374541,0.6939000114798546,0.6953999921679497,0.7040000185370445,0.7117000296711922,0.7156999930739403,0.7197999954223633,0.7264999821782112,0.7236999720335007,0.7370000034570694,0.8263999745249748,0.8785000070929526,0.9935999959707258,1.0492000132799149,0.8753999918699265,0.6667999848723412,0.5980999991297722,0.5675999745726585,0.5475999787449837,0.5362999811768532,0.5258000046014786,0.08326913723784943,0.44549487659294873
G4,G,4,0.1,0.38,0.6769999712705612,0.08919999748468399,0.9988999962806702,0.0869000032544136,0.559100016951561,0.08209999650716783,0.5249999910593033,0.08590000122785567,1.0182999819517136,0.895600013434887,0.7917000129818916,0.7281999811530113,0.6925999969244003,0.674699991941452,0.6591999754309654,0.6596000120043755,0.6670000180602074,0.6739000156521797,0.6771999821066856,0.680899977684021,0.6869999840855598,0.6838999837636948,0.6961000114679337,0.7789000198245049,0.8302999958395958,0.934300050139427,0.9862000495195389,0.8350000232458115,0.6322000250220299,0.5680000111460686,0.5395000204443932,0.5206000283360481,0.5100999847054482,0.5000999718904495,0.08809454936748906,0.413522356186695
G5,G,5,0.1,0.34,0.6281000226736069,0.08839999884366989,0.9167999625205994,0.08609999716281891,0.5190999954938889,0.08259999752044678,0.48829998075962067,0.08649999648332596,0.9449999779462814,0.8332999870181084,0.7387999966740608,0.680399976670742,0.6475999802350998,0.630700021982193,0.6161999925971031,0.6156999990344048,0.6214000210165977,0.6272000148892403,0.6296000108122826,0.6328999996185303,0.6381999924778938,0.635300025343895,0.6459999829530716,0.7210000082850456,0.7641999945044518,0.8619999736547471,0.9095000177621841,0.7649999707937241,0.5884000286459923,0.5293999835848808,0.502500019967556,0.4843999817967415,0.4740000143647194,0.4645000249147415,0.09276353485736405,0.37523794294589746
G6,G,6,0.1,0.3,0.5785000175237656,0.09139999747276306,0.8302000164985657,0.09229999780654907,0.4807000011205673,0.0869000032544136,0.4511000066995621,0.09049999713897704,0.8547000139951707,0.7571999952197075,0.6750000193715096,0.6232999786734581,0.5937999933958054,0.5782000124454498,0.5644999966025352,0.5630000159144402,0.5675999745726585,0.5716999843716621,0.5733999833464622,0.5759999752044678,0.5799999907612801,0.5766000002622604,0.5852000266313553,0.6503000184893608,0.6876999959349632,0.7732000201940536,0.8157000094652176,0.6900999993085861,0.5349999889731407,0.48250000923871994,0.45820000022649765,0.4415000155568123,0.43209997564554214,0.42329998314380646,0.10007513516709429,0.32756682739807835
G7,G,7,0.1,0.25,0.5178999751806259,0.09300000220537186,0.7333000302314758,0.09179999679327012,0.43279998004436493,0.08810000121593475,0.4041000157594681,0.09049999713897704,0.7588000148534775,0.6748999878764151,0.6040999963879585,0.5593999847769737,0.5336999744176865,0.5197999775409698,0.5079000219702721,0.5058000013232231,0.5090000256896019,0.511600024998188,0.5119999870657921,0.5127999782562256,0.5153999999165535,0.5117000192403793,0.5177999883890152,0.573000006377697,0.6052000150084496,0.6788999885320663,0.7163000255823135,0.6093000024557114,0.47690000385046005,0.4316999837756157,0.4106999859213829,0.3962999954819679,0.3877999857068062,0.37969999015331274,0.1038104886302717,0.27918258318624484
G8,G,8,0.1,0.21,0.46710000932216644,0.09740000218153,0.6488000154495239,0.09520000219345093,0.39249996840953827,0.09380000084638596,0.367200031876564,0.09759999811649324,0.6700000017881393,0.5980999991297722,0.5377000048756599,0.49880000203847885,0.47599999606609344,0.46320000290870667,0.45180001109838486,0.44919996708631516,0.4512999877333641,0.4528999999165535,0.4529000148177147,0.4535999894142151,0.45590002089738846,0.45259998738765717,0.45739997923374176,0.5044000074267387,0.5310999974608421,0.5943999737501144,0.6254999786615372,0.533500000834465,0.41920002549886703,0.3799000009894371,0.3613000139594078,0.3477999940514565,0.3400000110268593,0.3326000124216079,0.10358463998307033,0.2369181848846174
G9,G,9,0.1,0.17,0.4097999781370163,0.10170000046491624,0.5568000078201294,0.10189999639987946,0.34869997203350067,0.10119999945163727,0.3252999931573868,0.10480000078678132,0.5605000108480453,0.5037000104784966,0.45569998770952236,0.4243999943137169,0.40530000627040863,0.3944000005722046,0.38460000604391104,0.381599985063076,0.3823000118136406,0.38270000368356705,0.3817000016570091,0.38109999895095825,0.38180000334978104,0.37800000607967377,0.3807999938726425,0.4164000079035759,0.438200019299984,0.4854000061750412,0.5097000151872635,0.4420999735593796,0.34819998592138296,0.3174999877810478,0.302200011909008,0.2913999930024147,0.2848999872803688,0.27870000898838043,0.10704737501046668,0.181023518644916
G10,G,10,0.1,0.13,0.34460000693798065,0.10899999737739564,0.44510000944137573,0.1054999977350235,0.2891999930143356,0.10419999808073044,0.2685000151395798,0.10540000349283216,0.47019998729228973,0.4252999946475029,0.387099988758564,0.3620999976992607,0.34649999439716334,0.33730000257492065,0.32899998873472214,0.3259999975562096,0.32620000094175344,0.32580000907182693,0.3244000002741814,0.3233999907970429,0.32360000163316727,0.3202000111341477,0.32189999520778656,0.349200002849102,0.36439999192953115,0.40209998190402985,0.4203999787569046,0.36389999091625214,0.2930999919772148,0.26820000261068344,0.2555999979376793,0.24620000272989273,0.24039999395608908,0.23479999601840973,0.10415723815895275,0.14087545352281503
G11,G,11,0.1,0.09,0.2742999941110611,0.11209999769926073,0.33730000257492065,0.10729999840259552,0.23149998486042023,0.10580000281333923,0.2142999917268753,0.1071999967098236,0.3640000075101853,0.3377000018954277,0.3057000115513802,0.2883000001311302,0.27769999206066137,0.2698000073432923,0.26329999417066574,0.25999998301267624,0.2589000090956688,0.2575000002980232,0.25539999455213547,0.25380000472068787,0.2529000118374824,0.24969999492168427,0.2498999983072281,0.2670999988913536,0.27639999240636826,0.3004999905824662,0.31129999458789825,0.2736999839544296,0.22600000351667404,0.20900001376867294,0.2000999972224235,0.1931999996304512,0.18869999796152115,0.18440000712871552,0.1045731244553679,0.08972774939386924
G12,G,12,0.1,0.0,0.1371999830007553,0.1225000023841858,0.1184999942779541,0.11410000175237656,0.11339999735355383,0.11559999734163286,0.10670001804828644,0.11630000174045566,0.15819999575614932,0.154399998486042,0.15059999376535416,0.14729999750852588,0.14380000531673431,0.14090000092983246,0.13780000060796743,0.1345999911427498,0.13170000165700912,0.1286999955773354,0.12570000439882276,0.1229999959468841,0.12040000408887865,0.11769999563694,0.11509999632835391,0.11259999126195909,0.10980000346899033,0.10750000178813936,0.10490000247955328,0.1025999933481216,0.10020000487565994,0.09799999743700027,0.09599999338388443,0.0935999974608421,0.09159999340772626,0.08980000019073489,0.1004984935960592,-0.004451669071881583
H1,H,1,0.0,0.5,0.7167000025510789,0.08049999922513963,1.1580999493598938,0.0778999999165535,0.5858999937772751,0.07109999656677246,0.5441000014543533,0.0722000002861023,1.1492000073194504,0.9926999732851982,0.8614000156521797,0.7808000072836876,0.7376999706029892,0.7166999876499176,0.6998999938368797,0.703899972140789,0.7165000066161156,0.7290999963879585,0.7368999943137169,0.7457000017166138,0.7562999799847603,0.7559000104665756,0.7742999941110612,0.885399989783764,0.9522999748587608,1.0964000076055527,1.1692000180482864,0.9575999826192854,0.7033000215888023,0.6201999709010124,0.584599994122982,0.562100000679493,0.5498000159859657,0.5388999730348587,-0.003955638085438091,0.5478719865374295
H2,H,2,0.0,0.46,0.6463000029325485,0.08799999952316284,1.047100007534027,0.09849999845027924,0.5432000011205673,0.08889999985694885,0.5057000070810318,0.08900000154972076,1.030000016093254,0.892000012099743,0.7756999805569649,0.7044000253081322,0.6658000200986862,0.6468000113964081,0.6312999948859215,0.6335999891161919,0.6444000229239464,0.6546999886631966,0.6606999859213829,0.6676999926567078,0.6768000200390816,0.67569999396801,0.6919000297784805,0.7898999974131584,0.8494000062346458,0.978800043463707,1.0453999787569044,0.8605000227689743,0.6354999765753746,0.5617999956011772,0.5295999869704247,0.5091999843716621,0.49810001999139786,0.48810000717639923,0.004533877168694779,0.4855710977040094
H3,H,3,0.0,0.42,0.6162000149488449,0.09269999712705612,0.9829999804496765,0.09120000153779984,0.5139999836683273,0.08129999786615373,0.48009999096393585,0.0851999968290329,0.9558999985456467,0.8478000089526176,0.7202000096440315,0.6558000072836876,0.6221999973058701,0.6031999886035919,0.5891999825835228,0.5910000130534172,0.5999999865889549,0.6089999750256538,0.6147999987006187,0.621399998664856,0.6301000192761421,0.629299983382225,0.6437999755144119,0.734300009906292,0.7895999774336815,0.9079999774694443,0.9704000502824783,0.8023999780416489,0.5951000079512596,0.5265999957919121,0.49619998782873154,0.47700000554323196,0.4665999785065651,0.4572000056505203,0.009622442797355022,0.44785725480232186
H4,H,4,0.0,0.38,0.5725999921560287,0.09030000120401382,0.9208000302314758,0.09950000047683716,0.48190002143383026,0.08839999884366989,0.44849999248981476,0.09120000153779984,0.9146000593900683,0.8115000054240227,0.689499981701374,0.6275999769568443,0.5950999706983566,0.5761999785900116,0.5629999861121178,0.5641999766230583,0.5732000097632408,0.5821999981999397,0.5872000083327293,0.5932999849319458,0.6011999920010567,0.6002999991178513,0.6135000139474869,0.6995000168681144,0.7522000297904015,0.8659999817609787,0.9257000237703321,0.7671000212430954,0.5692000016570091,0.503400020301342,0.47429998964071274,0.4555000141263008,0.4453999772667885,0.4358999878168106,0.01120719048334956,0.426149445319349
H5,H,5,0.0,0.34,0.5282999724149704,0.09229999780654907,0.8429999947547913,0.09950000047683716,0.44509999454021454,0.09019999951124193,0.4139000326395035,0.0917000025510788,0.8236999958753587,0.7164000198245049,0.6252999976277351,0.5689000114798546,0.5372999757528305,0.521699994802475,0.508399985730648,0.5094000026583672,0.5168000087141991,0.524599976837635,0.529199980199337,0.534600019454956,0.5415999963879585,0.5407000035047531,0.5522999912500381,0.6294000074267387,0.6767000183463097,0.7786000221967697,0.833199992775917,0.6913000196218491,0.5140000209212303,0.4545000120997429,0.42729999870061874,0.4100000038743019,0.40030000358819967,0.39200000464916235,0.012250884473164109,0.38241671543064915
H6,H,6,0.0,0.3,0.4716999977827072,0.09640000015497208,0.746399998664856,0.09759999811649324,0.4015999883413315,0.09350000321865083,0.3718999773263931,0.09549999982118608,0.7230999916791916,0.6298000141978264,0.5504999831318855,0.5006000027060509,0.4730999916791916,0.45909997820854187,0.4475000128149986,0.4477999731898308,0.4540000185370445,0.4603999927639961,0.46410002559423447,0.4684000015258789,0.47429997473955154,0.4729999750852585,0.48259998857975006,0.5500000044703484,0.5916000232100487,0.6820000261068345,0.7303000241518021,0.6080000251531601,0.4522000178694725,0.3999000117182731,0.37609999626874924,0.3601999953389168,0.3513999953866005,0.34370000660419464,0.013539998813147557,0.33369896341413613
H7,H,7,0.0,0.25,0.4161999672651291,0.1037999987602234,0.6518999934196472,0.10209999978542328,0.3602999895811081,0.10109999775886536,0.3384999781847,0.10599999874830246,0.6338000148534775,0.5523999854922295,0.48269999772310257,0.43890001624822617,0.41419999301433563,0.40180000662803644,0.3912999853491783,0.3916000053286553,0.3970000073313713,0.40259999781847006,0.4054999873042107,0.4093999862670899,0.41429997235536575,0.412899985909462,0.42100001871585846,0.48000001162290573,0.51620002835989,0.5957000106573105,0.6388999968767166,0.5318999737501144,0.3952000066637993,0.3490999862551689,0.3280000016093254,0.3139999881386757,0.30649999529123306,0.29950000345706945,0.012248747639930509,0.2917207928191911
H8,H,8,0.0,0.21,0.3343999832868576,0.09449999779462814,0.5328999757766724,0.0949999988079071,0.291800007224083,0.0934000015258789,0.2731000036001206,0.09780000150203703,0.5250000208616257,0.4574999734759331,0.4001000002026558,0.36389999836683273,0.34309999644756317,0.33239999413490295,0.3234999999403953,0.3230999931693077,0.3271999880671501,0.3312999978661537,0.3336000069975853,0.33660000562667847,0.3405999913811684,0.33940000832080836,0.34610001742839813,0.39529999345541,0.4252000078558922,0.4919000118970871,0.5277000218629837,0.43940000236034393,0.32599999755620956,0.2878999933600426,0.2704000100493431,0.2588000074028969,0.2523999884724617,0.2467000037431717,0.011404778488863777,0.24026248559680233
H9,H,9,0.0,0.17,0.2760000079870224,0.10700000077486037,0.43470001220703125,0.11050000041723253,0.24619998037815088,0.10580000281333923,0.2280000001192093,0.10779999941587448,0.3976000100374222,0.34690000861883163,0.30390001088380814,0.276000015437603,0.26000000536441803,0.2513999938964844,0.24450000375509262,0.24409999698400497,0.2469000145792961,0.25040001422166824,0.25190000981092453,0.25380000472068787,0.25680000334978104,0.2559000104665756,0.2606000155210495,0.2975999936461449,0.32039999216794957,0.37089999020099634,0.3983999937772751,0.33240000903606415,0.24749999493360514,0.21880000084638596,0.20559998601675034,0.19670001417398453,0.19169998914003372,0.18719999492168427,0.009868547502727882,0.18072323354358594
H10,H,10,0.0,0.13,0.21449999511241907,0.1096000000834465,0.33660000562667847,0.11219999939203262,0.19300000369548798,0.1079000011086464,0.1787000149488449,0.10909999907016754,0.31550000607967377,0.28150000423192983,0.23999998718500137,0.21830000728368765,0.20639999210834503,0.1987999975681305,0.19350000470876694,0.19300001114606857,0.19530000537633896,0.19770000129938126,0.19870000332593918,0.20030000805854797,0.20269999653100967,0.20200000703334808,0.20589999854564672,0.2352999970316887,0.2533999904990196,0.2936999946832657,0.31550000607967377,0.2631999999284744,0.19530000537633896,0.17230000346899033,0.16129999607801437,0.1541999951004982,0.15010000020265588,0.14669999480247498,0.008466590508814717,0.14277162936738721
H11,H,11,0.0,0.09,0.14009998738765722,0.11469999700784685,0.22069999575614924,0.11270000040531156,0.12699998915195465,0.10649999976158142,0.11620001494884491,0.10809999704360962,0.20990000665187836,0.18380000442266464,0.1612999960780144,0.14670000225305557,0.13799999654293055,0.13330000638961792,0.12979999929666514,0.12920000404119486,0.1304999962449074,0.13210000842809677,0.13280000537633896,0.13390000164508822,0.13540000468492513,0.1348000019788742,0.13729999959468842,0.1566999927163124,0.16860001534223557,0.19509999454021454,0.20959998667240137,0.17520000040531158,0.1299000009894371,0.11449999362230304,0.10730000585317612,0.10239999741315842,0.09949999302625656,0.09720000624656677,0.006767894040505092,0.09424159389432099
H12,H,12,0.0,0.0,0.0,0.1274999976158142,0.0,0.11649999767541885,0.0,0.1145000010728836,0.0,0.1168000027537346,0.0,0.0,0.0,0.0,0.0,0.0,0.0,0.0,0.0,0.0,0.0,0.0,0.0,0.0,0.0,0.0,0.0,0.0,0.0,0.0,0.0,0.0,0.0,0.0,0.0,0.0,-0.0,0.0
