Well	Mean	StDev	0;2	1;2	2;2	2;1	1;1	0;1	0;0	1;0	2;0	wavelength	mode
A1	1.2992000579833984	0.061799999326467514	1.40910005569458	1.2970000505447388	1.3596999645233154	1.284000039100647	1.2510000467300415	1.2274999618530273	1.3552000522613525	1.252500057220459	1.256700038909912	600	Absorbance
A2	1.2345999479293823	0.07460000365972519	1.3482999801635742	1.24590003490448	1.3459999561309814	1.159000039100647	1.1820000410079956	1.1712000370025635	1.282099962234497	1.1857999563217163	1.191499948501587	600	Absorbance
A3	1.1739000082015991	0.07680000364780426	1.298200011253357	1.169100046157837	1.2928999662399292	1.1150000095367432	1.1141999959945679	1.107800006866455	1.2115999460220337	1.11080002784729	1.1456999778747559	600	Absorbance
A4	1.1160000562667847	0.07320000231266022	1.229099988937378	1.1128000020980835	1.2285000085830688	1.0636999607086182	1.05239999294281	1.0419000387191772	1.1591999530792236	1.0647000074386597	1.0918999910354614	600	Absorbance
A5	1.0906000137329102	0.07850000262260437	1.225600004196167	1.0921000242233276	1.1983000040054321	1.0317000150680542	1.0156999826431274	1.017199993133545	1.1325000524520874	1.0418000221252441	1.0605000257492065	600	Absorbance
A6	1.0450999736785889	0.08169999718666077	1.1806000471115112	1.0437999963760376	1.1622999906539917	0.9865000247955322	0.9643999934196472	0.9664000272750854	1.0849000215530396	0.9872000217437744	1.0298000574111938	600	Absorbance
A7	0.9882000088691711	0.08420000225305557	1.1370999813079834	0.9914000034332275	1.0999000072479248	0.9243000149726868	0.9068999886512756	0.911899983882904	1.0261000394821167	0.9262999892234802	0.9696999788284302	600	Absorbance
A8	0.9354000091552734	0.08720000088214874	1.087399959564209	0.9363999962806702	1.054900050163269	0.8687999844551086	0.8529000282287598	0.8547999858856201	0.9732999801635742	0.8723000288009644	0.9180999994277954	600	Absorbance
A9	0.8892999887466431	0.09440000355243683	1.0491000413894653	0.8968999981880188	1.0259000062942505	0.8235999941825867	0.7940999865531921	0.8039000034332275	0.9190000295639038	0.8165000081062317	0.8745999932289124	600	Absorbance
A10	0.8428000211715698	0.09629999846220016	1.003999948501587	0.8457000255584717	0.9832000136375427	0.7763000130653381	0.7465999722480774	0.7577999830245972	0.8797000050544739	0.7657999992370605	0.8256999850273132	600	Absorbance
A11	0.777899980545044	0.09769999980926514	0.9162999987602234	0.7878999710083008	0.9480999708175659	0.7335000038146973	0.6793000102043152	0.6804999709129333	0.7849000096321106	0.6947000026702881	0.775600016117096	600	Absorbance
A12	0.6592000126838684	0.10130000114440918	0.8021000027656555	0.6596999764442444	0.8346999883651733	0.6119999885559082	0.5547000169754028	0.5579000115394592	0.6728000044822693	0.5738000273704529	0.664900004863739	600	Absorbance
B1	1.229099988937378	0.07400000095367432	1.3539999723434448	1.2231999635696411	1.3166999816894531	1.1620999574661255	1.1447999477386475	1.177899956703186	1.2884000539779663	1.1776000261306763	1.2167999744415283	600	Absorbance
B2	1.177899956703186	0.07559999823570251	1.2984999418258667	1.1698999404907227	1.2842999696731567	1.1262999773025513	1.0906000137329102	1.1165000200271606	1.2252000570297241	1.1187000274658203	1.1713000535964966	600	Absorbance
B3	1.125100016593933	0.07919999957084656	1.2591999769210815	1.1167999505996704	1.2312999963760376	1.0687999725341797	1.037500023841858	1.0615999698638916	1.1722999811172485	1.0654000043869019	1.1130000352859497	600	Absorbance
B4	1.0857000350952148	0.0812000036239624	1.2180999517440796	1.0779000520706177	1.1979000568389893	1.0305999517440796	0.9941999912261963	1.0164999961853027	1.1332999467849731	1.0219000577926636	1.0812000036239624	600	Absorbance
B5	1.0325000286102295	0.08560000360012054	1.17739999294281	1.0263999700546265	1.1484999656677246	0.9682999849319458	0.9417999982833862	0.964900016784668	1.0842000246047974	0.9674000144004822	1.013700008392334	600	Absorbance
B6	0.9941999912261963	0.08699999749660492	1.1332000494003296	0.9817000031471252	1.1165000200271606	0.932200014591217	0.8971999883651733	0.9229000210762024	1.0492000579833984	0.9258000254631042	0.9894999861717224	600	Absorbance
B7	0.946399986743927	0.09380000084638596	1.0922000408172607	0.9388999938964844	1.0922000408172607	0.8845999836921692	0.8449000120162964	0.8729000091552734	0.9912999868392944	0.8687000274658203	0.9319000244140625	600	Absorbance
B8	0.8974000215530396	0.09210000187158585	1.0342999696731567	0.8971999883651733	1.0458999872207642	0.8406000137329102	0.7997999787330627	0.8100000023841858	0.9309999942779541	0.822700023651123	0.8948000073432922	600	Absorbance
B9	0.8299000263214111	0.10140000283718109	0.9842000007629395	0.8343999981880188	0.9921000003814697	0.7663999795913696	0.7214000225067139	0.7383000254631042	0.8666999936103821	0.7504000067710876	0.8147000074386597	600	Absorbance
B10	0.777400016784668	0.10750000178813934	0.9368000030517578	0.7857999801635742	0.9595999717712402	0.7211999893188477	0.6686999797821045	0.6700999736785889	0.7930999994277954	0.6935999989509583	0.7681000232696533	600	Absorbance
B11	0.708899974822998	0.10170000046491623	0.8562999963760376	0.7095999717712402	0.8804000020027161	0.6560999751091003	0.603600025177002	0.6083999872207642	0.7315999865531921	0.6244999766349792	0.7091000080108643	600	Absorbance
B12	0.5819000005722046	0.11169999837875366	0.7457000017166138	0.5701000094413757	0.7746000289916992	0.5335000157356262	0.46939998865127563	0.4722000062465668	0.5922999978065491	0.48969998955726624	0.5895000100135803	600	Absorbance
C1	1.176800012588501	0.07190000265836716	1.2956000566482544	1.1655999422073364	1.246999979019165	1.1058000326156616	1.0943000316619873	1.1236000061035156	1.2520999908447266	1.1345000267028809	1.1729999780654907	600	Absorbance
C2	1.1390999555587769	0.07419999688863754	1.26419997215271	1.1272000074386597	1.229599952697754	1.0791000127792358	1.0556999444961548	1.0772000551223755	1.190600037574768	1.0844000577926636	1.1437000036239624	600	Absorbance
C3	1.1299999952316284	0.07989999651908875	1.2670999765396118	1.1252000331878662	1.2335000038146973	1.0686999559402466	1.0448999404907227	1.0641000270843506	1.1740000247955322	1.0647000074386597	1.1274000406265259	600	Absorbance
C4	1.090000033378601	0.08100000023841858	1.205399990081787	1.0870000123977661	1.200600028038025	1.0198999643325806	0.9936000108718872	1.020300030708313	1.1639000177383423	1.0437999963760376	1.0750999450683594	600	Absorbance
C5	1.0338000059127808	0.08070000261068344	1.1714999675750732	1.0262999534606934	1.141800045967102	0.9711999893188477	0.9480999708175659	0.9643999934196472	1.0759999752044678	0.9743000268936157	1.0305999517440796	600	Absorbance
C6	0.9988999962806702	0.08209999650716782	1.124899983406067	0.9800999760627747	1.1095000505447388	0.9347000122070312	0.8999000191688538	0.9273999929428101	1.0612000226974487	0.9485999941825867	1.003499984741211	600	Absorbance
C7	0.9424999952316284	0.09019999951124191	1.0964000225067139	0.9380000233650208	1.0635000467300415	0.8755999803543091	0.8432000279426575	0.8629999756813049	0.9811000227928162	0.8744999766349792	0.9470000267028809	600	Absorbance
C8	0.9092000126838684	0.09510000050067902	1.062999963760376	0.9089000225067139	1.0478999614715576	0.8507000207901001	0.8037999868392944	0.8199999928474426	0.9388999938964844	0.8317999839782715	0.9175000190734863	600	Absorbance
C9	0.8363000154495239	0.09449999779462814	0.9937000274658203	0.8306999802589417	0.9702000021934509	0.7778000235557556	0.7336000204086304	0.7458000183105469	0.8676999807357788	0.761900007724762	0.8454999923706055	600	Absorbance
C10	0.7882999777793884	0.10000000149011612	0.9430999755859375	0.7903000116348267	0.9452000260353088	0.7324000000953674	0.6798999905586243	0.6898000240325928	0.8079000115394592	0.708299994468689	0.7979000210762024	600	Absorbance
C11	0.7192999720573425	0.10199999809265137	0.8686000108718872	0.723800003528595	0.8851000070571899	0.671500027179718	0.6065999865531921	0.6139000058174133	0.7347000241279602	0.6365000009536743	0.7329999804496765	600	Absorbance
C12	0.5809000134468079	0.10920000076293945	0.7263000011444092	0.5690000057220459	0.7785999774932861	0.5339000225067139	0.47200000286102295	0.4652999937534332	0.5913000106811523	0.49570000171661377	0.5963000059127808	600	Absorbance
D1	1.1719000339508057	0.07259999960660934	1.289199948310852	1.149899959564209	1.2518999576568604	1.1065000295639038	1.0836000442504883	1.1169999837875366	1.2346999645233154	1.125	1.1888999938964844	600	Absorbance
D2	1.094099998474121	0.0778999999165535	1.2273999452590942	1.0717999935150146	1.1778000593185425	1.031499981880188	1.0019999742507935	1.0342999696731567	1.1569000482559204	1.0378999710083008	1.107200026512146	600	Absorbance
D3	1.065500020980835	0.07620000094175339	1.1826000213623047	1.0369000434875488	1.1583000421524048	1.0078999996185303	0.9740999937057495	1.0018999576568604	1.1289000511169434	1.0104000568389893	1.0886000394821167	600	Absorbance
D4	1.0298000574111938	0.07819999754428864	1.1496000289916992	1.0140000581741333	1.1380000114440918	0.9760000109672546	0.9394999742507935	0.9581999778747559	1.0770000219345093	0.9674000144004822	1.0484999418258667	600	Absorbance
D5	0.996399998664856	0.0820000022649765	1.1309000253677368	0.9785000085830688	1.094099998474121	0.9366000294685364	0.8977000117301941	0.9264000058174133	1.0520000457763672	0.9330999851226807	1.017899990081787	600	Absorbance
D6	0.9520000219345093	0.08009999990463257	1.065999984741211	0.9205999970436096	1.051200032234192	0.8855000138282776	0.8521999716758728	0.8766999840736389	1.0187000036239624	0.9097999930381775	0.9872999787330627	600	Absorbance
D7	0.9052000045776367	0.08910000324249268	1.037500023841858	0.8834999799728394	1.030400037765503	0.847599983215332	0.7991999983787537	0.8216000199317932	0.9449999928474426	0.8345000147819519	0.9472000002861023	600	Absorbance
D8	0.829200029373169	0.08829999715089798	0.9526000022888184	0.8112999796867371	0.9646999835968018	0.7767000198364258	0.7272999882698059	0.7437999844551086	0.8662999868392944	0.7558000087738037	0.8647000193595886	600	Absorbance
D9	0.7631999850273132	0.09640000015497208	0.8956000208854675	0.7427999973297119	0.9190000295639038	0.7114999890327454	0.6545000076293945	0.6690999865531921	0.7994999885559082	0.6826000213623047	0.7940000295639038	600	Absorbance
D10	0.6974999904632568	0.10170000046491623	0.8417999744415283	0.6807000041007996	0.8616999983787537	0.64410001039505	0.5835000276565552	0.5997999906539917	0.7312999963760376	0.6111000180244446	0.7239000201225281	600	Absorbance
D11	0.6273999810218811	0.1031000018119812	0.76419997215271	0.6104999780654907	0.8083999752998352	0.5809000134468079	0.5192000269889832	0.5210000276565552	0.6438999772071838	0.5439000129699707	0.654699981212616	600	Absorbance
D12	0.48919999599456787	0.11010000109672546	0.6409000158309937	0.4681999981403351	0.6862000226974487	0.44130000472068787	0.3822000026702881	0.3831000030040741	0.49639999866485596	0.3935000002384186	0.5109999775886536	600	Absorbance
E1	1.0982999801635742	0.07150000333786011	1.2168999910354614	1.0729000568389893	1.1663000583648682	1.0369000434875488	1.010200023651123	1.0427000522613525	1.166100025177002	1.0543999671936035	1.118399977684021	600	Absorbance
E2	1.0508999824523926	0.07599999755620956	1.166599988937378	1.0217000246047974	1.1378999948501587	0.991100013256073	0.9544000029563904	0.9847999811172485	1.114799976348877	1.0053999423980713	1.0815000534057617	600	Absorbance
E3	1.007099986076355	0.07850000262260437	1.1305999755859375	0.982699990272522	1.0987999439239502	0.9531999826431274	0.9106000065803528	0.9429000020027161	1.073699951171875	0.9452999830245972	1.0264999866485596	600	Absorbance
E4	0.9747999906539917	0.0820000022649765	1.1013000011444092	0.9503999948501587	1.0780999660491943	0.9154999852180481	0.8773000240325928	0.9003000259399414	1.0298000574111938	0.913100004196167	1.007699966430664	600	Absorbance
E5	0.9390000104904175	0.08879999816417694	1.083899974822998	0.9215999841690063	1.0527000427246094	0.8716999888420105	0.8324000239372253	0.8676000237464905	0.9883999824523926	0.8698999881744385	0.9629999995231628	600	Absorbance
E6	0.8984000086784363	0.09149999916553497	1.0206999778747559	0.8747000098228455	1.0194000005722046	0.8201000094413757	0.781499981880188	0.8134999871253967	0.9682000279426575	0.8443999886512756	0.9430000185966492	600	Absorbance
E7	0.84170001745224	0.09179999679327011	0.9758999943733215	0.8151000142097473	0.9675999879837036	0.7767000198364258	0.7303000092506409	0.7633000016212463	0.8924999833106995	0.7677000164985657	0.8863000273704529	600	Absorbance
E8	0.78329998254776	0.09300000220537186	0.9074000120162964	0.753600001335144	0.9243999719619751	0.7249000072479248	0.6730999946594238	0.6955999732017517	0.8303999900817871	0.7099000215530396	0.8302000164985657	600	Absorbance
E9	0.7197999954223633	0.09830000251531601	0.8579999804496765	0.6873999834060669	0.8763999938964844	0.6651999950408936	0.6115000247955322	0.6266999840736389	0.7590000033378601	0.6391000151634216	0.7549999952316284	600	Absorbance
E10	0.6653000116348267	0.10170000046491623	0.7937999963760376	0.6281999945640564	0.8402000069618225	0.617900013923645	0.5546000003814697	0.5644999742507935	0.6937000155448914	0.5835999846458435	0.7107999920845032	600	Absorbance
E11	0.6011000275611877	0.10649999976158142	0.738099992275238	0.5735999941825867	0.7888000011444092	0.5539000034332275	0.489300012588501	0.4957999885082245	0.6187000274658203	0.510699987411499	0.6413000226020813	600	Absorbance
E12	0.454800009727478	0.10790000110864639	0.5788999795913696	0.4108999967575073	0.656499981880188	0.414900004863739	0.35040000081062317	0.34869998693466187	0.4675999879837036	0.3610000014305115	0.5047000050544739	600	Absorbance
F1	1.0592000484466553	0.07580000162124634	1.1727999448776245	1.0211999416351318	1.1226999759674072	0.9900000095367432	0.9611999988555908	1.0051000118255615	1.1430000066757202	1.018399953842163	1.0981999635696411	600	Absorbance
F2	1.0090999603271484	0.07919999957084656	1.125	0.9725000262260437	1.1030000448226929	0.9484999775886536	0.9117000102996826	0.9422000050544739	1.0743999481201172	0.9546999931335449	1.0503000020980835	600	Absorbance
F3	0.9588000178337097	0.0820000022649765	1.0844000577926636	0.9232000112533569	1.054900050163269	0.8942000269889832	0.8605999946594238	0.8891000151634216	1.0290000438690186	0.9046000242233276	0.9891999959945679	600	Absorbance
F4	0.9236000180244446	0.08299999684095383	1.0317000150680542	0.8852999806404114	1.0356999635696411	0.8648999929428101	0.8217999935150146	0.8482999801635742	0.987500011920929	0.864799976348877	0.9722999930381775	600	Absorbance
F5	0.8871999979019165	0.08959999680519104	1.0188000202178955	0.8580999970436096	1.0125999450683594	0.8206999897956848	0.7784000039100647	0.8141000270843506	0.942799985408783	0.819599986076355	0.919700026512146	600	Absorbance
F6	0.8403000235557556	0.09539999812841415	0.9800999760627747	0.8039000034332275	0.9663000106811523	0.7700999975204468	0.7254999876022339	0.7602999806404114	0.8984000086784363	0.7660999894142151	0.8916000127792358	600	Absorbance
F7	0.7781999707221985	0.09430000185966492	0.9047999978065491	0.7468000054359436	0.9153000116348267	0.7138000130653381	0.6642000079154968	0.6905999779701233	0.8234999775886536	0.7074999809265137	0.8371000289916992	600	Absorbance
F8	0.73580002784729	0.09610000252723694	0.8579000234603882	0.6991999745368958	0.882099986076355	0.6776999831199646	0.6222000122070312	0.642799973487854	0.7821000218391418	0.6618000268936157	0.796500027179718	600	Absorbance
F9	0.6647999882698059	0.10000000149011612	0.7958999872207642	0.6297000050544739	0.828499972820282	0.60589998960495	0.555400013923645	0.5665000081062317	0.7056000232696533	0.5866000056266785	0.7088000178337097	600	Absorbance
F10	0.6116999983787537	0.10750000178813934	0.7405999898910522	0.5681999921798706	0.7936000227928162	0.5647000074386597	0.49540001153945923	0.498199999332428	0.642799973487854	0.5267999768257141	0.6754000186920166	600	Absorbance
F11	0.5468999743461609	0.11320000141859055	0.6884999871253967	0.5162000060081482	0.7473000288009644	0.4997999966144562	0.4244000017642975	0.435699999332428	0.5649999976158142	0.45089998841285706	0.5940999984741211	600	Absorbance
F12	0.4097999930381775	0.11869999766349792	0.5649999976158142	0.37689998745918274	0.6164000034332275	0.3686999976634979	0.2872999906539917	0.29319998621940613	0.4255000054836273	0.29919999837875366	0.45579999685287476	600	Absorbance
G1	1.0182000398635864	0.07940000295639038	1.118299961090088	0.9692000150680542	1.0947999954223633	0.9519000053405762	0.9179999828338623	0.9514999985694885	1.0978000164031982	0.9739000201225281	1.0884000062942505	600	Absorbance
G2	0.9539999961853027	0.08380000293254852	1.057800054550171	0.9027000069618225	1.0370999574661255	0.8830999732017517	0.8521999716758728	0.8795999884605408	1.0397000312805176	0.9064000248908997	1.0270999670028687	600	Absorbance
G3	0.9164999723434448	0.08349999785423279	1.0184999704360962	0.8608999848365784	0.9972000122070312	0.8486999869346619	0.8095999956130981	0.8436999917030334	1.0041999816894531	0.8769000172615051	0.9883999824523926	600	Absorbance
G4	0.8823999762535095	0.08919999748468399	1.0074000358581543	0.8349999785423279	0.9947999715805054	0.8191999793052673	0.7717000246047974	0.8046000003814697	0.9424999952316284	0.8230000138282776	0.9437000155448914	600	Absorbance
G5	0.8335000276565552	0.08839999884366989	0.958899974822998	0.7874000072479248	0.9491999745368958	0.7685999870300293	0.7264999747276306	0.7577000260353088	0.8920999765396118	0.7738000154495239	0.8876000046730042	600	Absorbance
G6	0.7839000225067139	0.09139999747276306	0.9132000207901001	0.738099992275238	0.9006999731063843	0.7160999774932861	0.6714000105857849	0.7074999809265137	0.8456000089645386	0.720300018787384	0.8427000045776367	600	Absorbance
G7	0.7232999801635742	0.09300000220537186	0.8457000255584717	0.6751999855041504	0.857200026512146	0.6654000282287598	0.6144000291824341	0.6377000212669373	0.7702999711036682	0.6541000008583069	0.7900000214576721	600	Absorbance
G8	0.6725000143051147	0.09740000218153	0.791700005531311	0.6276999711990356	0.8155999779701233	0.6152999997138977	0.5569000244140625	0.5752999782562256	0.7139000296592712	0.6031000018119812	0.7531999945640564	600	Absorbance
G9	0.6151999831199646	0.10170000046491623	0.7204999923706055	0.5486999750137329	0.7666000127792358	0.5576000213623047	0.49410000443458557	0.5069000124931335	0.6783000230789185	0.5612000226974487	0.7026000022888184	600	Absorbance
G10	0.550000011920929	0.10899999737739563	0.6710000038146973	0.49970000982284546	0.7299000024795532	0.5059000253677368	0.43149998784065247	0.43220001459121704	0.5807999968528748	0.46369999647140503	0.6349999904632568	600	Absorbance
G11	0.4796999990940094	0.11209999769926071	0.6132000088691711	0.428600013256073	0.6700000166893005	0.4413999915122986	0.358599990606308	0.361299991607666	0.501800000667572	0.3901999890804291	0.5521000027656555	600	Absorbance
G12	0.3425999879837036	0.12250000238418579	0.5130000114440918	0.29319998621940613	0.5486999750137329	0.28540000319480896	0.22130000591278076	0.2272000014781952	0.3646000027656555	0.23479999601840973	0.39500001072883606	600	Absorbance
H1	0.9221000075340271	0.08049999922513962	1.016800045967102	0.8669000267982483	1.0182000398635864	0.8485999703407288	0.83160001039505	0.8518000245094299	0.992900013923645	0.878600001335144	0.9937999844551086	600	Absorbance
H2	0.8517000079154968	0.08799999952316284	0.9312999844551086	0.7736999988555908	0.9251999855041504	0.7773000001907349	0.7537000179290771	0.7698000073432922	0.9573000073432922	0.8238000273704529	0.953000009059906	600	Absorbance
H3	0.8216000199317932	0.09269999712705612	0.9366999864578247	0.7613000273704529	0.9424999952316284	0.7519000172615051	0.7110999822616577	0.7373999953269958	0.8859000205993652	0.7681000232696533	0.8992999792098999	600	Absorbance
H4	0.777999997138977	0.09030000120401382	0.8442000150680542	0.6840000152587891	0.8532999753952026	0.715499997138977	0.6758000254631042	0.6966999769210815	0.880299985408783	0.7541999816894531	0.8978999853134155	600	Absorbance
H5	0.7336999773979187	0.09229999780654907	0.8230000138282776	0.6565999984741211	0.8414000272750854	0.6744999885559082	0.6225000023841858	0.6474000215530396	0.817799985408783	0.6863999962806702	0.8338000178337097	600	Absorbance
H6	0.6771000027656555	0.09640000015497208	0.7961000204086304	0.6177999973297119	0.8052999973297119	0.6195999979972839	0.5605000257492065	0.5795999765396118	0.738099992275238	0.6182000041007996	0.7585999965667725	600	Absorbance
H7	0.6215999722480774	0.10379999876022339	0.7281000018119812	0.5713000297546387	0.7882000207901001	0.5612999796867371	0.5095999836921692	0.5102999806404114	0.6622999906539917	0.5475999712944031	0.7160999774932861	600	Absorbance
H8	0.5397999882698059	0.09449999779462814	0.6367999911308289	0.4738999903202057	0.6675000190734863	0.4848000109195709	0.43689998984336853	0.43709999322891235	0.6060000061988831	0.47940000891685486	0.6359999775886536	600	Absorbance
H9	0.4814000129699707	0.10700000077486038	0.5503000020980835	0.38589999079704285	0.6359000205993652	0.43309998512268066	0.36800000071525574	0.3594000041484833	0.5508999824523926	0.4375	0.6115999817848206	600	Absorbance
H10	0.41990000009536743	0.1096000000834465	0.49799999594688416	0.33059999346733093	0.589900016784668	0.38260000944137573	0.30390000343322754	0.30000001192092896	0.4803999960422516	0.3497999906539917	0.5440999865531921	600	Absorbance
H11	0.34549999237060547	0.11469999700784683	0.4278999865055084	0.2531999945640564	0.524399995803833	0.29739999771118164	0.2214999943971634	0.2231999933719635	0.4090000092983246	0.27810001373291016	0.4747999906539917	600	Absorbance
H12	0.2054000049829483	0.1274999976158142	0.4004000127315521	0.14239999651908875	0.4115999937057495	0.1421000063419342	0.08449999988079071	0.09640000015497208	0.23639999330043793	0.09239999949932098	0.24230000376701355	600	Absorbance
A1	1.686400055885315	0.06859999895095825	1.8260999917984009	1.669700026512146	1.7175999879837036	1.6729999780654907	1.5879000425338745	1.6402000188827515	1.7317999601364136	1.6344000101089478	1.6972999572753906	680	Absorbance
A2	1.5865000486373901	0.07419999688863754	1.7217999696731567	1.5908000469207764	1.6584999561309814	1.5198999643325806	1.4981000423431396	1.531599998474121	1.635200023651123	1.5326999425888062	1.5898000001907349	680	Absorbance
A3	1.4931000471115112	0.08179999887943268	1.6416000127792358	1.500499963760376	1.583400011062622	1.4284000396728516	1.3973000049591064	1.4296000003814697	1.537500023841858	1.4306000471115112	1.4884999990463257	680	Absorbance
A4	1.3956999778747559	0.07909999787807465	1.5377000570297241	1.3954999446868896	1.479599952697754	1.332900047302246	1.3039000034332275	1.326300024986267	1.4413000345230103	1.3372000455856323	1.4071999788284302	680	Absorbance
A5	1.339400053024292	0.08789999783039093	1.503000020980835	1.3490999937057495	1.4292999505996704	1.270900011062622	1.2383999824523926	1.2655999660491943	1.3865000009536743	1.2732000350952148	1.3381999731063843	680	Absorbance
A6	1.2630000114440918	0.09279999881982803	1.4341000318527222	1.2644000053405762	1.3668999671936035	1.1912000179290771	1.1577999591827393	1.188099980354309	1.3046000003814697	1.1904000043869019	1.2694000005722046	680	Absorbance
A7	1.1691999435424805	0.09120000153779984	1.3342000246047974	1.1717000007629395	1.2763999700546265	1.0990999937057495	1.0699000358581543	1.0915000438690186	1.2101000547409058	1.095900058746338	1.174299955368042	680	Absorbance
A8	1.0782999992370605	0.09009999781847	1.2364000082015991	1.0733000040054321	1.1887999773025513	1.0099999904632568	0.9819999933242798	0.9986000061035156	1.1239999532699585	1.0053999423980713	1.086300015449524	680	Absorbance
A9	0.9927999973297119	0.09640000015497208	1.1517000198364258	0.986299991607666	1.1289000511169434	0.9308000206947327	0.8866999745368958	0.9074000120162964	1.0261000394821167	0.9104999899864197	1.0073000192642212	680	Absorbance
A10	0.9059000015258789	0.09549999982118607	1.065500020980835	0.8934999704360962	1.037500023841858	0.8450999855995178	0.8039000034332275	0.8179000020027161	0.9517999887466431	0.8282999992370605	0.9093999862670898	680	Absorbance
A11	0.795799970626831	0.0982000008225441	0.9332000017166138	0.7847999930381775	0.9643999934196472	0.7498000264167786	0.6948000192642212	0.6952999830245972	0.8136000037193298	0.713699996471405	0.8126000165939331	680	Absorbance
A12	0.5911999940872192	0.1014999970793724	0.7325999736785889	0.5649999976158142	0.7649000287055969	0.5450000166893005	0.489300012588501	0.4875999987125397	0.6152999997138977	0.5062999725341797	0.6147000193595886	680	Absorbance
B1	1.628100037574768	0.07429999858140945	1.7580000162124634	1.6176999807357788	1.6778000593185425	1.549299955368042	1.5368000268936157	1.5827000141143799	1.708799958229065	1.5884000062942505	1.6338000297546387	680	Absorbance
B2	1.5348999500274658	0.07280000299215317	1.658400058746338	1.5240000486373901	1.6087000370025635	1.475000023841858	1.4420000314712524	1.4778000116348267	1.5966999530792236	1.4875999689102173	1.5440000295639038	680	Absorbance
B3	1.4485000371932983	0.07590000331401825	1.5801000595092773	1.4390000104904175	1.5236999988555908	1.3846999406814575	1.3523999452590942	1.3880000114440918	1.5082000494003296	1.3997000455856323	1.461300015449524	680	Absorbance
B4	1.3806999921798706	0.08009999990463257	1.5148999691009521	1.3727999925613403	1.4660999774932861	1.3150999546051025	1.2753000259399414	1.3164000511169434	1.4312000274658203	1.3253999948501587	1.409000039100647	680	Absorbance
B5	1.2898999452590942	0.08510000258684158	1.4472999572753906	1.281499981880188	1.3747999668121338	1.2217999696731567	1.188099980354309	1.226099967956543	1.3452999591827393	1.2285000085830688	1.295699954032898	680	Absorbance
B6	1.218400001525879	0.08579999953508377	1.3660000562667847	1.2029999494552612	1.312399983406067	1.1513999700546265	1.1138999462127686	1.1495000123977661	1.2730000019073486	1.152899980545044	1.243499994277954	680	Absorbance
B7	1.1323000192642212	0.09130000323057175	1.2831000089645386	1.11489999294281	1.2542999982833862	1.067199945449829	1.0230000019073486	1.059999942779541	1.1750999689102173	1.0607999563217163	1.1519999504089355	680	Absorbance
B8	1.042099952697754	0.09130000323057175	1.186900019645691	1.0298999547958374	1.1693999767303467	0.9789000153541565	0.9388999938964844	0.9545999765396118	1.0770000219345093	0.9715999960899353	1.0720000267028809	680	Absorbance
B9	0.9351000189781189	0.09799999743700027	1.083899974822998	0.9189000129699707	1.0799000263214111	0.8639000058174133	0.8228999972343445	0.8457000255584717	0.9824000000953674	0.8633000254631042	0.954800009727478	680	Absorbance
B10	0.8424999713897705	0.10639999806880951	0.9943000078201294	0.8274000287055969	1.0183000564575195	0.7811999917030334	0.729200005531311	0.7386999726295471	0.8684999942779541	0.7552000284194946	0.8700000047683716	680	Absorbance
B11	0.7351999878883362	0.10130000114440918	0.8726999759674072	0.705299973487854	0.9017999768257141	0.6847000122070312	0.6287999749183655	0.6284000277519226	0.7710999846458435	0.6535999774932861	0.7706999778747559	680	Absorbance
B12	0.5270000100135803	0.11129999905824661	0.6786999702453613	0.490200012922287	0.7174000144004822	0.47859999537467957	0.41620001196861267	0.413100004196167	0.5498999953269958	0.4325999915599823	0.566100001335144	680	Absorbance
C1	1.5710999965667725	0.07370000332593918	1.6921000480651855	1.548200011253357	1.6002999544143677	1.4859999418258667	1.4804999828338623	1.5298999547958374	1.6657999753952026	1.5429999828338623	1.5937999486923218	680	Absorbance
C2	1.4896999597549438	0.07159999758005142	1.6004999876022339	1.469499945640564	1.5432000160217285	1.424299955368042	1.396299958229065	1.4299999475479126	1.5669000148773193	1.4501999616622925	1.5266000032424927	680	Absorbance
C3	1.4536000490188599	0.07519999891519547	1.5740000009536743	1.4300999641418457	1.520900011062622	1.3904000520706177	1.3552000522613525	1.391700029373169	1.5298000574111938	1.4118000268936157	1.4780000448226929	680	Absorbance
C4	1.3911000490188599	0.07509999722242355	1.4966000318527222	1.3645000457763672	1.4510999917984009	1.30840003490448	1.2965999841690063	1.333899974822998	1.4847999811172485	1.361299991607666	1.4229999780654907	680	Absorbance
C5	1.2939000129699707	0.0763000026345253	1.4198999404907227	1.270400047302246	1.363800048828125	1.2271000146865845	1.2008999586105347	1.2299000024795532	1.3631999492645264	1.2462999820709229	1.3241000175476074	680	Absorbance
C6	1.226699948310852	0.0803999975323677	1.340999960899353	1.1878999471664429	1.3014999628067017	1.1412999629974365	1.1230000257492065	1.1682000160217285	1.308500051498413	1.194200038909912	1.2747000455856323	680	Absorbance
C7	1.12090003490448	0.08749999850988388	1.2645000219345093	1.097499966621399	1.2096999883651733	1.0429999828338623	1.0148999691009521	1.045300006866455	1.1865999698638916	1.0647000074386597	1.1624000072479248	680	Absorbance
C8	1.0498000383377075	0.09359999746084213	1.1957999467849731	1.0276000499725342	1.1624000072479248	0.9817000031471252	0.9352999925613403	0.9629999995231628	1.1073999404907227	0.9796000123023987	1.0958000421524048	680	Absorbance
C9	0.935699999332428	0.09229999780654907	1.080899953842163	0.9089999794960022	1.0472999811172485	0.8697999715805054	0.8255000114440918	0.8458999991416931	0.9868999719619751	0.8705000281333923	0.9850999712944031	680	Absorbance
C10	0.8539000153541565	0.09780000150203705	0.9958999752998352	0.8305000066757202	0.9998999834060669	0.7918000221252441	0.7458000183105469	0.7540000081062317	0.888700008392334	0.7782999873161316	0.8999000191688538	680	Absorbance
C11	0.7462999820709229	0.09950000047683716	0.8830000162124634	0.7200999855995178	0.8981000185012817	0.6945000290870667	0.6330999732017517	0.6347000002861023	0.7853000164031982	0.6748999953269958	0.7926999926567078	680	Absorbance
C12	0.5194000005722046	0.10440000146627426	0.647599995136261	0.47279998660087585	0.6984999775886536	0.4683000147342682	0.4133000075817108	0.40869998931884766	0.5597000122070312	0.439300000667572	0.5669000148773193	680	Absorbance
D1	1.5647000074386597	0.06970000267028809	1.6734999418258667	1.541100025177002	1.6069999933242798	1.4941999912261963	1.4731999635696411	1.5202000141143799	1.6426000595092773	1.5250999927520752	1.6058000326156616	680	Absorbance
D2	1.4479000568389893	0.0738999992609024	1.5666999816894531	1.419700026512146	1.4921000003814697	1.3803999423980713	1.350600004196167	1.3935999870300293	1.5295000076293945	1.409600019454956	1.4889999628067017	680	Absorbance
D3	1.3920999765396118	0.07190000265836716	1.4996999502182007	1.3567999601364136	1.4479999542236328	1.3264000415802002	1.2963999509811401	1.3314000368118286	1.4642000198364258	1.3657000064849854	1.4399000406265259	680	Absorbance
D4	1.326200008392334	0.07169999927282333	1.4290000200271606	1.3026000261306763	1.4040000438690186	1.270900011062622	1.232699990272522	1.2589999437332153	1.3808000087738037	1.2802000045776367	1.3767999410629272	680	Absorbance
D5	1.2609000205993652	0.07930000126361847	1.3823000192642212	1.2288999557495117	1.3277000188827515	1.1957999467849731	1.1539000272750854	1.1931999921798706	1.3277000188827515	1.2187000513076782	1.320199966430664	680	Absorbance
D6	1.1815999746322632	0.08060000091791153	1.2781000137329102	1.1275999546051025	1.2563999891281128	1.0990999937057495	1.079300045967102	1.1119999885559082	1.263700008392334	1.1649999618530273	1.253000020980835	680	Absorbance
D7	1.0932999849319458	0.09120000153779984	1.2273999452590942	1.0542000532150269	1.187000036239624	1.0263999700546265	0.9713000059127808	1.0118999481201172	1.1520999670028687	1.0394999980926514	1.170199990272522	680	Absorbance
D8	0.9761999845504761	0.08659999817609787	1.1030999422073364	0.9442999958992004	1.0743999481201172	0.907800018787384	0.8676999807357788	0.8981000185012817	1.0233999490737915	0.9192000031471252	1.048200011253357	680	Absorbance
D9	0.8716999888420105	0.09369999915361404	0.9933000206947327	0.8324999809265137	1.0018999576568604	0.8119999766349792	0.7570000290870667	0.7810999751091003	0.9211000204086304	0.804099977016449	0.9424999952316284	680	Absorbance
D10	0.7723000049591064	0.09809999912977219	0.9007999897003174	0.732699990272522	0.911899983882904	0.7105000019073486	0.6578999757766724	0.6729000210762024	0.8222000002861023	0.6996999979019165	0.842199981212616	680	Absorbance
D11	0.6603999733924866	0.09929999709129333	0.7757999897003174	0.6126000285148621	0.8198999762535095	0.6064000129699707	0.5541999936103821	0.550599992275238	0.7006999850273132	0.5913000106811523	0.7324000000953674	680	Absorbance
D12	0.44029998779296875	0.10570000112056732	0.5701000094413757	0.38909998536109924	0.6215999722480774	0.3889999985694885	0.33709999918937683	0.33570000529289246	0.47209998965263367	0.34869998693466187	0.49939998984336853	680	Absorbance
E1	1.4997999668121338	0.07079999893903732	1.61080002784729	1.461300015449524	1.5221999883651733	1.4276000261306763	1.4089000225067139	1.455399990081787	1.5861999988555908	1.4779000282287598	1.5480999946594238	680	Absorbance
E2	1.4101999998092651	0.07559999823570251	1.5125999450683594	1.3753999471664429	1.4586999416351318	1.3377000093460083	1.305799961090088	1.3466999530792236	1.496999979019165	1.3883999586105347	1.4693000316619873	680	Absorbance
E3	1.3387000560760498	0.0771000012755394	1.4509999752044678	1.2969000339508057	1.3827999830245972	1.2792999744415283	1.2336000204086304	1.2764999866485596	1.4285000562667847	1.3025000095367432	1.3971999883651733	680	Absorbance
E4	1.2763999700546265	0.08320000022649765	1.3976999521255493	1.238700032234192	1.340399980545044	1.2041000127792358	1.1660000085830688	1.2063000202178955	1.3530000448226929	1.2337000370025635	1.3480000495910645	680	Absorbance
E5	1.2043999433517456	0.08630000054836273	1.3385000228881836	1.1711000204086304	1.2781000137329102	1.1303999423980713	1.090499997138977	1.1328999996185303	1.2723000049591064	1.1547000408172607	1.270900011062622	680	Absorbance
E6	1.1332999467849731	0.09200000017881393	1.2425999641418457	1.0923999547958374	1.2239999771118164	1.0399999618530273	1.01010000705719	1.0573999881744385	1.2197999954223633	1.0949000120162964	1.2187999486923218	680	Absorbance
E7	1.0361000299453735	0.0934000015258789	1.1592999696731567	0.9904000163078308	1.1368000507354736	0.9624000191688538	0.9125999808311462	0.9593999981880188	1.104699969291687	0.9765999913215637	1.1231000423431396	680	Absorbance
E8	0.9387999773025513	0.09239999949932098	1.0520000457763672	0.8895999789237976	1.049299955368042	0.8709999918937683	0.8170999884605408	0.8569999933242798	1.0015000104904175	0.8842999935150146	1.0277999639511108	680	Absorbance
E9	0.8320000171661377	0.09510000050067902	0.9490000009536743	0.7854999899864197	0.963699996471405	0.76910001039505	0.7160999774932861	0.7383999824523926	0.8863999843597412	0.7692999839782715	0.9104999899864197	680	Absorbance
E10	0.7422000169754028	0.09759999811649323	0.8510000109672546	0.6883000135421753	0.8906000256538391	0.6847000122070312	0.633400022983551	0.6383000016212463	0.7904999852180481	0.676800012588501	0.8258000016212463	680	Absorbance
E11	0.6384000182151794	0.10119999945163727	0.7508999705314636	0.5867000222206116	0.8026999831199646	0.5874999761581421	0.5286999940872192	0.5321000218391418	0.6801999807357788	0.5608000159263611	0.7159000039100647	680	Absorbance
E12	0.4092999994754791	0.10360000282526016	0.5180000066757202	0.3441999852657318	0.5874999761581421	0.36149999499320984	0.3084999918937683	0.3066999912261963	0.4521999955177307	0.32120001316070557	0.4837000072002411	680	Absorbance
F1	1.4752000570297241	0.07850000262260437	1.589400053024292	1.43149995803833	1.496399998664856	1.3904999494552612	1.3768999576568604	1.4214999675750732	1.5786000490188599	1.4605000019073486	1.531999945640564	680	Absorbance
F2	1.3758000135421753	0.07680000364780426	1.4808000326156616	1.3282999992370605	1.4261000156402588	1.305999994277954	1.2725000381469727	1.3203999996185303	1.4541000127792358	1.342900037765503	1.450700044631958	680	Absorbance
F3	1.2900999784469604	0.07779999822378159	1.4068000316619873	1.2395999431610107	1.339900016784668	1.2226999998092651	1.1895999908447266	1.2342000007629395	1.3700000047683716	1.2529000043869019	1.3547999858856201	680	Absorbance
F4	1.2294000387191772	0.08179999887943268	1.3273999691009521	1.1765999794006348	1.3095999956130981	1.1578999757766724	1.1240999698638916	1.1604000329971313	1.3021999597549438	1.1929999589920044	1.3133000135421753	680	Absorbance
F5	1.1605000495910645	0.08699999749660492	1.2884999513626099	1.114300012588501	1.2526999711990356	1.0879000425338745	1.0435999631881714	1.1008000373840332	1.2226999998092651	1.1075999736785889	1.2266000509262085	680	Absorbance
F6	1.0734000205993652	0.09669999778270721	1.2122000455856323	1.017699956893921	1.1674000024795532	0.9896000027656555	0.9492999911308289	1.0002000331878662	1.1517000198364258	1.0182000398635864	1.1545000076293945	680	Absorbance
F7	0.9726999998092651	0.09610000252723694	1.093400001525879	0.914900004863739	1.0815000534057617	0.8962000012397766	0.8511000275611877	0.8878999948501587	1.0338000059127808	0.9223999977111816	1.0729000568389893	680	Absorbance
F8	0.8996999859809875	0.0957999974489212	1.0113999843597412	0.84170001745224	1.014799952507019	0.8288000226020813	0.77920001745224	0.810699999332428	0.9646000266075134	0.8467000126838684	0.9991000294685364	680	Absorbance
F9	0.7836999893188477	0.09790000319480896	0.894599974155426	0.7257000207901001	0.9175999760627747	0.7152000069618225	0.6715999841690063	0.6847000122070312	0.8474000096321106	0.722599983215332	0.8741999864578247	680	Absorbance
F10	0.6944000124931335	0.10360000282526016	0.7921000123023987	0.623199999332428	0.8446999788284302	0.6371999979019165	0.5803999900817871	0.5834000110626221	0.7483999729156494	0.6309999823570251	0.8090000152587891	680	Absorbance
F11	0.5931000113487244	0.10899999737739563	0.7129999995231628	0.5339000225067139	0.772599995136261	0.5353999733924866	0.4772999882698059	0.4810999929904938	0.6381000280380249	0.5105999708175659	0.6758000254631042	680	Absorbance
F12	0.373199999332428	0.11420000344514847	0.5062999725341797	0.3131999969482422	0.5629000067710876	0.322299987077713	0.257999986410141	0.259799987077713	0.4131999909877777	0.2709999978542328	0.45249998569488525	680	Absorbance
G1	1.436400055885315	0.08129999786615372	1.5198999643325806	1.3753000497817993	1.4704999923706055	1.3596999645233154	1.329200029373169	1.376099944114685	1.5398999452590942	1.4247000217437744	1.5318000316619873	680	Absorbance
G2	1.323199987411499	0.08810000121593475	1.4101999998092651	1.2652000188827515	1.367300033569336	1.2446000576019287	1.2127000093460083	1.2436000108718872	1.4433000087738037	1.301200032234192	1.420799970626831	680	Absorbance
G3	1.2583999633789062	0.08649999648332596	1.3521000146865845	1.190600037574768	1.3056999444961548	1.1799999475479126	1.1467000246047974	1.187999963760376	1.3617000579833984	1.2431999444961548	1.357200026512146	680	Absorbance
G4	1.1924999952316284	0.0869000032544136	1.2942999601364136	1.1354999542236328	1.2690000534057617	1.1269999742507935	1.0806000232696533	1.1102999448776245	1.2861000299453735	1.1535999774932861	1.2764999866485596	680	Absorbance
G5	1.1103999614715576	0.08609999716281891	1.2145999670028687	1.0539000034332275	1.1930999755859375	1.0369999408721924	1.0027999877929688	1.0364999771118164	1.1988999843597412	1.0669000148773193	1.190000057220459	680	Absorbance
G6	1.023800015449524	0.09229999780654907	1.132200002670288	0.9656000137329102	1.1122000217437744	0.9399999976158142	0.9064000248908997	0.9462000131607056	1.1201000213623047	0.9817000031471252	1.1095999479293823	680	Absorbance
G7	0.9269000291824341	0.09179999679327011	1.0236999988555908	0.8614000082015991	1.0312000513076782	0.8618000149726868	0.8137999773025513	0.8395000100135803	1.0051000118255615	0.8797000050544739	1.0259000062942505	680	Absorbance
G8	0.8424000144004822	0.09520000219345093	0.9304999709129333	0.7766000032424927	0.953000009059906	0.7735000252723694	0.7275999784469604	0.7473000288009644	0.9150999784469604	0.7979999780654907	0.9605000019073486	680	Absorbance
G9	0.7504000067710876	0.10189999639987946	0.8259999752044678	0.6607000231742859	0.8708999752998352	0.6876999735832214	0.6330999732017517	0.6427000164985657	0.8422999978065491	0.7142000198364258	0.8762000203132629	680	Absorbance
G10	0.638700008392334	0.1054999977350235	0.7206000089645386	0.5608999729156494	0.7940999865531921	0.5920000076293945	0.5235999822616577	0.5271000266075134	0.6924999952316284	0.5694000124931335	0.7675999999046326	680	Absorbance
G11	0.5309000015258789	0.10729999840259552	0.6280999779701233	0.45339998602867126	0.703000009059906	0.4912000000476837	0.4154999852180481	0.41609999537467957	0.578499972820282	0.45579999685287476	0.6363999843597412	680	Absorbance
G12	0.31209999322891235	0.11410000175237656	0.45190000534057617	0.23800000548362732	0.4952999949455261	0.2542000114917755	0.19840000569820404	0.20430000126361847	0.3619000017642975	0.21580000221729279	0.3889000117778778	680	Absorbance
H1	1.351699948310852	0.0778999999165535	1.4235999584197998	1.2877999544143677	1.4121999740600586	1.270900011062622	1.266700029373169	1.2811000347137451	1.4503999948501587	1.3372999429702759	1.4354000091552734	680	Absorbance
H2	1.2407000064849854	0.09849999845027924	1.2908999919891357	1.1482000350952148	1.2730000019073486	1.1553000211715698	1.1373000144958496	1.1563999652862549	1.3885999917984009	1.23989999294281	1.3768999576568604	680	Absorbance
H3	1.1765999794006348	0.09120000153779984	1.2619999647140503	1.1030999422073364	1.257599949836731	1.1023000478744507	1.0671000480651855	1.0886000394821167	1.279099941253662	1.148800015449524	1.2805999517440796	680	Absorbance
H4	1.114400029182434	0.09950000047683716	1.1644999980926514	1.0011999607086182	1.142699956893921	1.0405999422073364	1.018399953842163	1.0334999561309814	1.2554999589920044	1.11080002784729	1.2624000310897827	680	Absorbance
H5	1.0365999937057495	0.09950000047683716	1.0999000072479248	0.9397000074386597	1.1095999479293823	0.965399980545044	0.9258999824523926	0.9372000098228455	1.1628999710083008	1.0211999416351318	1.167199969291687	680	Absorbance
H6	0.9399999976158142	0.09759999811649323	1.0291999578475952	0.8499000072479248	1.030500054359436	0.8794999718666077	0.8245000243186951	0.8402000069618225	1.0336999893188477	0.9090999960899353	1.0633000135421753	680	Absorbance
H7	0.8454999923706055	0.10209999978542328	0.9144999980926514	0.7541000247001648	0.9781000018119812	0.779699981212616	0.7361000180244446	0.7389000058174133	0.9146000146865845	0.809499979019165	0.9835000038146973	680	Absorbance
H8	0.7264999747276306	0.0949999988079071	0.7846999764442444	0.6381000280380249	0.8187000155448914	0.6646000146865845	0.6273000240325928	0.6288999915122986	0.8149999976158142	0.6923999786376953	0.8687999844551086	680	Absorbance
H9	0.6283000111579895	0.11050000041723251	0.6596999764442444	0.5098000168800354	0.7470999956130981	0.5748999714851379	0.5195000171661377	0.5074999928474426	0.7228999733924866	0.6114000082015991	0.8016999959945679	680	Absorbance
H10	0.5302000045776367	0.11219999939203262	0.5698999762535095	0.41339999437332153	0.6650999784469604	0.48840001225471497	0.41819998621940613	0.4122999906539917	0.6122000217437744	0.4869999885559082	0.7050999999046326	680	Absorbance
H11	0.41429999470710754	0.11270000040531158	0.47749999165534973	0.3027999997138977	0.5491999983787537	0.3628999888896942	0.2946999967098236	0.29190000891685486	0.5005999803543091	0.37389999628067017	0.5756000280380249	680	Absorbance
H12	0.19359999895095825	0.11649999767541885	0.3637999892234802	0.10859999805688858	0.36320000886917114	0.125	0.08269999921321869	0.09399999678134918	0.25459998846054077	0.09650000184774399	0.25369998812675476	680	Absorbance
A1	1.0664000511169434	0.06599999964237213	1.1919000148773193	1.0400999784469604	1.0951999425888062	1.0556999444961548	0.9706000089645386	1.0226999521255493	1.1256999969482422	1.0153000354766846	1.0806000232696533	720	Absorbance
A2	1.0232000350952148	0.0714000016450882	1.1526000499725342	1.0140000581741333	1.0841000080108643	0.958299994468689	0.9340000152587891	0.9775000214576721	1.082900047302246	0.9747999906539917	1.0300999879837036	720	Absorbance
A3	0.982200026512146	0.07580000162124634	1.1165000200271606	0.9679999947547913	1.0542999505996704	0.9186999797821045	0.8894000053405762	0.9286999702453613	1.042799949645996	0.9262999892234802	0.9954000115394592	720	Absorbance
A4	0.9381999969482422	0.07419999688863754	1.0676000118255615	0.9199000000953674	1.010200023651123	0.8781999945640564	0.8464000225067139	0.8835999965667725	0.994700014591217	0.8828999996185303	0.960099995136261	720	Absorbance
A5	0.91839998960495	0.0803999975323677	1.063599944114685	0.9057999849319458	0.9925000071525574	0.8528000116348267	0.8209999799728394	0.8618000149726868	0.9829000234603882	0.8578000068664551	0.9271000027656555	720	Absorbance
A6	0.8870999813079834	0.08449999988079071	1.0333000421524048	0.8694000244140625	0.9726999998092651	0.8180000185966492	0.7860000133514404	0.8230000138282776	0.9520000219345093	0.8215000033378601	0.907800018787384	720	Absorbance
A7	0.8407999873161316	0.08579999953508377	0.9944000244140625	0.8203999996185303	0.9327999949455261	0.7746000289916992	0.7412999868392944	0.774399995803833	0.8949999809265137	0.7738999724388123	0.8600999712944031	720	Absorbance
A8	0.7994999885559082	0.08619999885559082	0.9527000188827515	0.7763000130653381	0.8935999870300293	0.7305999994277954	0.7056999802589417	0.7253000140190125	0.8540999889373779	0.7357000112533569	0.8209999799728394	720	Absorbance
A9	0.7641000151634216	0.093299999833107	0.9244999885559082	0.7441999912261963	0.879800021648407	0.697700023651123	0.65829998254776	0.683899998664856	0.8097000122070312	0.6905999779701233	0.788100004196167	720	Absorbance
A10	0.7225000262260437	0.09610000252723694	0.8902000188827515	0.6984999775886536	0.8418999910354614	0.6552000045776367	0.6176000237464905	0.6376000046730042	0.7735999822616577	0.6492999792098999	0.7383999824523926	720	Absorbance
A11	0.666100025177002	0.09380000084638596	0.796999990940094	0.6464999914169312	0.820900022983551	0.6154000163078308	0.5663999915122986	0.5716000199317932	0.6951000094413757	0.5889999866485596	0.6931999921798706	720	Absorbance
A12	0.5647000074386597	0.10090000182390213	0.7106999754905701	0.534500002861023	0.7297000288963318	0.5109000205993652	0.46459999680519104	0.4618000090122223	0.5950999855995178	0.4821000099182129	0.5927000045776367	720	Absorbance
B1	1.0190999507904053	0.07249999791383743	1.1471999883651733	0.998199999332428	1.0683000087738037	0.9509000182151794	0.9277999997138977	0.9768000245094299	1.0953999757766724	0.974399983882904	1.0325000286102295	720	Absorbance
B2	0.9821000099182129	0.07150000333786011	1.1064000129699707	0.9656000137329102	1.0492000579833984	0.9243999719619751	0.8912000060081482	0.9307000041007996	1.0413000583648682	0.9302999973297119	0.9994999766349792	720	Absorbance
B3	0.9452000260353088	0.0746999979019165	1.0758999586105347	0.9251999855041504	1.0110000371932983	0.8819000124931335	0.8513000011444092	0.8910999894142151	1.007200002670288	0.8934999704360962	0.9693999886512756	720	Absorbance
B4	0.9172000288963318	0.07750000059604645	1.0479999780654907	0.8999999761581421	0.9916999936103821	0.8537999987602234	0.8180000185966492	0.8568999767303467	0.9754999876022339	0.8611000180244446	0.9501000046730042	720	Absorbance
B5	0.8758000135421753	0.0820000022649765	1.0253000259399414	0.8586999773979187	0.9498000144958496	0.8054999709129333	0.7760999798774719	0.8202999830245972	0.9373000264167786	0.8152999877929688	0.8935999870300293	720	Absorbance
B6	0.8464999794960022	0.08349999785423279	0.9902999997138977	0.8223000168800354	0.9276000261306763	0.7777000069618225	0.7426000237464905	0.7857000231742859	0.9107999801635742	0.7857000231742859	0.8752999901771545	720	Absorbance
B7	0.8093000054359436	0.08879999816417694	0.9606000185012817	0.7875000238418579	0.9132999777793884	0.7400000095367432	0.7009999752044678	0.7440999746322632	0.8621000051498413	0.7404999732971191	0.8348000049591064	720	Absorbance
B8	0.7669000029563904	0.08789999783039093	0.9086999893188477	0.7486000061035156	0.8784000277519226	0.7024999856948853	0.6624000072479248	0.6883999705314636	0.8119000196456909	0.6996999979019165	0.8011999726295471	720	Absorbance
B9	0.7159000039100647	0.09399999678134918	0.8590999841690063	0.6876999735832214	0.8482000231742859	0.6449999809265137	0.6049000024795532	0.635200023651123	0.7617999911308289	0.6485000252723694	0.7523000240325928	720	Absorbance
B10	0.6678000092506409	0.10189999639987946	0.8205000162124634	0.6428999900817871	0.8203999996185303	0.6011000275611877	0.5529999732971191	0.5738000273704529	0.7006000280380249	0.5875999927520752	0.7103999853134155	720	Absorbance
B11	0.61080002784729	0.09849999845027924	0.7483000159263611	0.5745000243186951	0.7610999941825867	0.5536999702453613	0.5019999742507935	0.5126000046730042	0.6552000045776367	0.5332000255584717	0.6564000248908997	720	Absorbance
B12	0.5044000148773193	0.11060000211000443	0.65420001745224	0.4625999927520752	0.6880000233650208	0.44769999384880066	0.39320001006126404	0.3926999866962433	0.5343999862670898	0.412200003862381	0.5548999905586243	720	Absorbance
C1	0.9789999723434448	0.07190000265836716	1.0937000513076782	0.9474999904632568	1.0174000263214111	0.9081000089645386	0.8873000144958496	0.9380000233650208	1.0693000555038452	0.9402999877929688	1.009600043296814	720	Absorbance
C2	0.9495000243186951	0.07129999995231628	1.065999984741211	0.9212999939918518	1.0019999742507935	0.8863999843597412	0.8578000068664551	0.9007999897003174	1.0228999853134155	0.9031000137329102	0.9851999878883362	720	Absorbance
C3	0.9480000138282776	0.0763000026345253	1.0738999843597412	0.9193999767303467	1.0156999826431274	0.8809000253677368	0.8540999889373779	0.8935999870300293	1.0211999416351318	0.8949999809265137	0.978600025177002	720	Absorbance
C4	0.9207000136375427	0.07689999788999557	1.0369000434875488	0.8858000040054321	0.9901999831199646	0.8425999879837036	0.8222000002861023	0.8690999746322632	1.002500057220459	0.8827000260353088	0.9544000029563904	720	Absorbance
C5	0.873199999332428	0.07689999788999557	0.9980999827384949	0.8450000286102295	0.9456999897956848	0.8057000041007996	0.7760999798774719	0.8172000050544739	0.9409000277519226	0.8212000131607056	0.9089999794960022	720	Absorbance
C6	0.8496000170707703	0.08340000361204147	0.9693999886512756	0.801800012588501	0.9350000023841858	0.7709000110626221	0.7415000200271606	0.7907999753952026	0.9279999732971191	0.8087999820709229	0.9003999829292297	720	Absorbance
C7	0.8032000064849854	0.08609999716281891	0.9423999786376953	0.7774999737739563	0.8949999809265137	0.7279000282287598	0.6958000063896179	0.734499990940094	0.8619999885559082	0.7445999979972839	0.8486999869346619	720	Absorbance
C8	0.7771999835968018	0.09210000187158585	0.9235000014305115	0.7523000240325928	0.8849999904632568	0.7060999870300293	0.6643000245094299	0.6966000199317932	0.8320000171661377	0.7092999815940857	0.8253999948501587	720	Absorbance
C9	0.7164000272750854	0.0917000025510788	0.8661999702453613	0.6851000189781189	0.8219000101089478	0.6467000246047974	0.6086999773979187	0.6366000175476074	0.7702999711036682	0.6478000283241272	0.7641000151634216	720	Absorbance
C10	0.6757000088691711	0.09780000150203705	0.8240000009536743	0.6460999846458435	0.8094000220298767	0.6067000031471252	0.5633000135421753	0.5842000246047974	0.7217000126838684	0.6013000011444092	0.7249000072479248	720	Absorbance
C11	0.6190000176429749	0.09920000284910202	0.7634000182151794	0.5859000086784363	0.7646999955177307	0.5605000257492065	0.5084999799728394	0.5163000226020813	0.6621000170707703	0.5450000166893005	0.6647999882698059	720	Absorbance
C12	0.4950000047683716	0.10270000249147415	0.6269999742507935	0.4472000002861023	0.6653000116348267	0.43779999017715454	0.3921000063419342	0.3873000144958496	0.5432999730110168	0.41749998927116394	0.5378999710083008	720	Absorbance
D1	0.9732000231742859	0.07039999961853027	1.0778000354766846	0.9391000270843506	1.020799994468689	0.9060999751091003	0.8809999823570251	0.9257000088691711	1.051900029182434	0.9351000189781189	1.0214999914169312	720	Absorbance
D2	0.9165999889373779	0.07639999687671661	1.0374000072479248	0.8795999884605408	0.9656000137329102	0.847100019454956	0.8181999921798706	0.8669000267982483	1.0011999607086182	0.8711000084877014	0.9621999859809875	720	Absorbance
D3	0.8996000289916992	0.07500000298023224	1.0062999725341797	0.8547999858856201	0.9556999802589417	0.8331000208854675	0.8040000200271606	0.8449000120162964	0.9843000173568726	0.8580999970436096	0.9549000263214111	720	Absorbance
D4	0.8707000017166138	0.07429999858140945	0.9772999882698059	0.8384000062942505	0.9416000247001648	0.8077999949455261	0.7721999883651733	0.8127999901771545	0.9363999962806702	0.8230000138282776	0.9265999794006348	720	Absorbance
D5	0.8453999757766724	0.08110000193119049	0.9702000021934509	0.8134999871253967	0.9090999960899353	0.7713000178337097	0.7361000180244446	0.7871000170707703	0.9182999730110168	0.7973999977111816	0.9050999879837036	720	Absorbance
D6	0.8118000030517578	0.0820000022649765	0.9169999957084656	0.7540000081062317	0.8847000002861023	0.732200026512146	0.7064999938011169	0.7508999705314636	0.890999972820282	0.7821000218391418	0.8873999714851379	720	Absorbance
D7	0.7739999890327454	0.08709999918937683	0.896399974822998	0.7337999939918518	0.8633000254631042	0.7013000249862671	0.6577000021934509	0.7052000164985657	0.8335000276565552	0.7214000225067139	0.8535000085830688	720	Absorbance
D8	0.710099995136261	0.08590000122785568	0.829800009727478	0.6736000180244446	0.8066999912261963	0.6431999802589417	0.600600004196167	0.6344000101089478	0.760699987411499	0.6539000272750854	0.7882000207901001	720	Absorbance
D9	0.6575999855995178	0.0917000025510788	0.7847999930381775	0.6122000217437744	0.7710999846458435	0.5918999910354614	0.5497000217437744	0.572700023651123	0.7117000222206116	0.5916000008583069	0.7329000234603882	720	Absorbance
D10	0.6018999814987183	0.0957999974489212	0.7333999872207642	0.5561000108718872	0.7279000282287598	0.5371999740600586	0.48989999294281006	0.5113000273704529	0.6549000144004822	0.5307999849319458	0.6754000186920166	720	Absorbance
D11	0.541700005531311	0.09719999879598618	0.6607999801635742	0.48890000581741333	0.6873000264167786	0.48330000042915344	0.43479999899864197	0.4424000084400177	0.5898000001907349	0.4722000062465668	0.616100013256073	720	Absorbance
D12	0.42010000348091125	0.10350000113248825	0.5496000051498413	0.36500000953674316	0.5913000106811523	0.36230000853538513	0.32030001282691956	0.31869998574256897	0.461899995803833	0.33230000734329224	0.47929999232292175	720	Absorbance
E1	0.9161999821662903	0.06870000064373016	1.013100028038025	0.8762000203132629	0.9477999806404114	0.8500000238418579	0.8273000121116638	0.8694000244140625	1.002500057220459	0.8883000016212463	0.9711999893188477	720	Absorbance
E2	0.8827000260353088	0.07410000264644623	0.9800999760627747	0.8360999822616577	0.9354000091552734	0.8134999871253967	0.7864000201225281	0.8277000188827515	0.9686999917030334	0.8507000207901001	0.9453999996185303	720	Absorbance
E3	0.8531000018119812	0.07490000128746033	0.9550999999046326	0.8043000102043152	0.9021000266075134	0.7911999821662903	0.7529000043869019	0.800599992275238	0.9412999749183655	0.8152999877929688	0.9154000282287598	720	Absorbance
E4	0.8281999826431274	0.07909999787807465	0.9390000104904175	0.7865999937057495	0.8888999819755554	0.7541999816894531	0.7253999710083008	0.7663000226020813	0.9006999731063843	0.7888000011444092	0.9036999940872192	720	Absorbance
E5	0.7975999712944031	0.0835999995470047	0.9197999835014343	0.7538999915122986	0.8695999979972839	0.7246999740600586	0.6863999962806702	0.7390000224113464	0.8707000017166138	0.7468000054359436	0.8673999905586243	720	Absorbance
E6	0.7669000029563904	0.08820000290870667	0.8755999803543091	0.7145000100135803	0.8540999889373779	0.680899977684021	0.6500999927520752	0.7039999961853027	0.8503999710083008	0.725600004196167	0.847100019454956	720	Absorbance
E7	0.7197999954223633	0.0908999964594841	0.8396999835968018	0.6678000092506409	0.817799985408783	0.6437000036239624	0.6011000275611877	0.656000018119812	0.7906000018119812	0.6589999794960022	0.802299976348877	720	Absorbance
E8	0.6726999878883362	0.09229999780654907	0.7875999808311462	0.6229000091552734	0.7813000082969666	0.6007000207901001	0.5534999966621399	0.5968000292778015	0.7337999939918518	0.6133999824523926	0.7639999985694885	720	Absorbance
E9	0.6211000084877014	0.0934000015258789	0.7419000267982483	0.5677000284194946	0.739300012588501	0.5540000200271606	0.5078999996185303	0.5360999703407288	0.6789000034332275	0.560699999332428	0.7037000060081482	720	Absorbance
E10	0.5733000040054321	0.0957999974489212	0.6862999796867371	0.5162000060081482	0.7116000056266785	0.5134000182151794	0.46239998936653137	0.4803999960422516	0.623199999332428	0.508899986743927	0.6577000021934509	720	Absorbance
E11	0.5203999876976013	0.10000000149011612	0.635699987411499	0.46959999203681946	0.677299976348877	0.4627000093460083	0.4083999991416931	0.4196999967098236	0.5611000061035156	0.4480000138282776	0.6014999747276306	720	Absorbance
E12	0.39320001006126404	0.1031000018119812	0.5019999742507935	0.3264000117778778	0.567799985408783	0.3441999852657318	0.29269999265670776	0.29179999232292175	0.43799999356269836	0.3057999908924103	0.4697999954223633	720	Absorbance
F1	0.8873999714851379	0.0746999979019165	0.9854000210762024	0.8395000100135803	0.9187999963760376	0.8131999969482422	0.7921000123023987	0.8391000032424927	0.9850000143051147	0.8586000204086304	0.9549000263214111	720	Absorbance
F2	0.8478000164031982	0.07410000264644623	0.945900022983551	0.8015999794006348	0.901199996471405	0.7849000096321106	0.7484999895095825	0.7912999987602234	0.9228000044822693	0.8122000098228455	0.9215999841690063	720	Absorbance
F3	0.8113999962806702	0.07720000296831131	0.9229999780654907	0.7633000016212463	0.866599977016449	0.7444000244140625	0.7128000259399414	0.7562000155448914	0.8921999931335449	0.7678999900817871	0.8762999773025513	720	Absorbance
F4	0.7846999764442444	0.07890000194311142	0.8823999762535095	0.7343000173568726	0.8532999753952026	0.7214000225067139	0.6848000288009644	0.7192000150680542	0.8608999848365784	0.7386999726295471	0.8676000237464905	720	Absorbance
F5	0.758400022983551	0.0835999995470047	0.8781999945640564	0.711899995803833	0.839900016784668	0.6888999938964844	0.6503000259399414	0.6980999708175659	0.8276000022888184	0.7032999992370605	0.8274999856948853	720	Absorbance
F6	0.7193999886512756	0.09120000153779984	0.8478000164031982	0.6685000061988831	0.8068000078201294	0.6421999931335449	0.6011999845504761	0.6513000130653381	0.7936000227928162	0.6626999974250793	0.8001000285148621	720	Absorbance
F7	0.6674000024795532	0.09109999984502792	0.777400016784668	0.6133999824523926	0.7746999859809875	0.5960000157356262	0.5511000156402588	0.593999981880188	0.728600025177002	0.6096000075340271	0.7613999843597412	720	Absorbance
F8	0.635200023651123	0.09269999712705612	0.7508000135421753	0.5831999778747559	0.7430999875068665	0.5680000185966492	0.5160999894142151	0.5543000102043152	0.6884999871253967	0.5782999992370605	0.7342000007629395	720	Absorbance
F9	0.5785999894142151	0.09759999811649323	0.6970999836921692	0.5196999907493591	0.7064999938011169	0.5062000155448914	0.4643000066280365	0.4896000027656555	0.6395000219345093	0.5146999955177307	0.670199990272522	720	Absorbance
F10	0.5325000286102295	0.10260000079870224	0.635699987411499	0.4634000062942505	0.6780999898910522	0.4724000096321106	0.41609999537467957	0.4300000071525574	0.5861999988555908	0.4659000039100647	0.6449000239372253	720	Absorbance
F11	0.4772999882698059	0.10620000213384628	0.6014000177383423	0.42170000076293945	0.6456000208854675	0.4187000095844269	0.36059999465942383	0.3720000088214874	0.5238999724388123	0.3950999975204468	0.5570999979972839	720	Absorbance
F12	0.36250001192092896	0.11420000344514847	0.4925999939441681	0.3027999997138977	0.5507000088691711	0.3111000061035156	0.24709999561309814	0.2484000027179718	0.40610000491142273	0.2587999999523163	0.4447000026702881	720	Absorbance
G1	0.8553000092506409	0.07530000060796738	0.9305999875068665	0.7962999939918518	0.8863000273704529	0.7919999957084656	0.7591999769210815	0.7997000217437744	0.9466999769210815	0.8314999938011169	0.9555000066757202	720	Absorbance
G2	0.8087999820709229	0.0794999971985817	0.8898000121116638	0.7505999803543091	0.8507999777793884	0.7382000088691711	0.7092000246047974	0.7433000206947327	0.9025999903678894	0.7847999930381775	0.9099000096321106	720	Absorbance
G3	0.7809000015258789	0.08229999989271164	0.8640999794006348	0.7142000198364258	0.8325999975204468	0.7085999846458435	0.6796000003814697	0.7161999940872192	0.8790000081062317	0.7526000142097473	0.8812999725341797	720	Absorbance
G4	0.7523000240325928	0.08209999650716782	0.8511999845504761	0.6992999911308289	0.8234999775886536	0.6883999705314636	0.6466000080108643	0.6797000169754028	0.8319000005722046	0.7103000283241272	0.8396000266075134	720	Absorbance
G5	0.7123000025749207	0.08259999752044678	0.8126000165939331	0.6563000082969666	0.7875000238418579	0.6437000036239624	0.6092000007629395	0.6444000005722046	0.7918999791145325	0.6672999858856201	0.79830002784729	720	Absorbance
G6	0.6739000082015991	0.0869000032544136	0.7770000100135803	0.6141999959945679	0.7541999816894531	0.6015999913215637	0.5636000037193298	0.6065000295639038	0.7573999762535095	0.6244999766349792	0.7659000158309937	720	Absorbance
G7	0.6259999871253967	0.08810000121593475	0.7202000021934509	0.5645999908447266	0.7211999893188477	0.5597000122070312	0.5180000066757202	0.5489000082015991	0.6963000297546387	0.5752999782562256	0.7300999760627747	720	Absorbance
G8	0.5856999754905701	0.09380000084638596	0.6790000200271606	0.5218999981880188	0.6920999884605408	0.5198000073432922	0.4693000018596649	0.4973999857902527	0.6517000198364258	0.5368000268936157	0.7034000158309937	720	Absorbance
G9	0.5418999791145325	0.10119999945163727	0.6263999938964844	0.4555000066757202	0.6638000011444092	0.47690001130104065	0.421999990940094	0.4438999891281128	0.6298999786376953	0.4966000020503998	0.6624000072479248	720	Absorbance
G10	0.48240000009536743	0.10419999808073044	0.5705999732017517	0.40860000252723694	0.6283000111579895	0.4262000024318695	0.3634999990463257	0.37880000472068787	0.5370000004768372	0.41609999537467957	0.6126000285148621	720	Absorbance
G11	0.424699991941452	0.10580000281333923	0.5249999761581421	0.3522000014781952	0.5860000252723694	0.3788999915122986	0.3091000020503998	0.31470000743865967	0.4722000062465668	0.34790000319480896	0.5365999937057495	720	Absorbance
G12	0.30660000443458557	0.11559999734163284	0.4494999945163727	0.23409999907016754	0.48969998955726624	0.24570000171661377	0.19120000302791595	0.19689999520778656	0.3569999933242798	0.20839999616146088	0.3864000141620636	720	Absorbance
H1	0.7791000008583069	0.07109999656677246	0.8515999913215637	0.7279999852180481	0.828499972820282	0.7146999835968018	0.6917999982833862	0.7196000218391418	0.8517000079154968	0.7526000142097473	0.873199999332428	720	Absorbance
H2	0.7364000082015991	0.08889999985694885	0.7925000190734863	0.6560999751091003	0.7634999752044678	0.6639999747276306	0.633400022983551	0.66839998960495	0.859000027179718	0.7231000065803528	0.8677999973297119	720	Absorbance
H3	0.7071999907493591	0.08129999786615372	0.7964000105857849	0.6456999778747559	0.7748000025749207	0.6438999772071838	0.6068000197410583	0.6367999911308289	0.7842000126838684	0.6687999963760376	0.8077999949455261	720	Absorbance
H4	0.6751000285148621	0.08839999884366989	0.7258999943733215	0.5842999815940857	0.7156999707221985	0.609000027179718	0.5803999900817871	0.6039999723434448	0.7893999814987183	0.6574000120162964	0.8101999759674072	720	Absorbance
H5	0.6383000016212463	0.09019999951124191	0.713699996471405	0.5608999729156494	0.7063000202178955	0.5706999897956848	0.5315999984741211	0.5572999715805054	0.7425000071525574	0.604200005531311	0.7576000094413757	720	Absorbance
H6	0.5947999954223633	0.09350000321865082	0.6937000155448914	0.5198000073432922	0.6823999881744385	0.5297999978065491	0.4794999957084656	0.5116999745368958	0.6818000078201294	0.5476999878883362	0.7069000005722046	720	Absorbance
H7	0.5534999966621399	0.10109999775886536	0.635699987411499	0.4724999964237213	0.6827999949455261	0.48980000615119934	0.4350999891757965	0.4569999873638153	0.6205000281333923	0.503000020980835	0.6848000288009644	720	Absorbance
H8	0.48500001430511475	0.0934000015258789	0.5570999979972839	0.4059999883174896	0.5777999758720398	0.4212000072002411	0.3804999887943268	0.3928999900817871	0.5690000057220459	0.4431000053882599	0.6169999837875366	720	Absorbance
H9	0.43939998745918274	0.10580000281333923	0.47940000891685486	0.33809998631477356	0.5582000017166138	0.3813000023365021	0.32739999890327454	0.3292999863624573	0.5335999727249146	0.4075999855995178	0.599399983882904	720	Absorbance
H10	0.3862000107765198	0.10790000110864639	0.4375	0.2858000099658966	0.5187000036239624	0.33739998936653137	0.26919999718666077	0.2768000066280365	0.4702000021934509	0.33570000529289246	0.5449000000953674	720	Absorbance
H11	0.32019999623298645	0.10649999976158142	0.3824000060558319	0.22139999270439148	0.45350000262260437	0.2669999897480011	0.20739999413490295	0.2071000039577484	0.40549999475479126	0.2709999978542328	0.4661000072956085	720	Absorbance
H12	0.1932000070810318	0.1145000010728836	0.36059999465942383	0.10930000245571136	0.3596999943256378	0.12319999933242798	0.08500000089406967	0.09610000252723694	0.2535000145435333	0.09880000352859497	0.2522999942302704	720	Absorbance
A1	1.0276999473571777	0.06930000334978104	1.160599946975708	0.9994000196456909	1.0570000410079956	1.0151000022888184	0.9289000034332275	0.9835000038146973	1.090399980545044	0.9718999862670898	1.0426000356674194	750	Absorbance
A2	0.98580002784729	0.07429999858140945	1.12090003490448	0.9760000109672546	1.0464999675750732	0.919700026512146	0.8931000232696533	0.9376999735832214	1.0479999780654907	0.9322999715805054	0.9977999925613403	750	Absorbance
A3	0.9474999904632568	0.07970000058412552	1.0901999473571777	0.9254000186920166	1.0185999870300293	0.8798999786376953	0.8492000102996826	0.8920000195503235	1.0082000494003296	0.890500009059906	0.9736999869346619	750	Absorbance
A4	0.9061999917030334	0.0786999985575676	1.041599988937378	0.8794999718666077	0.9815000295639038	0.8407999873161316	0.8098000288009644	0.8518000245094299	0.9656000137329102	0.8453999757766724	0.9398000240325928	750	Absorbance
A5	0.8870000243186951	0.08569999784231186	1.042799949645996	0.867900013923645	0.965399980545044	0.8167999982833862	0.7842000126838684	0.830299973487854	0.9509000182151794	0.8179000020027161	0.9063000082969666	750	Absorbance
A6	0.8585000038146973	0.09059999883174896	1.019700050354004	0.8335000276565552	0.9431999921798706	0.7856000065803528	0.7495999932289124	0.7932000160217285	0.9228000044822693	0.7867000102996826	0.8925999999046326	750	Absorbance
A7	0.8130999803543091	0.08869999647140503	0.9692000150680542	0.7901999950408936	0.9039999842643738	0.7401999831199646	0.7099000215530396	0.7436000108718872	0.8680999875068665	0.7445999979972839	0.8482999801635742	750	Absorbance
A8	0.7734000086784363	0.08969999849796295	0.930899977684021	0.746999979019165	0.8673999905586243	0.7002000212669373	0.6746000051498413	0.6966000199317932	0.8299999833106995	0.7059000134468079	0.8082000017166138	750	Absorbance
A9	0.7408999800682068	0.09629999846220016	0.9074000120162964	0.7190999984741211	0.854200005531311	0.6689000129699707	0.631600022315979	0.6567000150680542	0.7857000231742859	0.6665999889373779	0.777899980545044	750	Absorbance
A10	0.6988000273704529	0.09830000251531601	0.8711000084877014	0.6710000038146973	0.8185999989509583	0.6284000277519226	0.5936999917030334	0.6114000082015991	0.7472000122070312	0.6223000288009644	0.7257000207901001	750	Absorbance
A11	0.6449000239372253	0.09709999710321426	0.7874000072479248	0.6198999881744385	0.7964000105857849	0.5892000198364258	0.5425000190734863	0.5468999743461609	0.6696000099182129	0.5667999982833862	0.6855000257492065	750	Absorbance
A12	0.5515000224113464	0.10289999842643738	0.699999988079071	0.5217999815940857	0.7156000137329102	0.49549999833106995	0.4487000107765198	0.44359999895095825	0.5799999833106995	0.4668000042438507	0.5913000106811523	750	Absorbance
B1	0.9811000227928162	0.0763000026345253	1.117799997329712	0.9574999809265137	1.0313999652862549	0.9097999930381775	0.8871999979019165	0.9383000135421753	1.0605000257492065	0.9305999875068665	0.9965000152587891	750	Absorbance
B2	0.9472000002861023	0.07599999755620956	1.0758999586105347	0.9294999837875366	1.0154999494552612	0.8838000297546387	0.8503000140190125	0.8938000202178955	1.0146000385284424	0.8902000188827515	0.9707000255584717	750	Absorbance
B3	0.911899983882904	0.07840000092983246	1.0467000007629395	0.886900007724762	0.9787999987602234	0.8424999713897705	0.8140000104904175	0.8568000197410583	0.9797000288963318	0.858299970626831	0.9435999989509583	750	Absorbance
B4	0.8859000205993652	0.08259999752044678	1.0255000591278076	0.8671000003814697	0.9607999920845032	0.8134999871253967	0.7789999842643738	0.826200008392334	0.9491999745368958	0.8270000219345093	0.9244999885559082	750	Absorbance
B5	0.8457000255584717	0.08709999918937683	1.0046000480651855	0.8288000226020813	0.9226999878883362	0.7689999938011169	0.7398999929428101	0.7904999852180481	0.9114000201225281	0.7791000008583069	0.8654000163078308	750	Absorbance
B6	0.8184000253677368	0.08749999850988388	0.9679999947547913	0.7921000123023987	0.9021999835968018	0.7423999905586243	0.7089999914169312	0.7562999725341797	0.8859999775886536	0.756600022315979	0.8531000018119812	750	Absorbance
B7	0.7825000286102295	0.093299999833107	0.9422000050544739	0.760200023651123	0.8898000121116638	0.707099974155426	0.6676999926567078	0.7153000235557556	0.8356000185012817	0.7113000154495239	0.8131999969482422	750	Absorbance
B8	0.7439000010490417	0.09220000356435776	0.8921999931335449	0.7250000238418579	0.8586999773979187	0.6722000241279602	0.633899986743927	0.6622999906539917	0.7865999937057495	0.675000011920929	0.7892000079154968	750	Absorbance
B9	0.6941999793052673	0.09880000352859497	0.8482999801635742	0.6636000275611877	0.8295000195503235	0.6176999807357788	0.576200008392334	0.613099992275238	0.7368000149726868	0.6233000159263611	0.7389000058174133	750	Absorbance
B10	0.6489999890327454	0.10620000213384628	0.8149999976158142	0.6241000294685364	0.8008999824523926	0.5759000182151794	0.5281999707221985	0.5529000163078308	0.6779999732971191	0.5680000185966492	0.698199987411499	750	Absorbance
B11	0.5934000015258789	0.10180000215768814	0.7433000206947327	0.5580999851226807	0.7416999936103821	0.5309000015258789	0.4812999963760376	0.49309998750686646	0.6344000101089478	0.5134999752044678	0.6442999839782715	750	Absorbance
B12	0.4945000112056732	0.1128000020980835	0.6503000259399414	0.45419999957084656	0.6766999959945679	0.43479999899864197	0.37929999828338623	0.38100001215934753	0.5203999876976013	0.4002000093460083	0.5534999966621399	750	Absorbance
C1	0.9416999816894531	0.07490000128746033	1.0595999956130981	0.9082000255584717	0.9815000295639038	0.8662999868392944	0.8450999855995178	0.8989999890327454	1.0339000225067139	0.9025999903678894	0.9786999821662903	750	Absorbance
C2	0.9154999852180481	0.07559999823570251	1.038100004196167	0.8827000260353088	0.9706000089645386	0.847599983215332	0.8181999921798706	0.8654000163078308	0.9940999746322632	0.867900013923645	0.9549999833106995	750	Absorbance
C3	0.9142000079154968	0.08030000329017639	1.0460000038146973	0.8813999891281128	0.9840999841690063	0.8418999910354614	0.8158000111579895	0.8589000105857849	0.9905999898910522	0.8582000136375427	0.9506000280380249	750	Absorbance
C4	0.885699987411499	0.08150000125169754	1.0121999979019165	0.8474000096321106	0.95660001039505	0.8048999905586243	0.7817000150680542	0.8306000232696533	0.968999981880188	0.843999981880188	0.9248999953269958	750	Absorbance
C5	0.843500018119812	0.08110000193119049	0.9753999710083008	0.814300000667572	0.9164000153541565	0.7703999876976013	0.7394000291824341	0.7864999771118164	0.911300003528595	0.7886999845504761	0.8889999985694885	750	Absorbance
C6	0.8188999891281128	0.08760000020265579	0.9466999769210815	0.7684000134468079	0.9045000076293945	0.7353000044822693	0.7062000036239624	0.7591000199317932	0.9039000272750854	0.7746000289916992	0.8711000084877014	750	Absorbance
C7	0.7757999897003174	0.09030000120401382	0.9239000082015991	0.7477999925613403	0.868399977684021	0.6930999755859375	0.6633999943733215	0.7067999839782715	0.8328999876976013	0.7157999873161316	0.8299000263214111	750	Absorbance
C8	0.7522000074386597	0.09600000083446503	0.9050999879837036	0.7272999882698059	0.8615999817848206	0.675599992275238	0.632099986076355	0.6699000000953674	0.804099977016449	0.6841999888420105	0.8101000189781189	750	Absorbance
C9	0.694100022315979	0.09570000320672989	0.8467000126838684	0.6629999876022339	0.8007000088691711	0.6187000274658203	0.5785999894142151	0.6104999780654907	0.7484999895095825	0.6240000128746033	0.7556999921798706	750	Absorbance
C10	0.6556000113487244	0.09929999709129333	0.8048999905586243	0.6262000203132629	0.788100004196167	0.5845999717712402	0.5407999753952026	0.5637999773025513	0.699999988079071	0.5776000022888184	0.7141000032424927	750	Absorbance
C11	0.600600004196167	0.10109999775886536	0.744700014591217	0.5647000074386597	0.7473000288009644	0.5386999845504761	0.489300012588501	0.49480000138282776	0.6439999938011169	0.5252000093460083	0.6565999984741211	750	Absorbance
C12	0.48350000381469727	0.10429999977350235	0.6212000250816345	0.4318999946117401	0.6503000259399414	0.42500001192092896	0.37880000472068787	0.3736000061035156	0.5278000235557556	0.4050000011920929	0.5376999974250793	750	Absorbance
D1	0.9366999864578247	0.07440000027418137	1.0468000173568726	0.900600016117096	0.9836000204086304	0.8641999959945679	0.8378999829292297	0.8895999789237976	1.0190999507904053	0.8967999815940857	0.991599977016449	750	Absorbance
D2	0.882099986076355	0.07980000227689743	1.0077999830245972	0.8440999984741211	0.9316999912261963	0.8087000250816345	0.7774999737739563	0.8335000276565552	0.9710000157356262	0.8345000147819519	0.930400013923645	750	Absorbance
D3	0.8675000071525574	0.0786999985575676	0.9775999784469604	0.8220999836921692	0.9235000014305115	0.7954999804496765	0.7659000158309937	0.8101999759674072	0.9549999833106995	0.8260999917984009	0.9315000176429749	750	Absorbance
D4	0.8378000259399414	0.07940000295639038	0.9538000226020813	0.8069999814033508	0.9114999771118164	0.7669000029563904	0.732200026512146	0.7777000069618225	0.9052000045776367	0.7871999740600586	0.8984000086784363	750	Absorbance
D5	0.8136000037193298	0.08550000190734863	0.9484000205993652	0.77920001745224	0.878000020980835	0.7337999939918518	0.7005000114440918	0.7541999816894531	0.8876000046730042	0.7623000144958496	0.8779000043869019	750	Absorbance
D6	0.7800999879837036	0.08560000360012054	0.891700029373169	0.7200000286102295	0.8564000129699707	0.6970000267028809	0.6700999736785889	0.718500018119812	0.8622000217437744	0.7469000220298767	0.858299970626831	750	Absorbance
D7	0.7452999949455261	0.09210000187158585	0.8780999779701233	0.7013000249862671	0.8389000296592712	0.6668000221252441	0.6251000165939331	0.6740999817848206	0.8046000003814697	0.6891000270843506	0.8300999999046326	750	Absorbance
D8	0.6873999834060669	0.09099999815225601	0.8144999742507935	0.6462000012397766	0.7876999974250793	0.6147000193595886	0.5716000199317932	0.6108999848365784	0.7389000058174133	0.6274999976158142	0.7742000222206116	750	Absorbance
D9	0.6378999948501587	0.09570000320672989	0.7687000036239624	0.5931000113487244	0.7548999786376953	0.5679000020027161	0.5230000019073486	0.5480999946594238	0.6894000172615051	0.5723999738693237	0.7232000231742859	750	Absorbance
D10	0.5846999883651733	0.10019999742507935	0.7278000116348267	0.5418000221252441	0.7142999768257141	0.5133000016212463	0.4690000116825104	0.48669999837875366	0.6349999904632568	0.5144000053405762	0.6600000262260437	750	Absorbance
D11	0.5266000032424927	0.10000000149011612	0.6557999849319458	0.4758000075817108	0.6729999780654907	0.460999995470047	0.41760000586509705	0.42329999804496765	0.5698000192642212	0.45899999141693115	0.6039999723434448	750	Absorbance
D12	0.4124000072479248	0.1054999977350235	0.5478000044822693	0.3582000136375427	0.5831000208854675	0.352400004863739	0.31060001254081726	0.30730000138282776	0.44929999113082886	0.3237000107765198	0.4787999987602234	750	Absorbance
E1	0.8808000087738037	0.07169999927282333	0.9848999977111816	0.8410000205039978	0.9106000065803528	0.8087999820709229	0.7886000275611877	0.8381999731063843	0.9682000279426575	0.8468999862670898	0.9404000043869019	750	Absorbance
E2	0.8482999801635742	0.07829999923706055	0.9571999907493591	0.8019000291824341	0.899399995803833	0.7720000147819519	0.7457000017166138	0.7965999841690063	0.9351000189781189	0.8112000226974487	0.9151999950408936	750	Absorbance
E3	0.8223000168800354	0.08089999854564667	0.9412000179290771	0.7724000215530396	0.8704000115394592	0.7519999742507935	0.714900016784668	0.772599995136261	0.9107999801635742	0.7767000198364258	0.8899999856948853	750	Absorbance
E4	0.7968999743461609	0.08349999785423279	0.9093999862670898	0.7477999925613403	0.8568999767303467	0.717199981212616	0.6884999871253967	0.7412999868392944	0.879800021648407	0.7511000037193298	0.8804000020027161	750	Absorbance
E5	0.7663999795913696	0.0869000032544136	0.8931000232696533	0.722000002861023	0.8413000106811523	0.6880999803543091	0.6521999835968018	0.70660001039505	0.8375999927520752	0.7129999995231628	0.843999981880188	750	Absorbance
E6	0.7376000285148621	0.09030000120401382	0.8496000170707703	0.675000011920929	0.8230000138282776	0.651199996471405	0.6204000115394592	0.6764000058174133	0.82669997215271	0.6960999965667725	0.8202000260353088	750	Absorbance
E7	0.6949999928474426	0.094200000166893	0.8212000131607056	0.6434999704360962	0.7896999716758728	0.6134999990463257	0.5723000168800354	0.626800000667572	0.7692000269889832	0.6348000168800354	0.7843000292778015	750	Absorbance
E8	0.6502000093460083	0.09520000219345093	0.7699000239372253	0.5974000096321106	0.7580000162124634	0.5774000287055969	0.5286999940872192	0.5738999843597412	0.7128000259399414	0.5846999883651733	0.7487000226974487	750	Absorbance
E9	0.6011000275611877	0.09610000252723694	0.7207000255584717	0.5476999878883362	0.7202000021934509	0.5313000082969666	0.48399999737739563	0.5148000121116638	0.6567999720573425	0.5367000102996826	0.6974999904632568	750	Absorbance
E10	0.5554999709129333	0.09849999845027924	0.6704999804496765	0.4973999857902527	0.6948000192642212	0.49230000376701355	0.44119998812675476	0.45989999175071716	0.602400004863739	0.49059998989105225	0.650600016117096	750	Absorbance
E11	0.5055000185966492	0.10119999945163727	0.6193000078201294	0.4546000063419342	0.6626999974250793	0.447299987077713	0.3912999927997589	0.4016999900341034	0.5442000031471252	0.43380001187324524	0.5942000150680542	750	Absorbance
E12	0.3865000009536743	0.1039000004529953	0.49239999055862427	0.3188000023365021	0.5594000220298767	0.33889999985694885	0.2847999930381775	0.28220000863075256	0.43149998784065247	0.2978000044822693	0.4722000062465668	750	Absorbance
F1	0.8537999987602234	0.07890000194311142	0.949999988079071	0.8026000261306763	0.8841999769210815	0.7723000049591064	0.7534000277519226	0.8026999831199646	0.9549000263214111	0.828000009059906	0.9361000061035156	750	Absorbance
F2	0.8148000240325928	0.07769999653100967	0.9136000275611877	0.7680000066757202	0.8669999837875366	0.7472000122070312	0.7127000093460083	0.7537000179290771	0.8967999815940857	0.777400016784668	0.8973000049591064	750	Absorbance
F3	0.7813000082969666	0.0803999975323677	0.890500009059906	0.7272999882698059	0.836899995803833	0.7106999754905701	0.6804999709129333	0.722100019454956	0.8662999868392944	0.738099992275238	0.859000027179718	750	Absorbance
F4	0.755299985408783	0.08160000294446945	0.8503000140190125	0.7020000219345093	0.8234000205993652	0.6887999773025513	0.6517000198364258	0.6865000128746033	0.8325999975204468	0.7121999859809875	0.8500999808311462	750	Absorbance
F5	0.7318000197410583	0.08730000257492065	0.8508999943733215	0.6861000061035156	0.8183000087738037	0.6568999886512756	0.6173999905586243	0.6674000024795532	0.7996000051498413	0.6765999794006348	0.8134999871253967	750	Absorbance
F6	0.6948000192642212	0.094200000166893	0.8241000175476074	0.6417999863624573	0.7825999855995178	0.6136999726295471	0.571399986743927	0.6240000128746033	0.7685999870300293	0.6401000022888184	0.7871000170707703	750	Absorbance
F7	0.6450999975204468	0.09369999915361404	0.7605999708175659	0.5873000025749207	0.7531999945640564	0.5728999972343445	0.5264999866485596	0.5712000131607056	0.7056999802589417	0.5843999981880188	0.7439000010490417	750	Absorbance
F8	0.6134999990463257	0.09700000286102295	0.7347000241279602	0.5608000159263611	0.7272999882698059	0.5425000190734863	0.49059998989105225	0.5297999978065491	0.6651999950408936	0.5511000156402588	0.7192999720573425	750	Absorbance
F9	0.5615000128746033	0.10130000114440918	0.6812999844551086	0.5016000270843506	0.6912999749183655	0.4880000054836273	0.44040000438690186	0.46810001134872437	0.6152999997138977	0.49810001254081726	0.6692000031471252	750	Absorbance
F10	0.5184000134468079	0.10620000213384628	0.6241000294685364	0.44769999384880066	0.6629999876022339	0.4553000032901764	0.3968999981880188	0.4124000072479248	0.5674999952316284	0.4523000121116638	0.6460000276565552	750	Absorbance
F11	0.4659000039100647	0.10830000042915344	0.59170001745224	0.4106999933719635	0.631600022315979	0.4032000005245209	0.3452000021934509	0.3564999997615814	0.5084999799728394	0.3855000138282776	0.5598000288009644	750	Absorbance
F12	0.35899999737739563	0.11599999666213989	0.49079999327659607	0.2939999997615814	0.5440999865531921	0.3068000078201294	0.2418999969959259	0.2442999929189682	0.3993000090122223	0.25360000133514404	0.4560000002384186	750	Absorbance
G1	0.8233000040054321	0.07840000092983246	0.8995000123977661	0.7603999972343445	0.8585000038146973	0.7559000253677368	0.7253999710083008	0.7649999856948853	0.9154000282287598	0.7986000180244446	0.9307000041007996	750	Absorbance
G2	0.7771000266075134	0.08370000123977661	0.8654999732971191	0.7121000289916992	0.8181999921798706	0.7024999856948853	0.6753000020980835	0.7121000289916992	0.8797000050544739	0.748199999332428	0.8806999921798706	750	Absorbance
G3	0.7545999884605408	0.08609999716281891	0.8418999910354614	0.6861000061035156	0.8079000115394592	0.6769000291824341	0.6488000154495239	0.6863999962806702	0.852400004863739	0.7272999882698059	0.8637999892234802	750	Absorbance
G4	0.7254999876022339	0.08590000122785568	0.8256000280380249	0.6621000170707703	0.7946000099182129	0.6560999751091003	0.6193000078201294	0.6506999731063843	0.8101999759674072	0.6862000226974487	0.8245999813079834	750	Absorbance
G5	0.6887999773025513	0.08649999648332596	0.7889000177383423	0.6256999969482422	0.7635999917984009	0.6172999739646912	0.5817000269889832	0.6155999898910522	0.7710000276565552	0.6474999785423279	0.788100004196167	750	Absorbance
G6	0.6516000032424927	0.09049999713897705	0.7552000284194946	0.5878000259399414	0.7300999760627747	0.5740000009536743	0.5360000133514404	0.5795999765396118	0.7353000044822693	0.6093999743461609	0.7573000192642212	750	Absorbance
G7	0.6046000123023987	0.09049999713897705	0.699400007724762	0.539900004863739	0.6995999813079834	0.5360000133514404	0.4961000084877014	0.5238000154495239	0.6710000038146973	0.5550000071525574	0.720300018787384	750	Absorbance
G8	0.5677000284194946	0.09759999811649323	0.6635000109672546	0.5027999877929688	0.6769999861717224	0.4993000030517578	0.4456999897956848	0.4772000014781952	0.6284000277519226	0.5175999999046326	0.6977999806404114	750	Absorbance
G9	0.5257999897003174	0.10480000078678131	0.6179999709129333	0.4352000057697296	0.6481000185012817	0.45680001378059387	0.40290001034736633	0.42579999566078186	0.6098999977111816	0.47920000553131104	0.6564000248908997	750	Absorbance
G10	0.4690000116825104	0.10540000349283218	0.5572999715805054	0.3939000070095062	0.6126999855041504	0.4099999964237213	0.34869998693466187	0.36340001225471497	0.5221999883651733	0.40619999170303345	0.6061999797821045	750	Absorbance
G11	0.4147999882698059	0.10719999670982361	0.5133000016212463	0.3416999876499176	0.572700023651123	0.36640000343322754	0.2976999878883362	0.30239999294281006	0.460099995136261	0.3393999934196472	0.5390999913215637	750	Absorbance
G12	0.30720001459121704	0.11630000174045563	0.44999998807907104	0.23479999601840973	0.4878000020980835	0.24819999933242798	0.19059999287128448	0.1940000057220459	0.3582000136375427	0.2076999992132187	0.3935999870300293	750	Absorbance
H1	0.7445999979972839	0.0722000002861023	0.8184999823570251	0.6913999915122986	0.7893000245094299	0.6775000095367432	0.6621999740600586	0.683899998664856	0.8148999810218811	0.7157999873161316	0.8481000065803528	750	Absorbance
H2	0.7062000036239624	0.08900000154972076	0.7633000016212463	0.6266999840736389	0.7236999869346619	0.6304000020027161	0.607200026512146	0.6403999924659729	0.824999988079071	0.6934999823570251	0.845300018787384	750	Absorbance
H3	0.6805999875068665	0.0851999968290329	0.7800999879837036	0.6144000291824341	0.7454000115394592	0.6123999953269958	0.5789999961853027	0.6061999797821045	0.7559000253677368	0.6424999833106995	0.7896999716758728	750	Absorbance
H4	0.6489999890327454	0.09120000153779984	0.7056999802589417	0.5575000047683716	0.6881999969482422	0.578499972820282	0.550000011920929	0.5764999985694885	0.761900007724762	0.6316999793052673	0.7914000153541565	750	Absorbance
H5	0.6144000291824341	0.0917000025510788	0.6930999755859375	0.5303999781608582	0.6787999868392944	0.5450000166893005	0.510699987411499	0.5340999960899353	0.7149999737739563	0.5796999931335449	0.7426999807357788	750	Absorbance
H6	0.5723999738693237	0.09549999982118607	0.6786999702453613	0.4975000023841858	0.6581000089645386	0.5008000135421753	0.4555000066757202	0.4909999966621399	0.6567999720573425	0.5232999920845032	0.6895999908447266	750	Absorbance
H7	0.5389999747276306	0.10599999874830246	0.6298999786376953	0.4535999894142151	0.6699000000953674	0.4632999897003174	0.41429999470710754	0.44130000472068787	0.6086999773979187	0.492000013589859	0.6779000163078308	750	Absorbance
H8	0.47360000014305115	0.09780000150203705	0.5511000156402588	0.3905999958515167	0.5636000037193298	0.4065000116825104	0.36340001225471497	0.3806999921798706	0.5565000176429749	0.4302000105381012	0.6200000047683716	750	Absorbance
H9	0.4284999966621399	0.10779999941587448	0.47360000014305115	0.3253999948501587	0.5473999977111816	0.36399999260902405	0.31619998812675476	0.32089999318122864	0.5236999988555908	0.3912999927997589	0.5942000150680542	750	Absorbance
H10	0.3792000114917755	0.10909999907016754	0.4262000024318695	0.2818000018596649	0.5076000094413757	0.32330000400543213	0.2621999979019165	0.26969999074935913	0.46050000190734863	0.33079999685287476	0.5504999756813049	750	Absorbance
H11	0.3167000114917755	0.10809999704360962	0.3865000009536743	0.2152000069618225	0.45089998841285706	0.26260000467300415	0.20280000567436218	0.20329999923706055	0.396699994802475	0.26570001244544983	0.4666999876499176	750	Absorbance
H12	0.2004999965429306	0.11680000275373459	0.3781000077724457	0.11720000207424164	0.3652999997138977	0.13179999589920044	0.08910000324249268	0.10159999877214432	0.2587999999523163	0.10239999741315842	0.2606000006198883	750	Absorbance
