well,row,col,B_lbl,C_lbl,B_cc,C_cc,A600,A600_sdv,A680,A680_sdv,A720,A720_sdv,A750,A750_sdv,500,510,520,530,540,550,560,570,580,590,600,610,620,630,640,650,660,670,680,690,700,710,720,730,740,750
A1,A,1,0.4,0.5,779407242.5,4446473.15,1.2992000579833984,0.06179999932646753,1.686400055885315,0.06859999895095825,1.0664000511169434,0.06599999964237213,1.0276999473571775,0.06930000334978104,1.6335999965667725,1.4560999870300293,1.3134000301361084,1.2275999784469604,1.1818000078201294,1.1603000164031982,1.1416000127792358,1.1449999809265137,1.1559000015258791,1.1660000085830688,1.170199990272522,1.1749999523162842,1.1822999715805054,1.176900029182434,1.1959999799728394,1.305500030517578,1.3646999597549438,1.4972000122070312,1.5497000217437744,1.3140000104904177,1.0571999549865725,0.9753999710083008,0.9408000111579896,0.9182000160217284,0.9070000052452089,0.8938000202178955
A2,A,2,0.4,0.46,779407242.5,4081862.352,1.2345999479293823,0.07460000365972519,1.58650004863739,0.07419999688863754,1.0232000350952148,0.0714000016450882,0.98580002784729,0.07429999858140945,1.5460000038146973,1.4074000120162964,1.2509000301361084,1.1739000082015991,1.1341999769210815,1.111600041389465,1.0942000150680542,1.0956000089645386,1.1052000522613523,1.1131000518798828,1.1154999732971191,1.118899941444397,1.1246000528335571,1.1193000078201294,1.13510000705719,1.2325999736785889,1.2892999649047852,1.4052000045776367,1.4502999782562256,1.2545000314712524,1.0091999769210815,0.9344000220298768,0.9016000032424928,0.8808000087738037,0.869700014591217,0.8565999865531921
A3,A,3,0.4,0.42,779407242.5,3717251.5539999995,1.1739000082015991,0.07680000364780426,1.4931000471115112,0.08179999887943268,0.982200026512146,0.07580000162124634,0.9474999904632568,0.07970000058412552,1.4573999643325806,1.330899953842163,1.1858999729156494,1.1145000457763672,1.0764000415802002,1.0547000169754028,1.0378999710083008,1.0384000539779663,1.0454000234603882,1.0511000156402588,1.0530999898910522,1.0550999641418457,1.0591000318527222,1.0537999868392944,1.0669000148773191,1.1563999652862549,1.2036999464035034,1.3148000240325928,1.3579000234603882,1.1660000085830688,0.9528999924659728,0.8842999935150146,0.8539000153541565,0.8342000246047974,0.8238000273704529,0.8115000128746033
A4,A,4,0.4,0.38,779407242.5,3352640.755,1.116000056266785,0.07320000231266023,1.395699977874756,0.07909999787807465,0.9381999969482422,0.07419999688863754,0.9061999917030334,0.0786999985575676,1.374699950218201,1.26010000705719,1.131100058555603,1.0657999515533447,1.0317000150680542,1.0103000402450562,0.9937999844551086,0.992799997329712,0.998199999332428,1.0018999576568604,1.0023000240325928,1.0025999546051023,1.0056999921798706,0.9994999766349792,1.0096999406814575,1.0886000394821167,1.1304999589920044,1.228700041770935,1.267699956893921,1.0978000164031982,0.9071000218391418,0.8442000150680542,0.8166999816894531,0.7978000044822693,0.788100004196167,0.7764000296592712
A5,A,5,0.4,0.34,779407242.5,2988029.957,1.0906000137329102,0.07850000262260437,1.339400053024292,0.08789999783039093,0.91839998960495,0.0803999975323677,0.8870000243186951,0.08569999784231186,1.322100043296814,1.2020000219345093,1.102300047874451,1.0411000251770022,1.0059000253677368,0.9873999953269958,0.9702000021934508,0.9677000045776368,0.9713000059127808,0.9735000133514404,0.972599983215332,0.9721000194549559,0.973699986934662,0.9667999744415284,0.975499987602234,1.0464999675750732,1.082800030708313,1.1719000339508057,1.2072000503540041,1.0539000034332275,0.8787999749183655,0.8212000131607056,0.7946000099182129,0.7767000198364258,0.7667000293731691,0.7552000284194946
A6,A,6,0.4,0.3,779407242.5,2623419.159,1.0450999736785889,0.08169999718666078,1.2630000114440918,0.09279999881982803,0.8870999813079834,0.08449999988079071,0.8585000038146973,0.09059999883174896,1.2437000274658203,1.1361000537872314,1.0472999811172483,0.9926000237464904,0.960099995136261,0.9427000284194946,0.9258000254631042,0.9222999811172484,0.9244999885559082,0.9247999787330629,0.9232000112533568,0.9211000204086304,0.9218000173568726,0.9144999980926514,0.9210000038146972,0.9821000099182128,1.0139000415802002,1.0918999910354614,1.1229000091552734,0.9879999756813048,0.8332999944686891,0.7810999751091003,0.7570000290870667,0.7400000095367432,0.7304999828338623,0.7192000150680542
A7,A,7,0.4,0.25,779407242.5,2258808.36,0.9882000088691713,0.08420000225305557,1.1691999435424805,0.09120000153779984,0.8407999873161316,0.08579999953508377,0.8130999803543091,0.08869999647140503,1.1563999652862549,1.0756000280380251,0.9829000234603882,0.9352999925613404,0.9077000021934508,0.8896999955177307,0.8741000294685364,0.8697999715805054,0.8702999949455261,0.8690000176429749,0.8661999702453613,0.8637999892234802,0.8626999855041504,0.8557000160217285,0.8594999909400941,0.9108999967575072,0.9368000030517578,1.0032000541687012,1.0290000438690186,0.9136000275611876,0.77920001745224,0.7332000136375427,0.7107999920845032,0.6952999830245972,0.6861000061035156,0.6754000186920166
A8,A,8,0.4,0.21,779407242.5,1894197.562,0.9354000091552734,0.08720000088214874,1.0782999992370603,0.09009999781847,0.7994999885559082,0.08619999885559082,0.7734000086784363,0.08969999849796295,1.0819000005722046,1.0010000467300415,0.9343000054359436,0.8916000127792358,0.8648999929428101,0.8496999740600586,0.8345000147819519,0.8292000293731691,0.8278999924659729,0.8248999714851379,0.8208000063896179,0.8166000247001648,0.8144999742507935,0.8061000108718872,0.807699978351593,0.8501999974250793,0.8709999918937683,0.9258000254631042,0.9477000236511229,0.8501999974250793,0.7353000044822693,0.695900022983551,0.6766999959945679,0.6625000238418579,0.6543999910354614,0.64410001039505
A9,A,9,0.4,0.17,779407242.5,1529586.764,0.8892999887466431,0.09440000355243684,0.992799997329712,0.09640000015497208,0.7641000151634216,0.093299999833107,0.7408999800682068,0.09629999846220016,0.9932000041007996,0.926699995994568,0.8709999918937683,0.8342999815940857,0.8108999729156494,0.7968000173568726,0.7818999886512756,0.7752000093460083,0.7724000215530396,0.7678999900817871,0.7626000046730042,0.7570000290870667,0.753600001335144,0.7451000213623047,0.7444000244140625,0.7767999768257141,0.7914999723434448,0.8348000049591064,0.8513000011444092,0.7723000049591064,0.6783999800682068,0.6459000110626221,0.6292999982833862,0.6166999936103821,0.6093999743461609,0.5996000170707703
A10,A,10,0.4,0.13,779407242.5,1164975.965,0.8428000211715698,0.09629999846220016,0.9059000015258788,0.09549999982118608,0.7225000262260437,0.09610000252723694,0.6988000273704529,0.098300002515316,0.91729998588562,0.8708999752998352,0.816100001335144,0.7860000133514404,0.7663999795913696,0.7522000074386597,0.7387999892234802,0.7312999963760376,0.7269999980926514,0.7215999960899353,0.715499997138977,0.7091000080108643,0.7045999765396118,0.6962000131607056,0.6937999725341797,0.7171000242233276,0.727400004863739,0.7580999732017517,0.7685999870300293,0.7091000080108643,0.6310999989509583,0.6037999987602234,0.5891000032424927,0.5774000287055969,0.5705000162124634,0.5613999962806702
A11,A,11,0.4,0.09,779407242.5,800365.167,0.7778999805450441,0.09769999980926514,0.7957999706268309,0.0982000008225441,0.6661000251770021,0.09380000084638596,0.6449000239372253,0.09709999710321426,0.8066999912261963,0.7692000269889832,0.7375000119209291,0.7148000001907349,0.6976000070571899,0.6863999962806702,0.6736000180244446,0.6653000116348267,0.659600019454956,0.6524999737739563,0.6450999975204468,0.6377000212669373,0.6322000026702881,0.6233000159263611,0.6187999844551086,0.6302000284194946,0.6324999928474426,0.6491000056266785,0.652400016784668,0.611299991607666,0.5619999766349792,0.5425000190734863,0.5313000082969666,0.5218999981880188,0.5157999992370605,0.5076000094413757
A12,A,12,0.4,0.0,779407242.5,0.0,0.6592000126838684,0.10130000114440918,0.5911999940872192,0.1014999970793724,0.5647000074386597,0.10090000182390213,0.5515000224113464,0.10289999842643738,0.6266000270843506,0.6150000095367432,0.6043999791145325,0.5942000150680542,0.5838000178337097,0.5752999782562256,0.5647000074386597,0.5555999875068665,0.5472999811172485,0.5374000072479248,0.5285000205039978,0.519599974155426,0.5117999911308289,0.5030000209808351,0.4948999881744385,0.487500011920929,0.4794000089168549,0.4718999862670898,0.4639999866485596,0.4571999907493591,0.4498000144958496,0.444599986076355,0.4393999874591827,0.433899998664856,0.4302999973297119,0.4241999983787537
B1,B,1,0.35,0.5,681981337.2,4446473.15,1.229099988937378,0.07400000095367433,1.628100037574768,0.07429999858140945,1.0190999507904053,0.07249999791383742,0.9811000227928162,0.0763000026345253,1.6028000116348269,1.4249999523162842,1.278499960899353,1.1920000314712524,1.145699977874756,1.1232999563217163,1.1051000356674194,1.108299970626831,1.1196000576019287,1.129899978637695,1.1354000568389893,1.1403000354766846,1.14900004863739,1.1437000036239624,1.163599967956543,1.2756999731063845,1.33650004863739,1.4742000102996826,1.5281000137329102,1.291599988937378,1.0290000438690186,0.9460999965667723,0.9110000133514404,0.8884999752044678,0.8770999908447266,0.8641999959945679
B2,B,2,0.35,0.46,681981337.2,4081862.352,1.177899956703186,0.07559999823570251,1.5348999500274658,0.07280000299215318,0.9821000099182128,0.07150000333786011,0.9472000002861024,0.07599999755620956,1.517799973487854,1.3545999526977541,1.2217999696731567,1.1420999765396118,1.0986000299453735,1.0771000385284424,1.0591000318527222,1.0614999532699585,1.0707999467849731,1.0789999961853027,1.0822000503540041,1.0853999853134155,1.0924999713897705,1.0871000289916992,1.1038000583648682,1.2045999765396118,1.2592999935150146,1.3844000101089478,1.4349000453948977,1.2213000059127808,0.9822999835014344,0.906000018119812,0.8730999827384949,0.8518999814987183,0.8413000106811523,0.828499972820282
B3,B,3,0.35,0.42,681981337.2,3717251.5539999995,1.1251000165939329,0.07919999957084656,1.4485000371932983,0.07590000331401825,0.9452000260353088,0.0746999979019165,0.911899983882904,0.07840000092983246,1.4296000003814695,1.281000018119812,1.159500002861023,1.0857000350952148,1.0453000068664549,1.0247000455856323,1.0072000026702879,1.0078999996185305,1.0157999992370603,1.0226000547409058,1.0247000455856323,1.0270999670028689,1.0324000120162964,1.0269999504089355,1.0407999753952026,1.131500005722046,1.1847000122070312,1.2934999465942385,1.3384000062942505,1.1565999984741209,0.9293000102043152,0.8589000105857849,0.8277999758720398,0.8080000281333923,0.7973999977111816,0.785099983215332
B4,B,4,0.35,0.38,681981337.2,3352640.755,1.0857000350952148,0.0812000036239624,1.3806999921798706,0.08009999990463257,0.9172000288963318,0.07750000059604645,0.8859000205993652,0.08259999752044678,1.3532999753952026,1.2186000347137451,1.1085000038146973,1.0405999422073364,1.0025000572204592,0.9829999804496764,0.9663000106811525,0.9656000137329102,0.972000002861023,0.9761000275611876,0.977299988269806,0.9787999987602234,0.9825000166893004,0.9761000275611876,0.987600028514862,1.0693999528884888,1.1131999492645264,1.215399980545044,1.257699966430664,1.0845999717712402,0.8869000077247621,0.8222000002861023,0.7935000061988831,0.7742999792098999,0.7644000053405762,0.7526000142097473
B5,B,5,0.35,0.34,681981337.2,2988029.957,1.0325000286102295,0.08560000360012054,1.2898999452590942,0.08510000258684157,0.8758000135421753,0.0820000022649765,0.8457000255584717,0.08709999918937683,1.270300030708313,1.149399995803833,1.0500999689102173,0.9890000224113464,0.9541000127792358,0.9362999796867372,0.9194999933242798,0.9179000258445741,0.9221000075340272,0.9247999787330629,0.9248999953269958,0.9241999983787536,0.9265999794006348,0.9197999835014344,0.9287999868392944,1.0006999969482422,1.038599967956543,1.1297999620437622,1.1677000522613523,1.0156999826431274,0.8378999829292297,0.7796000242233276,0.7533000111579895,0.73580002784729,0.7261999845504761,0.7152000069618225
B6,B,6,0.35,0.3,681981337.2,2623419.159,0.9941999912261964,0.08699999749660492,1.2184000015258791,0.08579999953508377,0.8464999794960022,0.08349999785423279,0.8184000253677368,0.08749999850988388,1.1916999816894531,1.0852999687194824,0.9973999857902528,0.942200005054474,0.9100000262260436,0.8925999999046326,0.8766000270843506,0.8733000159263611,0.8758000135421753,0.8773000240325928,0.8759999871253967,0.8748000264167786,0.8761000037193298,0.8687999844551086,0.8752999901771545,0.9369999766349792,0.972599983215332,1.048699975013733,1.0814000368118286,0.9559999704360962,0.7928000092506409,0.741100013256073,0.7170000076293945,0.7005000114440918,0.6919000148773193,0.6815000176429749
B7,B,7,0.35,0.25,681981337.2,2258808.36,0.946399986743927,0.09380000084638596,1.1323000192642212,0.09130000323057176,0.8093000054359436,0.08879999816417694,0.7825000286102295,0.093299999833107,1.1131000518798828,1.0196000337600708,0.942300021648407,0.8932999968528748,0.8637999892234802,0.8475000262260437,0.8317999839782715,0.8274999856948853,0.8285999894142151,0.8281000256538391,0.8256999850273132,0.8228999972343445,0.8224999904632568,0.8151999711990356,0.8194000124931335,0.8723999857902527,0.9016000032424928,0.9672999978065492,0.9958000183105468,0.8877999782562256,0.7457000017166138,0.6998999714851379,0.6780999898910522,0.6628000140190125,0.6545000076293945,0.64410001039505
B8,B,8,0.35,0.21,681981337.2,1894197.562,0.8974000215530396,0.09210000187158583,1.0420999526977541,0.09130000323057176,0.7669000029563904,0.08789999783039093,0.7439000010490417,0.09220000356435776,1.0328999757766724,0.9538000226020812,0.8881000280380249,0.84579998254776,0.8194000124931335,0.8044999837875366,0.7892000079154968,0.7838000059127808,0.7827000021934509,0.7803000211715698,0.7767999768257141,0.7730000019073486,0.7712000012397766,0.7637000083923341,0.7656999826431274,0.8079000115394592,0.8288999795913696,0.8840000033378601,0.906499981880188,0.8098000288009644,0.6959999799728394,0.6567999720573425,0.6373000144958496,0.6237999796867371,0.6161999702453613,0.6064000129699707
B9,B,9,0.35,0.17,681981337.2,1529586.764,0.8299000263214111,0.10140000283718108,0.9351000189781188,0.09799999743700027,0.7159000039100647,0.09399999678134917,0.6941999793052673,0.09880000352859496,0.9207999706268309,0.8575000166893005,0.8047999739646912,0.7700999975204468,0.7475000023841858,0.7340999841690063,0.7199000120162964,0.7135999798774719,0.7107999920845032,0.7067000269889832,0.7017999887466431,0.6970999836921692,0.6940000057220459,0.6865000128746033,0.6861000061035156,0.7178000211715698,0.732699990272522,0.7749999761581421,0.7915999889373779,0.7161999940872192,0.6255999803543091,0.5938000082969666,0.5776000022888184,0.5655999779701233,0.5586000084877014,0.5497999787330627
B10,B,10,0.35,0.13,681981337.2,1164975.965,0.777400016784668,0.10750000178813934,0.8424999713897705,0.10639999806880952,0.6678000092506409,0.10189999639987946,0.6489999890327454,0.10620000213384627,0.8288999795913696,0.7775999903678894,0.7347999811172485,0.7059999704360962,0.6865000128746033,0.6743999719619751,0.6614000201225281,0.654699981212616,0.6510999798774719,0.6462000012397766,0.640500009059906,0.6348999738693237,0.6309000253677368,0.6230999827384949,0.6212000250816345,0.64410001039505,0.65420001745224,0.6858000159263611,0.6974999904632568,0.6381000280380249,0.5662000179290771,0.5404000282287598,0.5267999768257141,0.5166000127792358,0.5105999708175659,0.5027999877929688
B11,B,11,0.35,0.09,681981337.2,800365.167,0.7088999748229979,0.10170000046491624,0.7351999878883362,0.10130000114440918,0.61080002784729,0.09849999845027924,0.5934000015258789,0.10180000215768814,0.7294999957084656,0.692300021648407,0.6603000164031982,0.6377000212669373,0.6212000250816345,0.6104000210762024,0.5982000231742859,0.5909000039100647,0.5863000154495239,0.5802000164985657,0.5742999911308289,0.5680999755859375,0.5634999871253967,0.5559999942779541,0.5525000095367432,0.5662999749183655,0.5709999799728394,0.5906000137329102,0.5965999960899353,0.5544999837875366,0.5042999982833862,0.4853000044822693,0.47470000386238104,0.4663999974727631,0.4614000022411346,0.4541999995708466
B12,B,12,0.35,0.0,681981337.2,0.0,0.5819000005722046,0.11169999837875366,0.5270000100135803,0.1112999990582466,0.5044000148773193,0.11060000211000444,0.4945000112056732,0.1128000020980835,0.5260000228881836,0.5162000060081482,0.507099986076355,0.4984000027179718,0.4896000027656555,0.4823000133037567,0.4735000133514404,0.4657000005245209,0.4584000110626221,0.450300008058548,0.44279998540878296,0.434799998998642,0.4282999932765961,0.4205999970436096,0.41359999775886536,0.4074999988079071,0.4002000093460083,0.3937999904155731,0.3871000111103058,0.3815000057220459,0.3750999867916107,0.3709000051021576,0.3664999902248383,0.362199991941452,0.3594000041484833,0.3544000089168549
C1,C,1,0.3,0.5,584555431.9,4446473.15,1.176800012588501,0.07190000265836716,1.5710999965667725,0.07370000332593918,0.9789999723434448,0.07190000265836716,0.9416999816894532,0.07490000128746033,1.5394999980926514,1.389899969100952,1.2193000316619873,1.1369999647140503,1.0940999984741209,1.070099949836731,1.0528999567031858,1.0561000108718872,1.0677000284194946,1.0776000022888184,1.0824999809265137,1.0877000093460083,1.0954999923706057,1.0915000438690186,1.1103999614715576,1.2201999425888062,1.2813999652862549,1.41729998588562,1.473099946975708,1.243299961090088,0.9860000014305116,0.9042999744415284,0.869700014591217,0.8476999998092651,0.8363999724388123,0.8237000107765198
C2,C,2,0.3,0.46,584555431.9,4081862.352,1.1390999555587769,0.07419999688863754,1.4896999597549438,0.07159999758005142,0.9495000243186952,0.07129999995231627,0.915499985218048,0.07559999823570251,1.4769999980926514,1.316499948501587,1.1858999729156494,1.107200026512146,1.0642000436782837,1.0439000129699707,1.0255000591278076,1.027400016784668,1.0369999408721924,1.0448999404907229,1.0484000444412231,1.0522999763488772,1.0582000017166138,1.053500056266785,1.0693000555038452,1.169700026512146,1.2283999919891355,1.3440999984741209,1.3984999656677246,1.2010999917984009,0.9538000226020812,0.8776999711990356,0.8449000120162964,0.8234999775886536,0.8129000067710876,0.8003000020980835
C3,C,3,0.3,0.42,584555431.9,3717251.5539999995,1.1299999952316284,0.07989999651908875,1.45360004901886,0.07519999891519548,0.9480000138282776,0.0763000026345253,0.9142000079154968,0.08030000329017639,1.437399983406067,1.2871999740600586,1.1647000312805176,1.089900016784668,1.0487999916076658,1.0283999443054201,1.010800004005432,1.0118000507354736,1.0196000337600708,1.0260000228881836,1.0283999443054201,1.0312999486923218,1.0367000102996826,1.0312000513076782,1.0448999404907229,1.1373000144958496,1.190999984741211,1.301800012588501,1.3473999500274658,1.1639000177383425,0.9336000084877014,0.8623999953269958,0.8313000202178955,0.810699999332428,0.8001000285148621,0.7878000140190125
C4,C,4,0.3,0.38,584555431.9,3352640.755,1.0900000333786009,0.08100000023841858,1.39110004901886,0.07509999722242355,0.9207000136375428,0.07689999788999557,0.885699987411499,0.08150000125169754,1.3700000047683716,1.2317999601364136,1.118399977684021,1.0485999584197998,1.0099999904632568,0.9907000064849854,0.9731000065803528,0.9728999733924866,0.9794999957084656,0.9846000075340272,0.9860000014305116,0.9876999855041504,0.9918000102043152,0.9861999750137328,0.9983000159263612,1.08270001411438,1.1275999546051023,1.2330000400543213,1.2764999866485596,1.0989999771118164,0.8952999711036682,0.829800009727478,0.7997000217437744,0.7802000045776367,0.7695999741554259,0.7576000094413757
C5,C,5,0.3,0.34,584555431.9,2988029.957,1.0338000059127808,0.08070000261068344,1.2939000129699707,0.0763000026345253,0.873199999332428,0.07689999788999557,0.843500018119812,0.08110000193119049,1.2905999422073364,1.1832000017166138,1.0598000288009644,0.9983000159263612,0.9646000266075134,0.9444000124931335,0.92849999666214,0.9265999794006348,0.9316999912261964,0.9351999759674072,0.9355000257492064,0.9361000061035156,0.9390000104904176,0.932799994945526,0.942300021648407,1.0169999599456787,1.0607000589370728,1.1523000001907349,1.1912000179290771,1.0413999557495115,0.8485999703407288,0.7883999943733215,0.7609000205993652,0.7426000237464905,0.7329999804496765,0.7218000292778015
C6,C,6,0.3,0.3,584555431.9,2623419.159,0.9988999962806702,0.08209999650716783,1.226699948310852,0.0803999975323677,0.8496000170707703,0.08340000361204147,0.8188999891281128,0.08760000020265579,1.2105000019073486,1.0997999906539917,1.0077999830245972,0.9506999850273132,0.9174000024795532,0.8998000025749207,0.8833000063896179,0.8806999921798706,0.8837000131607056,0.8855999708175659,0.8847000002861023,0.8841000199317932,0.8855999708175659,0.8787999749183655,0.8860999941825867,0.9513999819755554,0.9860000014305116,1.070199966430664,1.1053999662399292,0.9656999707221984,0.8025000095367432,0.7480999827384949,0.7232999801635742,0.7067000269889832,0.6974999904632568,0.6869999766349792
C7,C,7,0.3,0.25,584555431.9,2258808.36,0.9424999952316284,0.09019999951124193,1.12090003490448,0.08749999850988388,0.8032000064849854,0.08609999716281891,0.7757999897003174,0.09030000120401382,1.117799997329712,1.024500012397766,0.94650000333786,0.8970999717712402,0.8675000071525574,0.8511000275611877,0.835099995136261,0.8306999802589417,0.8313000202178955,0.8306000232696533,0.8282999992370605,0.8256999850273132,0.8253999948501587,0.8184999823570251,0.8223999738693237,0.8754000067710876,0.902999997138977,0.9713000059127808,0.9995999932289124,0.8848999738693237,0.7480999827384949,0.7021999955177307,0.6801999807357788,0.6650999784469604,0.6565999984741211,0.6463000178337097
C8,C,8,0.3,0.21,584555431.9,1894197.562,0.9092000126838684,0.09510000050067903,1.0498000383377075,0.09359999746084212,0.7771999835968018,0.09210000187158583,0.7522000074386597,0.09600000083446504,1.0500999689102173,0.9690999984741212,0.901799976825714,0.8585000038146973,0.8323000073432922,0.8169999718666077,0.8021000027656555,0.7968000173568726,0.7962999939918518,0.7932999730110168,0.7900000214576721,0.7860999703407288,0.7843999862670898,0.7768999934196472,0.7791000008583069,0.8230000138282776,0.8446999788284302,0.9021000266075134,0.9257000088691713,0.82669997215271,0.7089999914169312,0.6690000295639038,0.649399995803833,0.6352999806404114,0.6277999877929688,0.6179999709129333
C9,C,9,0.3,0.17,584555431.9,1529586.764,0.8363000154495239,0.09449999779462814,0.935699999332428,0.09229999780654907,0.7164000272750854,0.0917000025510788,0.694100022315979,0.09570000320672988,0.9416999816894532,0.8759999871253967,0.8206999897956848,0.7846999764442444,0.7615000009536743,0.7473999857902527,0.7335000038146973,0.7275999784469604,0.725600004196167,0.7221000194549559,0.7174999713897705,0.7127000093460083,0.7095999717712402,0.7014999985694885,0.7010999917984009,0.7339000105857849,0.7493000030517578,0.79339998960495,0.8108000159263611,0.732699990272522,0.6392999887466431,0.6065000295639038,0.5898000001907349,0.5776000022888184,0.5703999996185303,0.5612999796867371
C10,C,10,0.3,0.13,584555431.9,1164975.965,0.7882999777793884,0.10000000149011612,0.8539000153541565,0.09780000150203703,0.6757000088691711,0.09780000150203703,0.6556000113487244,0.09929999709129332,0.8547000288963318,0.8014000058174133,0.7567999958992004,0.7263000011444092,0.7056999802589417,0.6933000087738037,0.6800000071525574,0.6730999946594238,0.6699000000953674,0.6653000116348267,0.6597999930381775,0.6539999842643738,0.6502000093460083,0.6424999833106995,0.6407999992370605,0.6646999716758728,0.6751999855041504,0.7080000042915344,0.7200999855995178,0.6578999757766724,0.5830000042915344,0.5562999844551086,0.5421000123023987,0.5310999751091003,0.5249000191688538,0.5163999795913696
C11,C,11,0.3,0.09,584555431.9,800365.167,0.7192999720573425,0.10199999809265137,0.7462999820709229,0.09950000047683716,0.6190000176429749,0.09920000284910202,0.600600004196167,0.10109999775886536,0.7426999807357788,0.705299973487854,0.6730999946594238,0.6502000093460083,0.633899986743927,0.6230999827384949,0.6110000014305115,0.6033999919891357,0.5982999801635742,0.59170001745224,0.585099995136261,0.5785999894142151,0.5735999941825867,0.5656999945640564,0.5619999766349792,0.5756999850273132,0.5806999802589417,0.5996000170707703,0.6053000092506409,0.5663999915122986,0.5128999948501587,0.4941000044345856,0.4833999872207642,0.47470000386238104,0.4695000052452088,0.4621999859809876
C12,C,12,0.3,0.0,584555431.9,0.0,0.5809000134468079,0.10920000076293944,0.5194000005722046,0.10440000146627426,0.4950000047683716,0.10270000249147417,0.4835000038146973,0.10429999977350236,0.5289999842643738,0.5188000202178955,0.5095999836921692,0.5005999803543091,0.4914999902248383,0.4841000139713288,0.4754999876022339,0.4674000144004822,0.4603999853134155,0.4519999921321869,0.4447999894618988,0.4368999898433685,0.430400013923645,0.4226999878883362,0.4158999919891357,0.40939998626708973,0.40220001339912415,0.3957000076770783,0.3892000019550324,0.3833000063896179,0.37700000405311584,0.372299998998642,0.367900013923645,0.36340001225471497,0.36059999465942383,0.3556999862194061
D1,D,1,0.25,0.5,487129526.6,4446473.15,1.1719000339508057,0.07259999960660933,1.5647000074386597,0.06970000267028809,0.973200023174286,0.07039999961853027,0.9366999864578248,0.07440000027418138,1.5405999422073364,1.3653000593185425,1.2222000360488892,1.1360000371932983,1.0900000333786009,1.0678999423980713,1.0490000247955322,1.0528000593185425,1.0634000301361084,1.0743000507354736,1.0788999795913696,1.0839999914169312,1.0922000408172607,1.0878000259399414,1.1066999435424805,1.218000054359436,1.2788000106811523,1.4175000190734863,1.475499987602234,1.2419999837875366,0.9832999706268309,0.9006999731063843,0.8648999929428101,0.8429999947547913,0.8312000036239624,0.8187999725341797
D2,D,2,0.25,0.46,487129526.6,4081862.352,1.0940999984741209,0.0778999999165535,1.4479000568389893,0.0738999992609024,0.916599988937378,0.07639999687671661,0.882099986076355,0.07980000227689743,1.420199990272522,1.2634999752044678,1.1347999572753906,1.0569000244140625,1.014799952507019,0.9937000274658204,0.9757000207901,0.977500021457672,0.9866999983787536,0.9948999881744384,0.9983999729156494,1.0025000572204592,1.0090999603271484,1.0045000314712524,1.0200999975204468,1.1195000410079956,1.1742000579833984,1.2979999780654907,1.3511999845504759,1.1461999416351318,0.912500023841858,0.8375999927520752,0.8047000169754028,0.7840999960899353,0.7734000086784363,0.7610999941825867
D3,D,3,0.25,0.42,487129526.6,3717251.5539999995,1.065500020980835,0.07620000094175339,1.3920999765396118,0.07190000265836716,0.8996000289916992,0.07500000298023224,0.8675000071525574,0.0786999985575676,1.3674999475479126,1.2218999862670898,1.1017999649047852,1.0282000303268433,0.9879999756813048,0.9678999781608582,0.9496999979019164,0.9502999782562256,0.958199977874756,0.9645000100135804,0.9670000076293944,0.9696999788284302,0.9757000207901,0.9706000089645386,0.984000027179718,1.0751999616622925,1.1247999668121338,1.239400029182434,1.2884000539779663,1.100000023841858,0.8834999799728394,0.8134999871253967,0.7825999855995178,0.7628999948501587,0.7523000240325928,0.7404999732971191
D4,D,4,0.25,0.38,487129526.6,3352640.755,1.0298000574111938,0.07819999754428864,1.326200008392334,0.07169999927282332,0.8707000017166138,0.07429999858140945,0.8378000259399414,0.07940000295639038,1.3062000274658203,1.1714999675750732,1.0606000423431396,0.9925000071525574,0.9545999765396118,0.9352999925613404,0.9180999994277954,0.9174000024795532,0.9240999817848206,0.9290999770164491,0.930999994277954,0.9325000047683716,0.9372000098228456,0.9319999814033508,0.9438999891281128,1.026900053024292,1.0722999572753906,1.177899956703186,1.223399996757507,1.0507999658584597,0.8503999710083008,0.785099983215332,0.7559000253677368,0.7369999885559082,0.7267000079154968,0.714900016784668
D5,D,5,0.25,0.34,487129526.6,2988029.957,0.996399998664856,0.0820000022649765,1.2609000205993652,0.07930000126361847,0.8453999757766724,0.08110000193119049,0.8136000037193298,0.08550000190734862,1.241000056266785,1.118000030517578,1.0167000293731692,0.9538000226020812,0.9182999730110168,0.8999000191688538,0.8833000063896179,0.881600022315979,0.8866000175476074,0.8903999924659729,0.8907999992370605,0.8913999795913696,0.8948000073432922,0.8889999985694885,0.8985999822616577,0.9735000133514404,1.0139000415802002,1.1093000173568726,1.1509000062942505,0.9948999881744384,0.8120999932289124,0.7519999742507935,0.7246999740600586,0.7067999839782715,0.6973000168800354,0.6863999962806702
D6,D,6,0.25,0.3,487129526.6,2623419.159,0.9520000219345092,0.08009999990463257,1.1815999746322632,0.08060000091791153,0.8118000030517578,0.0820000022649765,0.7800999879837036,0.08560000360012054,1.1579999923706057,1.065400004386902,0.9574000239372252,0.9028999805450441,0.8723999857902527,0.8535000085830688,0.8382999897003174,0.8359000086784363,0.8388000130653381,0.8409000039100647,0.8403000235557556,0.8395000100135803,0.8411999940872192,0.8348000049591064,0.8424999713897705,0.9070000052452089,0.9419000148773192,1.024999976158142,1.0615999698638916,0.9261000156402588,0.765999972820282,0.713100016117096,0.6886000037193298,0.6722999811172485,0.6636999845504761,0.652999997138977
D7,D,7,0.25,0.25,487129526.6,2258808.36,0.9052000045776368,0.08910000324249268,1.0932999849319458,0.09120000153779984,0.7739999890327454,0.08709999918937683,0.7452999949455261,0.09210000187158583,1.0667999982833862,0.9733999967575072,0.8966000080108643,0.8472999930381775,0.8180000185966492,0.8016999959945679,0.7860000133514404,0.7821999788284302,0.7835999727249146,0.7836999893188477,0.7821999788284302,0.7803000211715698,0.7806000113487244,0.7745000123977661,0.7793999910354614,0.8338000178337097,0.8628000020980835,0.9334999918937684,0.964900016784668,0.8501999974250793,0.7127000093460083,0.6662999987602234,0.644599974155426,0.6294999718666077,0.6211000084877014,0.6110000014305115
D8,D,8,0.25,0.21,487129526.6,1894197.562,0.8292000293731691,0.08829999715089798,0.976199984550476,0.08659999817609787,0.710099995136261,0.08590000122785567,0.6873999834060669,0.090999998152256,0.9545000195503236,0.8878999948501587,0.8104000091552734,0.7695000171661377,0.7458999752998352,0.7301999926567078,0.71670001745224,0.7121000289916992,0.7121000289916992,0.7103999853134155,0.7073000073432922,0.7041000127792358,0.7031999826431274,0.696399986743927,0.6988999843597412,0.7427999973297119,0.7653999924659729,0.8238000273704529,0.848800003528595,0.7537999749183655,0.6394000053405762,0.6001999974250793,0.5814999938011169,0.5684000253677368,0.5613999962806702,0.5522999763488771
D9,D,9,0.25,0.17,487129526.6,1529586.764,0.7631999850273132,0.09640000015497208,0.8716999888420105,0.09369999915361404,0.6575999855995178,0.0917000025510788,0.6378999948501587,0.09570000320672988,0.8445000052452087,0.7824000120162964,0.7304000258445741,0.6962000131607056,0.6743000149726868,0.6614000201225281,0.6482999920845032,0.6430000066757202,0.6413999795913696,0.6385999917984009,0.6348000168800354,0.6309999823570251,0.6287999749183655,0.6220999956130981,0.6223999857902527,0.6549000144004822,0.671500027179718,0.7156999707221985,0.7347999811172485,0.660099983215332,0.5695000290870667,0.5382000207901001,0.5228000283241272,0.5120000243186951,0.5056999921798706,0.4979000091552734
D10,D,10,0.25,0.13,487129526.6,1164975.965,0.6974999904632568,0.10170000046491624,0.7723000049591064,0.0980999991297722,0.6018999814987183,0.0957999974489212,0.5846999883651733,0.10019999742507936,0.7350000143051147,0.6868000030517578,0.6456000208854675,0.617900013923645,0.5992000102996826,0.5881000161170961,0.576200008392334,0.5705999732017517,0.5680999755859375,0.564300000667572,0.5601999759674072,0.5559999942779541,0.5530999898910522,0.5465000271797179,0.5454000234603882,0.5692999958992004,0.5805000066757202,0.6130999922752379,0.6265000104904175,0.5691999793052673,0.4988000094890594,0.4738999903202057,0.4609000086784363,0.4514999985694885,0.4460999965667725,0.4388999938964844
D11,D,11,0.25,0.09,487129526.6,800365.167,0.6273999810218811,0.1031000018119812,0.6603999733924866,0.09929999709129332,0.541700005531311,0.09719999879598618,0.5266000032424927,0.10000000149011612,0.6373000144958496,0.6018999814987183,0.5717999935150146,0.5504000186920166,0.5356000065803528,0.5256999731063843,0.5152999758720398,0.5091999769210815,0.5055999755859375,0.5005999803543091,0.49549999833107,0.49020001292228704,0.4866000115871429,0.479999989271164,0.4772000014781952,0.4918999969959259,0.4984999895095825,0.5188000202178955,0.5264000296592712,0.4884999990463257,0.436599999666214,0.4187000095844269,0.4088999927043915,0.4016000032424927,0.397599995136261,0.391400009393692
D12,D,12,0.25,0.0,487129526.6,0.0,0.4891999959945679,0.11010000109672546,0.4402999877929688,0.10570000112056732,0.4201000034809113,0.10350000113248824,0.4124000072479248,0.1054999977350235,0.4318999946117401,0.4232000112533569,0.4156000018119812,0.4081000089645386,0.40070000290870667,0.3946999907493591,0.38749998807907104,0.3810999989509583,0.3754000067710877,0.36880001425743103,0.3628000020980835,0.3565999865531921,0.3513999879360199,0.34540000557899475,0.3398000001907349,0.3346999883651733,0.3285000026226044,0.3237999975681305,0.3181999921798706,0.3136999905109405,0.3084999918937683,0.3055000007152557,0.3019999861717224,0.29899999499320984,0.2971000075340271,0.2930000126361847
E1,E,1,0.2,0.5,389703621.3,4446473.15,1.0982999801635742,0.07150000333786011,1.4997999668121338,0.07079999893903732,0.9161999821662904,0.06870000064373016,0.8808000087738037,0.07169999927282332,1.4657000303268433,1.2935999631881714,1.1526000499725342,1.0674999952316284,1.0220999717712402,1.0,0.9818000197410583,0.9854000210762024,0.9968000054359436,1.0073000192642212,1.0128999948501587,1.0192999839782717,1.0277999639511108,1.024500012397766,1.0427000522613523,1.1543999910354614,1.215999960899353,1.3555999994277954,1.416800022125244,1.1895999908447266,0.9305999875068665,0.8485000133514404,0.8131999969482422,0.7914000153541565,0.7803999781608582,0.7684000134468079
E2,E,2,0.2,0.46,389703621.3,4081862.352,1.0508999824523926,0.07599999755620956,1.4101999998092651,0.07559999823570251,0.8827000260353088,0.07410000264644623,0.8482999801635742,0.07829999923706055,1.3748999834060671,1.2204999923706057,1.0925999879837036,1.0149999856948853,0.9728000164031982,0.9520000219345092,0.9343000054359436,0.9365000128746032,0.9456999897956848,0.9544000029563904,0.9581000208854676,0.962499976158142,0.9696000218391418,0.9650999903678894,0.9807000160217284,1.0800000429153442,1.1360000371932983,1.260200023651123,1.3164000511169434,1.1131999492645264,0.8805000185966492,0.8050000071525574,0.7723000049591064,0.751800000667572,0.7411999702453613,0.7293000221252441
E3,E,3,0.2,0.42,389703621.3,3717251.5539999995,1.007099986076355,0.07850000262260437,1.3387000560760498,0.0771000012755394,0.8531000018119812,0.07490000128746033,0.8223000168800354,0.08089999854564668,1.2955000400543213,1.1545000076293943,1.037700057029724,0.9657999873161316,0.9264000058174132,0.9068999886512756,0.88919997215271,0.8902000188827515,0.8978999853134155,0.9049000144004822,0.9079999923706056,0.911400020122528,0.9168999791145324,0.9126999974250792,0.9259999990463256,1.0163999795913696,1.06659996509552,1.180500030517578,1.2312999963760376,1.048699975013733,0.8359000086784363,0.7669000029563904,0.7365000247955322,0.7171000242233276,0.7070999741554259,0.6958000063896179
E4,E,4,0.2,0.38,389703621.3,3352640.755,0.9747999906539916,0.0820000022649765,1.2763999700546265,0.08320000022649765,0.8281999826431274,0.07909999787807465,0.7968999743461609,0.08349999785423279,1.235200047492981,1.103600025177002,0.9958999752998352,0.9293000102043152,0.8920000195503235,0.8730000257492065,0.85589998960495,0.8554999828338623,0.8621000051498413,0.867900013923645,0.8698999881744385,0.8719000220298767,0.8763999938964844,0.871999979019165,0.8833000063896179,0.9661999940872192,1.0154999494552612,1.118000030517578,1.1650999784469604,1.0068999528884888,0.8003000020980835,0.73580002784729,0.7070999741554259,0.6887999773025513,0.679099977016449,0.6680999994277954
E5,E,5,0.2,0.34,389703621.3,2988029.957,0.9390000104904176,0.08879999816417694,1.2043999433517456,0.08630000054836273,0.7975999712944031,0.0835999995470047,0.7663999795913696,0.0869000032544136,1.1634000539779663,1.045199990272522,0.9470000267028807,0.8863999843597412,0.8514999747276306,0.8335000276565552,0.8176000118255615,0.8165000081062317,0.821399986743927,0.8252000212669373,0.82669997215271,0.8277999758720398,0.8312000036239624,0.8259999752044678,0.8356000185012817,0.910099983215332,0.9509000182151794,1.0467000007629397,1.0901999473571775,0.9398000240325928,0.7605999708175659,0.70169997215271,0.6753000020980835,0.65829998254776,0.6495000123977661,0.6391000151634216
E6,E,6,0.2,0.3,389703621.3,2623419.159,0.8984000086784363,0.09149999916553496,1.1332999467849731,0.09200000017881392,0.7669000029563904,0.08820000290870668,0.7376000285148621,0.09030000120401382,1.077299952507019,0.9726999998092652,0.8859999775886536,0.8313000202178955,0.7997000217437744,0.7831000089645386,0.7675999999046326,0.7652999758720398,0.7687000036239624,0.7717000246047974,0.7717999815940857,0.7717999815940857,0.7739999890327454,0.7688999772071838,0.7763000130653381,0.8409000039100647,0.876800000667572,0.9610999822616576,0.9994999766349792,0.8687000274658203,0.7109000086784363,0.6585000157356262,0.6348000168800354,0.6190000176429749,0.61080002784729,0.6007999777793884
E7,E,7,0.2,0.25,389703621.3,2258808.36,0.84170001745224,0.09179999679327012,1.0361000299453735,0.0934000015258789,0.7197999954223633,0.0908999964594841,0.6949999928474426,0.094200000166893,0.9875000119209291,0.9099000096321106,0.8195000290870667,0.772599995136261,0.7462000250816345,0.7293000221252441,0.7156999707221985,0.7128000259399414,0.7142999768257141,0.7153999805450441,0.7142000198364258,0.7129999995231628,0.7141000032424927,0.7081000208854675,0.713100016117096,0.7677000164985657,0.7975999712944031,0.8691999912261963,0.9023000001907348,0.7900999784469604,0.65420001745224,0.6086000204086304,0.5874999761581421,0.5734999775886536,0.5659000277519226,0.5569000244140625
E8,E,8,0.2,0.21,389703621.3,1894197.562,0.78329998254776,0.09300000220537186,0.9387999773025512,0.09239999949932097,0.6726999878883362,0.09229999780654907,0.6502000093460083,0.09520000219345093,0.8912000060081482,0.8154000043869019,0.7523000240325928,0.7111999988555908,0.6862999796867371,0.6722999811172485,0.6586999893188477,0.654699981212616,0.6549999713897705,0.6543999910354614,0.6524999737739563,0.6504999995231628,0.6504999995231628,0.6445000171661377,0.6474999785423279,0.6919000148773193,0.7156999707221985,0.7746000289916992,0.8015000224113464,0.7081000208854675,0.593500018119812,0.5547000169754028,0.5361999869346619,0.5235000252723694,0.5166000127792358,0.5080999732017517
E9,E,9,0.2,0.17,389703621.3,1529586.764,0.7197999954223633,0.098300002515316,0.8320000171661377,0.09510000050067903,0.6211000084877014,0.0934000015258789,0.6011000275611877,0.09610000252723694,0.7936999797821045,0.732699990272522,0.6814000010490417,0.6474999785423279,0.6262000203132629,0.6137999892234802,0.6011999845504761,0.5965999960899353,0.595300018787384,0.5935999751091003,0.5906000137329102,0.5877000093460083,0.5861999988555908,0.5800999999046326,0.5813999772071838,0.6151999831199646,0.6330999732017517,0.6786999702453613,0.6991999745368958,0.6251999735832214,0.5342000126838684,0.5027999877929688,0.4873999953269959,0.47650000452995295,0.4708999991416931,0.4632999897003174
E10,E,10,0.2,0.13,389703621.3,1164975.965,0.6653000116348267,0.10170000046491624,0.7422000169754028,0.09759999811649324,0.5733000040054321,0.0957999974489212,0.5554999709129333,0.09849999845027924,0.7045000195503235,0.6553999781608582,0.6139000058174133,0.5859000086784363,0.5674999952316284,0.5562999844551086,0.5450999736785889,0.539900004863739,0.5379999876022339,0.535099983215332,0.5315999984741211,0.527999997138977,0.526199996471405,0.5202000141143799,0.5199000239372253,0.5454999804496765,0.5580999851226807,0.5932999849319458,0.6083999872207642,0.5497999787330627,0.4776000082492829,0.4521999955177307,0.4392000138759613,0.4300999939441681,0.4248999953269959,0.4180999994277954
E11,E,11,0.2,0.09,389703621.3,800365.167,0.6011000275611877,0.10649999976158142,0.6384000182151794,0.10119999945163727,0.5203999876976013,0.10000000149011612,0.5055000185966492,0.10119999945163727,0.6035000085830688,0.5684000253677368,0.5385000109672546,0.5173000097274779,0.5026999711990356,0.4932000041007996,0.4830999970436096,0.4776999950408936,0.4742999970912933,0.4699999988079071,0.4656000137329102,0.46099999547004705,0.4578999876976013,0.4517999887466431,0.44999998807907104,0.4654000103473663,0.472000002861023,0.4936999976634979,0.5020999908447266,0.4620000123977661,0.4122999906539917,0.39430001378059387,0.3849000036716461,0.3777999877929688,0.37380000948905945,0.3680000007152557
E12,E,12,0.2,0.0,389703621.3,0.0,0.45480000972747797,0.1079000011086464,0.4092999994754791,0.10360000282526016,0.393200010061264,0.1031000018119812,0.3865000009536743,0.1039000004529953,0.3934000134468079,0.3858000040054321,0.3792000114917755,0.3725999891757965,0.3659000098705292,0.3605000078678131,0.3540000021457672,0.3483000099658966,0.3431000113487244,0.33709999918937683,0.3318000137805939,0.3260999917984009,0.3212999999523163,0.3158999979496002,0.3109000027179718,0.3064000010490417,0.3009999990463257,0.29649999737739563,0.29159998893737793,0.2874999940395355,0.2831000089645386,0.2802000045776367,0.2772000133991241,0.27459999918937683,0.2730999886989593,0.2694999873638153
F1,F,1,0.15,0.5,292277715.9,4446473.15,1.0592000484466553,0.07580000162124634,1.475200057029724,0.07850000262260437,0.8873999714851379,0.0746999979019165,0.8537999987602234,0.07890000194311142,1.4055999517440796,1.2365000247955322,1.0978000164031982,1.0137000083923342,0.9689000248908995,0.9473000168800354,0.9293000102043152,0.932799994945526,0.9441999793052672,0.9552000164985656,0.9610999822616576,0.9674000144004822,0.9760000109672546,0.9729999899864196,0.991699993610382,1.1023999452590942,1.1663000583648682,1.305899977684021,1.3695000410079956,1.1466000080108645,0.8901000022888184,0.8084999918937683,0.7734000086784363,0.7519000172615051,0.7414000034332275,0.7296000123023987
F2,F,2,0.15,0.46,292277715.9,4081862.352,1.0090999603271484,0.07919999957084656,1.3758000135421753,0.07680000364780426,0.8478000164031982,0.07410000264644623,0.8148000240325928,0.07769999653100967,1.3177000284194946,1.1656999588012695,1.0405999422073364,0.963699996471405,0.9222000241279602,0.9014000296592712,0.8840000033378601,0.885699987411499,0.8952999711036682,0.9045000076293944,0.9088000059127808,0.913699984550476,0.9210000038146972,0.9175000190734864,0.9332000017166138,1.0328999757766724,1.089400053024292,1.2145999670028689,1.2736999988555908,1.0743000507354736,0.8418999910354614,0.767300009727478,0.7350000143051147,0.7148000001907349,0.7045000195503235,0.6930000185966492
F3,F,3,0.15,0.42,292277715.9,3717251.5539999995,0.9588000178337096,0.0820000022649765,1.2900999784469604,0.07779999822378159,0.8113999962806702,0.07720000296831131,0.7813000082969666,0.0803999975323677,1.2352999448776243,1.096500039100647,0.9819999933242798,0.9110999703407288,0.8720999956130981,0.8522999882698059,0.8355000019073486,0.8370000123977661,0.8450000286102295,0.852400004863739,0.8561000227928162,0.8597999811172485,0.8661999702453613,0.8618999719619751,0.8755999803543091,0.9660000205039978,1.0171999931335451,1.1323000192642212,1.1854000091552734,1.0061999559402466,0.7944999933242798,0.7251999974250793,0.6948999762535095,0.6757000088691711,0.6661000251770021,0.6552000045776367
F4,F,4,0.15,0.38,292277715.9,3352640.755,0.9236000180244446,0.08299999684095383,1.2294000387191772,0.08179999887943268,0.7846999764442444,0.07890000194311142,0.755299985408783,0.08160000294446945,1.1725000143051147,1.0448999404907229,0.9390000104904176,0.8738999962806702,0.8373000025749207,0.8188999891281128,0.8026000261306763,0.8026999831199646,0.809499979019165,0.815500020980835,0.8184000253677368,0.8208000063896179,0.8258000016212463,0.8216000199317932,0.8331999778747559,0.9157999753952026,0.962499976158142,1.0688999891281128,1.118299961090088,0.9544000029563904,0.7588000297546387,0.6948999762535095,0.666700005531311,0.6488000154495239,0.6398000121116638,0.6294000148773193
F5,F,5,0.15,0.34,292277715.9,2988029.957,0.8871999979019165,0.08959999680519104,1.1605000495910645,0.08699999749660492,0.7584000229835509,0.0835999995470047,0.7318000197410583,0.08730000257492065,1.0990999937057495,0.9837999939918518,0.8877999782562256,0.8282999992370605,0.7949000000953674,0.7771999835968018,0.7615000009536743,0.7608000040054321,0.7660999894142151,0.7702999711036682,0.7720999717712402,0.7736999988555908,0.7777000069618225,0.7734000086784363,0.7832000255584717,0.857699990272522,0.899399995803833,0.9955999851226808,1.0413000583648682,0.8938999772071838,0.71670001745224,0.6586999893188477,0.6324999928474426,0.616100013256073,0.6075000166893005,0.5978999733924866
F6,F,6,0.15,0.3,292277715.9,2623419.159,0.8403000235557556,0.09539999812841417,1.0734000205993652,0.0966999977827072,0.7193999886512756,0.09120000153779984,0.6948000192642212,0.094200000166893,1.0055999755859375,0.9194999933242798,0.8190000057220459,0.767300009727478,0.7386000156402588,0.7210000157356262,0.7069000005722046,0.7050999999046326,0.7087000012397766,0.711899995803833,0.7127000093460083,0.7135000228881836,0.7164000272750854,0.7117999792098999,0.7192999720573425,0.7833999991416931,0.8190000057220459,0.902999997138977,0.942300021648407,0.8149999976158142,0.6601999998092651,0.6086999773979187,0.585099995136261,0.5701000094413757,0.5622000098228455,0.5532000064849854
F7,F,7,0.15,0.25,292277715.9,2258808.36,0.7781999707221985,0.09430000185966493,0.9726999998092652,0.09610000252723694,0.6674000024795532,0.09109999984502792,0.6450999975204468,0.09369999915361404,0.9050999879837036,0.8191999793052673,0.7470999956130981,0.7013000249862671,0.6743000149726868,0.6596999764442444,0.6460999846458435,0.6438000202178955,0.6460000276565552,0.6480000019073486,0.6478000283241272,0.6474000215530396,0.6492000222206116,0.6442000269889832,0.6496000289916992,0.7027999758720398,0.7354000210762024,0.8037999868392944,0.836899995803833,0.7364000082015991,0.598800003528595,0.5544000267982483,0.5338000059127808,0.5205000042915344,0.5134000182151794,0.5049999952316284
F8,F,8,0.15,0.21,292277715.9,1894197.562,0.73580002784729,0.09610000252723694,0.8996999859809875,0.0957999974489212,0.6352000236511229,0.09269999712705612,0.6134999990463257,0.09700000286102296,0.8338000178337097,0.7695999741554259,0.694599986076355,0.6546000242233276,0.632099986076355,0.6176000237464905,0.6053000092506409,0.6022999882698059,0.6032999753952026,0.6036999821662903,0.6026999950408936,0.6017000079154968,0.6025000214576721,0.5978000164031982,0.6014999747276306,0.647599995136261,0.6730999946594238,0.7346000075340271,0.7637000083923341,0.6689000129699707,0.5536999702453613,0.5146999955177307,0.4961000084877014,0.4839000105857849,0.4774999916553497,0.4695000052452088
F9,F,9,0.15,0.17,292277715.9,1529586.764,0.6647999882698059,0.10000000149011612,0.7836999893188477,0.09790000319480896,0.5785999894142151,0.09759999811649324,0.5615000128746033,0.10130000114440918,0.7250000238418579,0.6653000116348267,0.6147000193595886,0.58160001039505,0.5612000226974487,0.5491999983787537,0.5378999710083008,0.5343999862670898,0.5343000292778015,0.5338000059127808,0.5317000150680542,0.5299000144004822,0.5296999812126161,0.5249000191688538,0.5268999934196472,0.5622000098228455,0.5813999772071838,0.6294999718666077,0.6520000100135803,0.5782999992370605,0.4867999851703644,0.4555000066757202,0.4404999911785126,0.4302999973297119,0.4248999953269959,0.4178000092506409
F10,F,10,0.15,0.13,292277715.9,1164975.965,0.6116999983787537,0.10750000178813934,0.6944000124931335,0.10360000282526016,0.5325000286102295,0.10260000079870224,0.5184000134468079,0.10620000213384627,0.6367999911308289,0.5892000198364258,0.5490999817848206,0.5220000147819519,0.5048000216484071,0.494599997997284,0.4842000007629394,0.479999989271164,0.4788999855518341,0.4772000014781952,0.4745000004768372,0.4720999896526337,0.4709999859333038,0.4661999940872192,0.4668000042438507,0.4934999942779541,0.5073999762535095,0.5437999963760376,0.5605999827384949,0.5023000240325928,0.4307999908924103,0.4061000049114227,0.3935999870300293,0.3851000070571899,0.3806999921798706,0.3745999932289124
F11,F,11,0.15,0.09,292277715.9,800365.167,0.5468999743461609,0.11320000141859055,0.5931000113487244,0.10899999737739564,0.4772999882698059,0.10620000213384627,0.4659000039100647,0.10830000042915344,0.5309000015258789,0.4973999857902527,0.4690999984741211,0.4492000043392181,0.4357999861240387,0.4273999929428101,0.4185999929904938,0.4142000079154968,0.4119000136852264,0.4088000059127808,0.4056000113487244,0.4023000001907349,0.4000000059604645,0.3953000009059906,0.3941999971866608,0.4104999899864197,0.41909998655319214,0.4413000047206879,0.4505999982357025,0.4138999879360199,0.3632000088691712,0.3461000025272369,0.33709999918937683,0.3310000002384186,0.3278000056743622,0.32280001044273376
F12,F,12,0.15,0.0,292277715.9,0.0,0.4097999930381775,0.11869999766349792,0.373199999332428,0.11420000344514848,0.36250001192092896,0.11420000344514848,0.35899999737739563,0.11599999666213988,0.3215999901294708,0.3167000114917755,0.3102000057697296,0.3048999905586243,0.3003000020980835,0.2955999970436096,0.290800005197525,0.28630000352859497,0.28209999203681946,0.2775999903678894,0.2732999920845032,0.2687000036239624,0.2648000121116638,0.26030001044273376,0.2563999891281128,0.25270000100135803,0.24869999289512634,0.2451999932527542,0.2412000000476837,0.2380000054836273,0.23469999432563785,0.23260000348091125,0.2303999960422516,0.2289000004529953,0.2282000035047531,0.2255000025033951
G1,G,1,0.1,0.5,194851810.6,4446473.15,1.0182000398635864,0.07940000295639038,1.436400055885315,0.08129999786615373,0.8553000092506409,0.07530000060796738,0.8233000040054321,0.07840000092983246,1.3552000522613523,1.1901999711990356,1.053500056266785,0.9710000157356262,0.9264000058174132,0.9047999978065492,0.8867999911308289,0.8902999758720398,0.9020000100135804,0.9135000109672546,0.9200000166893004,0.9269999861717224,0.9362000226974488,0.9340000152587892,0.9527999758720398,1.0641000270843506,1.128999948501587,1.2705999612808228,1.3361999988555908,1.1167999505996704,0.8607000112533569,0.7788000106811523,0.7440999746322632,0.7232000231742859,0.7127000093460083,0.7013999819755554
G2,G,2,0.1,0.46,194851810.6,4081862.352,0.9539999961853028,0.08380000293254852,1.323199987411499,0.08810000121593475,0.8087999820709229,0.0794999971985817,0.7771000266075134,0.08370000123977661,1.2402000427246094,1.0951999425888062,0.974399983882904,0.9010000228881836,0.86080002784729,0.8406000137329102,0.8237000107765198,0.8260999917984009,0.8355000019073486,0.8450000286102295,0.849399983882904,0.8549000024795532,0.8622999787330627,0.8594999909400941,0.8748000264167786,0.972599983215332,1.0293999910354614,1.1541999578475952,1.2137999534606934,1.0233999490737915,0.7961000204086304,0.7228999733924866,0.6909999847412109,0.671500027179718,0.6618000268936157,0.6509000062942505
G3,G,3,0.1,0.42,194851810.6,3717251.5539999995,0.9164999723434448,0.08349999785423279,1.2583999633789062,0.08649999648332596,0.7809000015258789,0.08229999989271164,0.7545999884605408,0.08609999716281891,1.1670999526977541,1.051800012588501,0.91839998960495,0.8510000109672546,0.8159999847412109,0.7957999706268309,0.7806000113487244,0.7822999954223633,0.7907000184059143,0.79830002784729,0.8023999929428101,0.8059999942779541,0.8123999834060669,0.8090999722480774,0.8222000002861023,0.9114999771118164,0.9634000062942504,1.0782999992370603,1.1337000131607056,0.960099995136261,0.7516999840736389,0.683899998664856,0.6542999744415283,0.6359999775886536,0.6266999840736389,0.6164000034332275
G4,G,4,0.1,0.38,194851810.6,3352640.755,0.8823999762535095,0.08919999748468399,1.1924999952316284,0.0869000032544136,0.7523000240325928,0.08209999650716783,0.7254999876022339,0.08590000122785567,1.1061999797821045,0.9832000136375428,0.8794000148773193,0.8155999779701233,0.7797999978065491,0.7617999911308289,0.7458999752998352,0.7465000152587891,0.7537000179290771,0.7605000138282776,0.7638999819755554,0.7670999765396118,0.7728999853134155,0.7692999839782715,0.7813000082969666,0.8640000224113464,0.9151999950408936,1.0190000534057615,1.0707000494003296,0.919700026512146,0.7171000242233276,0.6538000106811523,0.6262000203132629,0.609000027179718,0.6004999876022339,0.5906999707221985
G5,G,5,0.1,0.34,194851810.6,2988029.957,0.8335000276565552,0.08839999884366989,1.1103999614715576,0.08609999716281891,0.7123000025749207,0.08259999752044678,0.6887999773025513,0.08649999648332596,1.0328999757766724,0.9208999872207642,0.8264999985694885,0.767799973487854,0.7347999811172485,0.7178000211715698,0.7028999924659729,0.7026000022888184,0.7081000208854675,0.7138000130653381,0.7163000106811523,0.7190999984741211,0.7240999937057495,0.7207000255584717,0.7311999797821045,0.8061000108718872,0.8490999937057495,0.9466999769210817,0.9940000176429749,0.8496999740600586,0.67330002784729,0.6151999831199646,0.5892000198364258,0.5727999806404114,0.5644000172615051,0.5551000237464905
G6,G,6,0.1,0.3,194851810.6,2623419.159,0.7839000225067139,0.09139999747276306,1.0238000154495241,0.09229999780654907,0.6739000082015991,0.0869000032544136,0.6516000032424927,0.09049999713897704,0.9426000118255616,0.8447999954223633,0.7627000212669373,0.7106999754905701,0.6809999942779541,0.6653000116348267,0.651199996471405,0.6499000191688538,0.6542999744415283,0.65829998254776,0.660099983215332,0.6621999740600586,0.6658999919891357,0.6620000004768372,0.6704000234603882,0.7354000210762024,0.772599995136261,0.8579000234603882,0.9002000093460083,0.7748000025749207,0.6198999881744385,0.5683000087738037,0.5449000000953674,0.5299000144004822,0.5224999785423279,0.5138999819755554
G7,G,7,0.1,0.25,194851810.6,2258808.36,0.7232999801635742,0.09300000220537186,0.926900029182434,0.09179999679327012,0.6259999871253967,0.08810000121593475,0.6046000123023987,0.09049999713897704,0.8467000126838684,0.7624999880790709,0.6917999982833862,0.6467999815940857,0.6208999752998352,0.6068999767303467,0.5946000218391418,0.5927000045776367,0.5957000255584717,0.5982000231742859,0.5986999869346619,0.5989999771118164,0.6013000011444092,0.597100019454956,0.6029999852180481,0.6581000089645386,0.6901000142097473,0.7635999917984009,0.8008000254631042,0.6940000057220459,0.5618000030517578,0.5174999833106995,0.4973999857902527,0.4846999943256378,0.4781999886035919,0.4702999889850617
G8,G,8,0.1,0.21,194851810.6,1894197.562,0.6725000143051147,0.09740000218153,0.8424000144004822,0.09520000219345093,0.5856999754905701,0.09380000084638596,0.5677000284194946,0.09759999811649324,0.7578999996185303,0.685699999332428,0.6254000067710876,0.5861999988555908,0.5631999969482422,0.5503000020980835,0.5385000109672546,0.5360999703407288,0.5379999876022339,0.5394999980926514,0.5396000146865845,0.5397999882698059,0.5418000221252441,0.5379999876022339,0.5425999760627747,0.5895000100135803,0.6159999966621399,0.679099977016449,0.7099999785423279,0.6182000041007996,0.5041000247001648,0.4657000005245209,0.4480000138282776,0.4361999928951264,0.430400013923645,0.4232000112533569
G9,G,9,0.1,0.17,194851810.6,1529586.764,0.6151999831199646,0.10170000046491624,0.7504000067710876,0.10189999639987946,0.5418999791145325,0.10119999945163727,0.5257999897003174,0.10480000078678132,0.6484000086784363,0.5913000106811523,0.5433999896049501,0.5117999911308289,0.4925000071525574,0.4814999997615814,0.4713000059127808,0.4684999883174896,0.4690000116825104,0.4693000018596649,0.4684000015258789,0.4672999978065491,0.4677000045776367,0.4634000062942505,0.4659999907016754,0.5015000104904175,0.5231000185012817,0.5701000094413757,0.5942000150680542,0.5267999768257141,0.4330999851226807,0.4032999873161316,0.3889000117778778,0.3797999918460846,0.37529999017715454,0.3693000078201294
G10,G,10,0.1,0.13,194851810.6,1164975.965,0.550000011920929,0.10899999737739564,0.638700008392334,0.1054999977350235,0.4824000000953674,0.10419999808073044,0.4690000116825104,0.10540000349283217,0.5580999851226807,0.5128999948501587,0.4747999906539917,0.4494999945163727,0.4336999952793121,0.4244000017642975,0.4156999886035919,0.4129000008106232,0.4129000008106232,0.4124000072479248,0.4111000001430512,0.4095999896526337,0.40950000286102295,0.4056000113487244,0.40709999203681946,0.4343000054359436,0.4492999911308289,0.4867999851703644,0.5048999786376953,0.44859999418258667,0.3779999911785126,0.3540000021457672,0.3422999978065491,0.3346000015735626,0.3307999968528748,0.3253999948501587
G11,G,11,0.1,0.09,194851810.6,800365.167,0.4796999990940094,0.11209999769926073,0.5309000015258789,0.10729999840259552,0.424699991941452,0.10580000281333923,0.4147999882698059,0.1071999967098236,0.4519000053405762,0.4253000020980835,0.3934000134468079,0.3756999969482422,0.3648999929428101,0.3569000065326691,0.3499999940395355,0.34689998626708984,0.3456000089645386,0.3440999984741211,0.34209999442100525,0.3400000035762787,0.3388000130653381,0.335099995136261,0.335099995136261,0.3522000014781952,0.361299991607666,0.3851999938488007,0.39579999446868896,0.35839998722076416,0.3109000027179718,0.2948000133037567,0.2867999970912933,0.2815999984741211,0.2791000008583069,0.2750000059604645
G12,G,12,0.1,0.0,194851810.6,0.0,0.3425999879837036,0.1225000023841858,0.31209999322891235,0.11410000175237656,0.3066000044345856,0.11559999734163286,0.30720001459121704,0.11630000174045566,0.24609999358654025,0.2419999986886978,0.23829999566078186,0.23469999432563785,0.23100000619888306,0.2280000001192093,0.2245000004768372,0.2214999943971634,0.2184000015258789,0.21529999375343326,0.21240000426769254,0.20919999480247495,0.20630000531673431,0.20309999585151672,0.2002999931573868,0.19769999384880066,0.19470000267028809,0.19220000505447388,0.18940000236034396,0.18729999661445615,0.1851000040769577,0.18379999697208405,0.1826999932527542,0.181999996304512,0.181999996304512,0.18039999902248385
H1,H,1,0.0,0.5,0.0,4446473.15,0.9221000075340272,0.08049999922513963,1.351699948310852,0.0778999999165535,0.7791000008583069,0.07109999656677246,0.7445999979972839,0.0722000002861023,1.2371000051498413,1.080299973487854,0.9491000175476074,0.8682000041007996,0.8248999714851379,0.8037999868392944,0.7865999937057495,0.7907999753952026,0.8032000064849854,0.8156999945640564,0.8235999941825867,0.8319000005722046,0.842199981212616,0.8413000106811523,0.8594999909400941,0.9704999923706056,1.0371999740600586,1.1811000108718872,1.2537000179290771,1.04229998588562,0.7882000207901001,0.7059999704360962,0.6712999939918518,0.6504999995231628,0.6402000188827515,0.6294999718666077
H2,H,2,0.0,0.46,0.0,4081862.352,0.8517000079154968,0.08799999952316284,1.2407000064849854,0.09849999845027924,0.7364000082015991,0.08889999985694885,0.7062000036239624,0.08900000154972076,1.117900013923645,0.9796000123023988,0.8633999824523926,0.7918000221252441,0.753000020980835,0.7339000105857849,0.7179999947547913,0.7204999923706055,0.7311000227928162,0.7412999868392944,0.7473999857902527,0.7538999915122986,0.7627000212669373,0.7610999941825867,0.7771000266075134,0.875,0.9343000054359436,1.0635000467300415,1.129899978637695,0.9452000260353088,0.7203999757766724,0.647599995136261,0.6162999868392944,0.597599983215332,0.5885000228881836,0.5787000060081482
H3,H,3,0.0,0.42,0.0,3717251.5539999995,0.8216000199317932,0.09269999712705612,1.1765999794006348,0.09120000153779984,0.7071999907493591,0.08129999786615373,0.6805999875068665,0.0851999968290329,1.0437999963760376,0.9354000091552734,0.8079000115394592,0.7432000041007996,0.7093999981880188,0.6902999877929688,0.6758999824523926,0.6779000163078308,0.6866999864578247,0.6955999732017517,0.7014999985694885,0.7075999975204468,0.7160000205039978,0.7146999835968018,0.7289999723434448,0.8194000124931335,0.8744999766349792,0.9926999807357788,1.054900050163269,0.8870999813079834,0.6800000071525574,0.6123999953269958,0.5828999876976013,0.5654000043869019,0.5569999814033508,0.5478000044822693
H4,H,4,0.0,0.38,0.0,3352640.755,0.777999997138977,0.09030000120401382,1.114400029182434,0.09950000047683716,0.6751000285148621,0.08839999884366989,0.6489999890327454,0.09120000153779984,1.0025000572204592,0.8991000056266785,0.7771999835968018,0.7149999737739563,0.6822999715805054,0.6632999777793884,0.6496999859809875,0.6510999798774719,0.6599000096321106,0.6687999963760376,0.6739000082015991,0.6794999837875366,0.6870999932289124,0.685699999332428,0.6987000107765198,0.7846000194549559,0.8371000289916992,0.9506999850273132,1.0102000236511228,0.8518000245094299,0.6541000008583069,0.5892000198364258,0.5609999895095825,0.5439000129699707,0.5357999801635742,0.5264999866485596
H5,H,5,0.0,0.34,0.0,2988029.957,0.7336999773979187,0.09229999780654907,1.0365999937057495,0.09950000047683716,0.6383000016212463,0.09019999951124193,0.6144000291824341,0.0917000025510788,0.9115999937057496,0.8040000200271606,0.7129999995231628,0.6563000082969666,0.6244999766349792,0.6087999939918518,0.5950999855995178,0.5963000059127808,0.6035000085830688,0.6111999750137329,0.6158999800682068,0.6208000183105469,0.6274999976158142,0.6261000037193298,0.637499988079071,0.7145000100135803,0.7616000175476074,0.8633000254631042,0.9176999926567078,0.7760000228881836,0.5989000201225281,0.5403000116348267,0.5139999985694885,0.4984000027179718,0.4907000064849854,0.4826000034809113
H6,H,6,0.0,0.3,0.0,2623419.159,0.6771000027656555,0.09640000015497208,0.9399999976158142,0.09759999811649324,0.5947999954223633,0.09350000321865083,0.5723999738693237,0.09549999982118608,0.8109999895095825,0.7174000144004822,0.6381999850273132,0.5879999995231628,0.5602999925613403,0.5461999773979187,0.5342000126838684,0.5346999764442444,0.5407000184059143,0.546999990940094,0.5508000254631042,0.5546000003814697,0.5601999759674072,0.5583999752998352,0.567799985408783,0.6351000070571899,0.6765000224113464,0.7667000293731691,0.8148000240325928,0.6927000284194946,0.5371000170707703,0.4857000112533569,0.46279999613761896,0.44859999418258667,0.44179999828338623,0.4343000054359436
H7,H,7,0.0,0.25,0.0,2258808.36,0.6215999722480774,0.1037999987602234,0.8454999923706055,0.10209999978542328,0.5534999966621399,0.10109999775886536,0.5389999747276306,0.10599999874830246,0.7217000126838684,0.6399999856948853,0.5703999996185303,0.5263000130653381,0.5013999938964844,0.4889000058174133,0.4779999852180481,0.4785000085830689,0.4837000072002411,0.4891999959945679,0.4921999871730805,0.4955999851226807,0.5001999735832214,0.4982999861240387,0.5062000155448914,0.5651000142097473,0.6011000275611877,0.680400013923645,0.7233999967575073,0.616599977016449,0.480100005865097,0.4348999857902527,0.4147000014781952,0.4023999869823456,0.3968999981880188,0.3901000022888184
H8,H,8,0.0,0.21,0.0,1894197.562,0.5397999882698059,0.09449999779462814,0.7264999747276306,0.0949999988079071,0.4850000143051148,0.0934000015258789,0.4736000001430512,0.09780000150203703,0.6129000186920166,0.5450999736785889,0.4878000020980835,0.4512999951839447,0.4302999973297119,0.4194999933242798,0.4101999998092651,0.4099999964237213,0.4138999879360199,0.4178999960422516,0.4203000068664551,0.4228000044822693,0.4264999926090241,0.4248000085353851,0.43130001425743103,0.4803999960422516,0.5101000070571899,0.5766000151634216,0.6122000217437744,0.5241000056266785,0.4108999967575073,0.3736999928951264,0.3571000099182129,0.3472000062465668,0.34279999136924744,0.33730000257492065
H9,H,9,0.0,0.17,0.0,1529586.764,0.4814000129699707,0.10700000077486037,0.6283000111579895,0.11050000041723253,0.4393999874591827,0.10580000281333923,0.4284999966621399,0.10779999941587448,0.4855000078678131,0.4345000088214874,0.39160001277923584,0.36340001225471497,0.3472000062465668,0.3384999930858612,0.3312000036239624,0.3310000002384186,0.3336000144481659,0.3370000123977661,0.3386000096797943,0.3400000035762787,0.3427000045776367,0.34130001068115234,0.3458000123500824,0.3826999962329865,0.4052999913692473,0.4555999934673309,0.4828999936580658,0.4171000123023987,0.3323999941349029,0.3046000003814697,0.2922999858856201,0.2851000130176544,0.28209999203681946,0.2777999937534332
H10,H,10,0.0,0.13,0.0,1164975.965,0.4199000000953674,0.1096000000834465,0.5302000045776367,0.11219999939203262,0.3862000107765198,0.1079000011086464,0.3792000114917755,0.10909999907016754,0.4034000039100647,0.3691000044345856,0.3276999890804291,0.3057000041007996,0.2935999929904938,0.2858999967575073,0.2802000045776367,0.2799000144004822,0.28200000524520874,0.2842999994754791,0.28540000319480896,0.2865000069141388,0.28859999775886536,0.2874000072479248,0.2910999953746796,0.3203999996185303,0.3382999897003174,0.3783999979496002,0.4000000059604645,0.34790000319480896,0.2802000045776367,0.2581000030040741,0.24799999594688416,0.2425999939441681,0.24050000309944156,0.23729999363422394
H11,H,11,0.0,0.09,0.0,800365.167,0.3454999923706055,0.11469999700784685,0.4142999947071075,0.11270000040531157,0.32019999623298645,0.10649999976158142,0.3167000114917755,0.10809999704360962,0.2978000044822693,0.27140000462532043,0.2489999979734421,0.23409999907016754,0.2251999974250793,0.22040000557899475,0.21649999916553495,0.21610000729560846,0.2171999961137772,0.21870000660419464,0.21950000524520874,0.22010000050067904,0.2213000059127808,0.22020000219345093,0.2224999964237213,0.241799995303154,0.2535000145435333,0.2797999978065491,0.2940999865531921,0.2599000036716461,0.21480000019073486,0.2002999931573868,0.1940000057220459,0.1907999962568283,0.1898999959230423,0.18780000507831573
H12,H,12,0.0,0.0,0.0,0.0,0.2054000049829483,0.1274999976158142,0.19359999895095825,0.11649999767541885,0.1932000070810318,0.1145000010728836,0.2004999965429306,0.1168000027537346,0.08789999783039093,0.08760000020265579,0.0877000018954277,0.08739999681711197,0.08720000088214874,0.08709999918937683,0.08669999986886978,0.0869000032544136,0.08669999986886978,0.08659999817609787,0.08669999986886978,0.08619999885559082,0.08590000122785567,0.08540000021457672,0.0851999968290329,0.08510000258684157,0.08489999920129776,0.08470000326633452,0.08449999988079071,0.08470000326633452,0.08489999920129776,0.08579999953508377,0.08669999986886978,0.08839999884366989,0.09040000289678574,0.09059999883174896
