well,row,col,500,510,520,530,540,550,560,570,580,590,600,610,620,630,640,650,660,670,680,690,700,710,720,730,740,750
A1,A,1,1.633599997,1.456099987,1.31340003,1.227599978,1.181800008,1.160300016,1.141600013,1.144999981,1.155900002,1.166000009,1.17019999,1.174999952,1.182299972,1.176900029,1.19599998,1.305500031,1.36469996,1.497200012,1.549700022,1.31400001,1.057199955,0.975399971,0.940800011,0.918200016,0.907000005,0.89380002
A2,A,2,1.546000004,1.407400012,1.25090003,1.173900008,1.134199977,1.111600041,1.094200015,1.095600009,1.105200052,1.113100052,1.115499973,1.118899941,1.124600053,1.119300008,1.135100007,1.232599974,1.289299965,1.405200005,1.450299978,1.254500031,1.009199977,0.934400022,0.901600003,0.880800009,0.869700015,0.856599987
A3,A,3,1.457399964,1.330899954,1.185899973,1.114500046,1.076400042,1.054700017,1.037899971,1.038400054,1.045400023,1.051100016,1.05309999,1.055099964,1.059100032,1.053799987,1.066900015,1.156399965,1.203699946,1.314800024,1.357900023,1.166000009,0.952899992,0.884299994,0.853900015,0.834200025,0.823800027,0.811500013
A4,A,4,1.37469995,1.260100007,1.131100059,1.065799952,1.031700015,1.01030004,0.993799984,0.992799997,0.998199999,1.001899958,1.002300024,1.002599955,1.005699992,0.999499977,1.009699941,1.088600039,1.130499959,1.228700042,1.267699957,1.097800016,0.907100022,0.844200015,0.816699982,0.797800004,0.788100004,0.77640003
A5,A,5,1.322100043,1.202000022,1.102300048,1.041100025,1.005900025,0.987399995,0.970200002,0.967700005,0.971300006,0.973500013,0.972599983,0.972100019,0.973699987,0.966799974,0.975499988,1.046499968,1.082800031,1.171900034,1.20720005,1.053900003,0.878799975,0.821200013,0.79460001,0.77670002,0.766700029,0.755200028
A6,A,6,1.243700027,1.136100054,1.047299981,0.992600024,0.960099995,0.942700028,0.925800025,0.922299981,0.924499989,0.924799979,0.923200011,0.92110002,0.921800017,0.914499998,0.921000004,0.98210001,1.013900042,1.091899991,1.122900009,0.987999976,0.833299994,0.781099975,0.757000029,0.74000001,0.730499983,0.719200015
A7,A,7,1.156399965,1.075600028,0.982900023,0.935299993,0.907700002,0.889699996,0.874100029,0.869799972,0.870299995,0.869000018,0.86619997,0.863799989,0.862699986,0.855700016,0.859499991,0.910899997,0.936800003,1.003200054,1.029000044,0.913600028,0.779200017,0.733200014,0.710799992,0.695299983,0.686100006,0.675400019
A8,A,8,1.081900001,1.001000047,0.934300005,0.891600013,0.864899993,0.849699974,0.834500015,0.829200029,0.827899992,0.824899971,0.820800006,0.816600025,0.814499974,0.806100011,0.807699978,0.850199997,0.870999992,0.925800025,0.947700024,0.850199997,0.735300004,0.695900023,0.676699996,0.662500024,0.654399991,0.64410001
A9,A,9,0.993200004,0.926699996,0.870999992,0.834299982,0.810899973,0.796800017,0.781899989,0.775200009,0.772400022,0.76789999,0.762600005,0.757000029,0.753600001,0.745100021,0.744400024,0.776799977,0.791499972,0.834800005,0.851300001,0.772300005,0.67839998,0.645900011,0.629299998,0.616699994,0.609399974,0.599600017
A10,A,10,0.917299986,0.870899975,0.816100001,0.786000013,0.76639998,0.752200007,0.738799989,0.731299996,0.726999998,0.721599996,0.715499997,0.709100008,0.704599977,0.696200013,0.693799973,0.717100024,0.727400005,0.758099973,0.768599987,0.709100008,0.631099999,0.603799999,0.589100003,0.577400029,0.570500016,0.561399996
A11,A,11,0.806699991,0.769200027,0.737500012,0.7148,0.697600007,0.686399996,0.673600018,0.665300012,0.659600019,0.652499974,0.645099998,0.637700021,0.632200003,0.623300016,0.618799984,0.630200028,0.632499993,0.649100006,0.652400017,0.611299992,0.561999977,0.542500019,0.531300008,0.521899998,0.515799999,0.507600009
A12,A,12,0.626600027,0.61500001,0.604399979,0.594200015,0.583800018,0.575299978,0.564700007,0.555599988,0.547299981,0.537400007,0.528500021,0.519599974,0.511799991,0.503000021,0.494899988,0.487500012,0.479400009,0.471899986,0.463999987,0.457199991,0.449800014,0.444599986,0.439399987,0.433899999,0.430299997,0.424199998
B1,B,1,1.602800012,1.424999952,1.278499961,1.192000031,1.145699978,1.123299956,1.105100036,1.108299971,1.119600058,1.129899979,1.135400057,1.140300035,1.149000049,1.143700004,1.163599968,1.275699973,1.336500049,1.47420001,1.528100014,1.291599989,1.029000044,0.946099997,0.911000013,0.888499975,0.877099991,0.864199996
B2,B,2,1.517799973,1.354599953,1.22179997,1.142099977,1.09860003,1.077100039,1.059100032,1.061499953,1.070799947,1.078999996,1.08220005,1.085399985,1.092499971,1.087100029,1.103800058,1.204599977,1.259299994,1.38440001,1.434900045,1.221300006,0.982299984,0.906000018,0.873099983,0.851899981,0.841300011,0.828499973
B3,B,3,1.4296,1.281000018,1.159500003,1.085700035,1.045300007,1.024700046,1.007200003,1.0079,1.015799999,1.022600055,1.024700046,1.027099967,1.032400012,1.02699995,1.040799975,1.131500006,1.184700012,1.293499947,1.338400006,1.156599998,0.92930001,0.858900011,0.827799976,0.808000028,0.797399998,0.785099983
B4,B,4,1.353299975,1.218600035,1.108500004,1.040599942,1.002500057,0.98299998,0.966300011,0.965600014,0.972000003,0.976100028,0.977299988,0.978799999,0.982500017,0.976100028,0.987600029,1.069399953,1.113199949,1.215399981,1.257699966,1.084599972,0.886900008,0.8222,0.793500006,0.774299979,0.764400005,0.752600014
B5,B,5,1.270300031,1.149399996,1.050099969,0.989000022,0.954100013,0.93629998,0.919499993,0.917900026,0.922100008,0.924799979,0.924899995,0.924199998,0.926599979,0.919799984,0.928799987,1.000699997,1.038599968,1.129799962,1.167700052,1.015699983,0.837899983,0.779600024,0.753300011,0.735800028,0.726199985,0.715200007
B6,B,6,1.191699982,1.085299969,0.997399986,0.942200005,0.910000026,0.8926,0.876600027,0.873300016,0.875800014,0.877300024,0.875999987,0.874800026,0.876100004,0.868799984,0.87529999,0.936999977,0.972599983,1.048699975,1.081400037,0.95599997,0.792800009,0.741100013,0.717000008,0.700500011,0.691900015,0.681500018
B7,B,7,1.113100052,1.019600034,0.942300022,0.893299997,0.863799989,0.847500026,0.831799984,0.827499986,0.828599989,0.828100026,0.825699985,0.822899997,0.82249999,0.815199971,0.819400012,0.872399986,0.901600003,0.967299998,0.995800018,0.887799978,0.745700002,0.699899971,0.67809999,0.662800014,0.654500008,0.64410001
B8,B,8,1.032899976,0.953800023,0.888100028,0.845799983,0.819400012,0.804499984,0.789200008,0.783800006,0.782700002,0.780300021,0.776799977,0.773000002,0.771200001,0.763700008,0.765699983,0.807900012,0.82889998,0.884000003,0.906499982,0.809800029,0.69599998,0.656799972,0.637300014,0.62379998,0.61619997,0.606400013
B9,B,9,0.920799971,0.857500017,0.804799974,0.770099998,0.747500002,0.734099984,0.719900012,0.71359998,0.710799992,0.706700027,0.701799989,0.697099984,0.694000006,0.686500013,0.686100006,0.717800021,0.73269999,0.774999976,0.791599989,0.716199994,0.62559998,0.593800008,0.577600002,0.565599978,0.558600008,0.549799979
B10,B,10,0.82889998,0.77759999,0.734799981,0.70599997,0.686500013,0.674399972,0.66140002,0.654699981,0.65109998,0.646200001,0.640500009,0.634899974,0.630900025,0.623099983,0.621200025,0.64410001,0.654200017,0.685800016,0.69749999,0.638100028,0.566200018,0.540400028,0.526799977,0.516600013,0.510599971,0.502799988
B11,B,11,0.729499996,0.692300022,0.660300016,0.637700021,0.621200025,0.610400021,0.598200023,0.590900004,0.586300015,0.580200016,0.574299991,0.568099976,0.563499987,0.555999994,0.55250001,0.566299975,0.57099998,0.590600014,0.596599996,0.554499984,0.504299998,0.485300004,0.474700004,0.466399997,0.461400002,0.4542
B12,B,12,0.526000023,0.516200006,0.507099986,0.498400003,0.489600003,0.482300013,0.473500013,0.465700001,0.458400011,0.450300008,0.442799985,0.434799999,0.428299993,0.420599997,0.413599998,0.407499999,0.400200009,0.39379999,0.387100011,0.381500006,0.375099987,0.370900005,0.36649999,0.362199992,0.359400004,0.354400009
C1,C,1,1.539499998,1.389899969,1.219300032,1.136999965,1.094099998,1.07009995,1.052899957,1.056100011,1.067700028,1.077600002,1.082499981,1.087700009,1.095499992,1.091500044,1.110399961,1.220199943,1.281399965,1.417299986,1.473099947,1.243299961,0.986000001,0.904299974,0.869700015,0.8477,0.836399972,0.823700011
C2,C,2,1.476999998,1.316499949,1.185899973,1.107200027,1.064200044,1.043900013,1.025500059,1.027400017,1.036999941,1.04489994,1.048400044,1.052299976,1.058200002,1.053500056,1.069300056,1.169700027,1.228399992,1.344099998,1.398499966,1.201099992,0.953800023,0.877699971,0.844900012,0.823499978,0.812900007,0.800300002
C3,C,3,1.437399983,1.287199974,1.164700031,1.089900017,1.048799992,1.028399944,1.010800004,1.011800051,1.019600034,1.026000023,1.028399944,1.031299949,1.03670001,1.031200051,1.04489994,1.137300014,1.190999985,1.301800013,1.34739995,1.163900018,0.933600008,0.862399995,0.83130002,0.810699999,0.800100029,0.787800014
C4,C,4,1.370000005,1.23179996,1.118399978,1.048599958,1.00999999,0.990700006,0.973100007,0.972899973,0.979499996,0.984600008,0.986000001,0.987699986,0.99180001,0.986199975,0.998300016,1.082700014,1.127599955,1.23300004,1.276499987,1.098999977,0.895299971,0.82980001,0.799700022,0.780200005,0.769599974,0.757600009
C5,C,5,1.290599942,1.183200002,1.059800029,0.998300016,0.964600027,0.944400012,0.928499997,0.926599979,0.931699991,0.935199976,0.935500026,0.936100006,0.93900001,0.932799995,0.942300022,1.01699996,1.060700059,1.1523,1.191200018,1.041399956,0.84859997,0.788399994,0.760900021,0.742600024,0.73299998,0.721800029
C6,C,6,1.210500002,1.099799991,1.007799983,0.950699985,0.917400002,0.899800003,0.883300006,0.880699992,0.883700013,0.885599971,0.8847,0.88410002,0.885599971,0.878799975,0.886099994,0.951399982,0.986000001,1.070199966,1.105399966,0.965699971,0.80250001,0.748099983,0.72329998,0.706700027,0.69749999,0.686999977
C7,C,7,1.117799997,1.024500012,0.946500003,0.897099972,0.867500007,0.851100028,0.835099995,0.83069998,0.83130002,0.830600023,0.828299999,0.825699985,0.825399995,0.818499982,0.822399974,0.875400007,0.902999997,0.971300006,0.999599993,0.884899974,0.748099983,0.702199996,0.680199981,0.665099978,0.656599998,0.646300018
C8,C,8,1.050099969,0.969099998,0.901799977,0.858500004,0.832300007,0.816999972,0.802100003,0.796800017,0.796299994,0.793299973,0.790000021,0.78609997,0.784399986,0.776899993,0.779100001,0.823000014,0.844699979,0.902100027,0.925700009,0.826699972,0.708999991,0.66900003,0.649399996,0.635299981,0.627799988,0.617999971
C9,C,9,0.941699982,0.875999987,0.82069999,0.784699976,0.761500001,0.747399986,0.733500004,0.727599978,0.725600004,0.722100019,0.717499971,0.712700009,0.709599972,0.701499999,0.701099992,0.733900011,0.749300003,0.79339999,0.810800016,0.73269999,0.639299989,0.60650003,0.5898,0.577600002,0.5704,0.56129998
C10,C,10,0.854700029,0.801400006,0.756799996,0.726300001,0.70569998,0.693300009,0.680000007,0.673099995,0.6699,0.665300012,0.659799993,0.653999984,0.650200009,0.642499983,0.640799999,0.664699972,0.675199986,0.708000004,0.720099986,0.657899976,0.583000004,0.556299984,0.542100012,0.531099975,0.524900019,0.51639998
C11,C,11,0.742699981,0.705299973,0.673099995,0.650200009,0.633899987,0.623099983,0.611000001,0.603399992,0.59829998,0.591700017,0.585099995,0.578599989,0.573599994,0.565699995,0.561999977,0.575699985,0.58069998,0.599600017,0.605300009,0.566399992,0.512899995,0.494100004,0.483399987,0.474700004,0.469500005,0.462199986
C12,C,12,0.528999984,0.51880002,0.509599984,0.50059998,0.49149999,0.484100014,0.475499988,0.467400014,0.460399985,0.451999992,0.444799989,0.43689999,0.430400014,0.422699988,0.415899992,0.409399986,0.402200013,0.395700008,0.389200002,0.383300006,0.377000004,0.372299999,0.367900014,0.363400012,0.360599995,0.355699986
D1,D,1,1.540599942,1.365300059,1.222200036,1.136000037,1.090000033,1.067899942,1.049000025,1.052800059,1.06340003,1.074300051,1.07889998,1.083999991,1.092200041,1.087800026,1.106699944,1.218000054,1.278800011,1.417500019,1.475499988,1.241999984,0.983299971,0.900699973,0.864899993,0.842999995,0.831200004,0.818799973
D2,D,2,1.42019999,1.263499975,1.134799957,1.056900024,1.014799953,0.993700027,0.975700021,0.977500021,0.986699998,0.994899988,0.998399973,1.002500057,1.00909996,1.004500031,1.020099998,1.119500041,1.174200058,1.297999978,1.351199985,1.146199942,0.912500024,0.837599993,0.804700017,0.784099996,0.773400009,0.761099994
D3,D,3,1.367499948,1.221899986,1.101799965,1.02820003,0.987999976,0.967899978,0.949699998,0.950299978,0.958199978,0.96450001,0.967000008,0.969699979,0.975700021,0.970600009,0.984000027,1.075199962,1.124799967,1.239400029,1.288400054,1.100000024,0.88349998,0.813499987,0.782599986,0.762899995,0.752300024,0.740499973
D4,D,4,1.306200027,1.171499968,1.060600042,0.992500007,0.954599977,0.935299993,0.918099999,0.917400002,0.924099982,0.929099977,0.930999994,0.932500005,0.93720001,0.931999981,0.943899989,1.026900053,1.072299957,1.177899957,1.223399997,1.050799966,0.850399971,0.785099983,0.755900025,0.736999989,0.726700008,0.714900017
D5,D,5,1.241000056,1.118000031,1.016700029,0.953800023,0.918299973,0.899900019,0.883300006,0.881600022,0.886600018,0.890399992,0.890799999,0.89139998,0.894800007,0.888999999,0.898599982,0.973500013,1.013900042,1.109300017,1.150900006,0.994899988,0.812099993,0.751999974,0.724699974,0.706799984,0.697300017,0.686399996
D6,D,6,1.157999992,1.065400004,0.957400024,0.902899981,0.872399986,0.853500009,0.83829999,0.835900009,0.838800013,0.840900004,0.840300024,0.83950001,0.841199994,0.834800005,0.842499971,0.907000005,0.941900015,1.024999976,1.06159997,0.926100016,0.765999973,0.713100016,0.688600004,0.672299981,0.663699985,0.652999997
D7,D,7,1.066799998,0.973399997,0.896600008,0.847299993,0.818000019,0.801699996,0.786000013,0.782199979,0.783599973,0.783699989,0.782199979,0.780300021,0.780600011,0.774500012,0.779399991,0.833800018,0.862800002,0.933499992,0.964900017,0.850199997,0.712700009,0.666299999,0.644599974,0.629499972,0.621100008,0.611000001
D8,D,8,0.95450002,0.887899995,0.810400009,0.769500017,0.745899975,0.730199993,0.716700017,0.712100029,0.712100029,0.710399985,0.707300007,0.704100013,0.703199983,0.696399987,0.698899984,0.742799997,0.765399992,0.823800027,0.848800004,0.753799975,0.639400005,0.600199997,0.581499994,0.568400025,0.561399996,0.552299976
D9,D,9,0.844500005,0.782400012,0.730400026,0.696200013,0.674300015,0.66140002,0.648299992,0.643000007,0.64139998,0.638599992,0.634800017,0.630999982,0.628799975,0.622099996,0.622399986,0.654900014,0.671500027,0.715699971,0.734799981,0.660099983,0.569500029,0.538200021,0.522800028,0.512000024,0.505699992,0.497900009
D10,D,10,0.735000014,0.686800003,0.645600021,0.617900014,0.59920001,0.588100016,0.576200008,0.570599973,0.568099976,0.564300001,0.560199976,0.555999994,0.55309999,0.546500027,0.545400023,0.569299996,0.580500007,0.613099992,0.62650001,0.569199979,0.498800009,0.47389999,0.460900009,0.451499999,0.446099997,0.438899994
D11,D,11,0.637300014,0.601899981,0.571799994,0.550400019,0.535600007,0.525699973,0.515299976,0.509199977,0.505599976,0.50059998,0.495499998,0.490200013,0.486600012,0.479999989,0.477200001,0.491899997,0.49849999,0.51880002,0.52640003,0.488499999,0.4366,0.41870001,0.408899993,0.401600003,0.397599995,0.391400009
D12,D,12,0.431899995,0.423200011,0.415600002,0.408100009,0.400700003,0.394699991,0.387499988,0.381099999,0.375400007,0.368800014,0.362800002,0.356599987,0.351399988,0.345400006,0.3398,0.334699988,0.328500003,0.323799998,0.318199992,0.313699991,0.308499992,0.305500001,0.301999986,0.298999995,0.297100008,0.293000013
E1,E,1,1.46570003,1.293599963,1.15260005,1.067499995,1.022099972,1,0.98180002,0.985400021,0.996800005,1.007300019,1.012899995,1.019299984,1.027799964,1.024500012,1.042700052,1.154399991,1.215999961,1.355599999,1.416800022,1.189599991,0.930599988,0.848500013,0.813199997,0.791400015,0.780399978,0.768400013
E2,E,2,1.374899983,1.220499992,1.092599988,1.014999986,0.972800016,0.952000022,0.934300005,0.936500013,0.94569999,0.954400003,0.958100021,0.962499976,0.969600022,0.96509999,0.980700016,1.080000043,1.136000037,1.260200024,1.316400051,1.113199949,0.880500019,0.805000007,0.772300005,0.751800001,0.74119997,0.729300022
E3,E,3,1.29550004,1.154500008,1.037700057,0.965799987,0.926400006,0.906899989,0.889199972,0.890200019,0.897899985,0.904900014,0.907999992,0.91140002,0.916899979,0.912699997,0.925999999,1.01639998,1.066599965,1.180500031,1.231299996,1.048699975,0.835900009,0.766900003,0.736500025,0.717100024,0.707099974,0.695800006
E4,E,4,1.235200047,1.103600025,0.995899975,0.92930001,0.89200002,0.873000026,0.85589999,0.855499983,0.862100005,0.867900014,0.869899988,0.871900022,0.876399994,0.871999979,0.883300006,0.966199994,1.015499949,1.118000031,1.165099978,1.006899953,0.800300002,0.735800028,0.707099974,0.688799977,0.679099977,0.668099999
E5,E,5,1.163400054,1.04519999,0.947000027,0.886399984,0.851499975,0.833500028,0.817600012,0.816500008,0.821399987,0.825200021,0.826699972,0.827799976,0.831200004,0.825999975,0.835600019,0.910099983,0.950900018,1.046700001,1.090199947,0.939800024,0.760599971,0.701699972,0.675300002,0.658299983,0.649500012,0.639100015
E6,E,6,1.077299953,0.9727,0.885999978,0.83130002,0.799700022,0.783100009,0.7676,0.765299976,0.768700004,0.771700025,0.771799982,0.771799982,0.773999989,0.768899977,0.776300013,0.840900004,0.876800001,0.961099982,0.999499977,0.868700027,0.710900009,0.658500016,0.634800017,0.619000018,0.610800028,0.600799978
E7,E,7,0.987500012,0.90990001,0.819500029,0.772599995,0.746200025,0.729300022,0.715699971,0.712800026,0.714299977,0.715399981,0.71420002,0.713,0.714100003,0.708100021,0.713100016,0.767700016,0.797599971,0.869199991,0.9023,0.790099978,0.654200017,0.60860002,0.587499976,0.573499978,0.565900028,0.556900024
E8,E,8,0.891200006,0.815400004,0.752300024,0.711199999,0.68629998,0.672299981,0.658699989,0.654699981,0.654999971,0.654399991,0.652499974,0.6505,0.6505,0.644500017,0.647499979,0.691900015,0.715699971,0.774600029,0.801500022,0.708100021,0.593500018,0.554700017,0.536199987,0.523500025,0.516600013,0.508099973
E9,E,9,0.79369998,0.73269999,0.681400001,0.647499979,0.62620002,0.613799989,0.601199985,0.596599996,0.595300019,0.593599975,0.590600014,0.587700009,0.586199999,0.5801,0.581399977,0.615199983,0.633099973,0.67869997,0.699199975,0.625199974,0.534200013,0.502799988,0.487399995,0.476500005,0.470899999,0.46329999
E10,E,10,0.70450002,0.655399978,0.613900006,0.585900009,0.567499995,0.556299984,0.545099974,0.539900005,0.537999988,0.535099983,0.531599998,0.527999997,0.526199996,0.520200014,0.519900024,0.54549998,0.558099985,0.593299985,0.608399987,0.549799979,0.477600008,0.452199996,0.439200014,0.430099994,0.424899995,0.418099999
E11,E,11,0.603500009,0.568400025,0.538500011,0.51730001,0.502699971,0.493200004,0.483099997,0.477699995,0.474299997,0.469999999,0.465600014,0.460999995,0.457899988,0.451799989,0.449999988,0.46540001,0.472000003,0.493699998,0.502099991,0.462000012,0.412299991,0.394300014,0.384900004,0.377799988,0.373800009,0.368000001
E12,E,12,0.393400013,0.385800004,0.379200011,0.372599989,0.36590001,0.360500008,0.354000002,0.34830001,0.343100011,0.337099999,0.331800014,0.326099992,0.3213,0.315899998,0.310900003,0.306400001,0.300999999,0.296499997,0.291599989,0.287499994,0.283100009,0.280200005,0.277200013,0.274599999,0.273099989,0.269499987
F1,F,1,1.405599952,1.236500025,1.097800016,1.013700008,0.968900025,0.947300017,0.92930001,0.932799995,0.944199979,0.955200016,0.961099982,0.967400014,0.976000011,0.97299999,0.991699994,1.102399945,1.166300058,1.305899978,1.369500041,1.146600008,0.890100002,0.808499992,0.773400009,0.751900017,0.741400003,0.729600012
F2,F,2,1.317700028,1.165699959,1.040599942,0.963699996,0.922200024,0.90140003,0.884000003,0.885699987,0.895299971,0.904500008,0.908800006,0.913699985,0.921000004,0.917500019,0.933200002,1.032899976,1.089400053,1.214599967,1.273699999,1.074300051,0.841899991,0.76730001,0.735000014,0.7148,0.70450002,0.693000019
F3,F,3,1.235299945,1.096500039,0.981999993,0.91109997,0.872099996,0.852299988,0.835500002,0.837000012,0.845000029,0.852400005,0.856100023,0.859799981,0.86619997,0.861899972,0.87559998,0.966000021,1.017199993,1.132300019,1.185400009,1.006199956,0.794499993,0.725199997,0.694899976,0.675700009,0.666100025,0.655200005
F4,F,4,1.172500014,1.04489994,0.93900001,0.873899996,0.837300003,0.818899989,0.802600026,0.802699983,0.809499979,0.815500021,0.818400025,0.820800006,0.825800002,0.82160002,0.833199978,0.915799975,0.962499976,1.068899989,1.118299961,0.954400003,0.75880003,0.694899976,0.666700006,0.648800015,0.639800012,0.629400015
F5,F,5,1.099099994,0.983799994,0.887799978,0.828299999,0.7949,0.777199984,0.761500001,0.760800004,0.766099989,0.770299971,0.772099972,0.773699999,0.777700007,0.773400009,0.783200026,0.85769999,0.899399996,0.995599985,1.041300058,0.893899977,0.716700017,0.658699989,0.632499993,0.616100013,0.607500017,0.597899973
F6,F,6,1.005599976,0.919499993,0.819000006,0.76730001,0.738600016,0.721000016,0.706900001,0.7051,0.708700001,0.711899996,0.712700009,0.713500023,0.716400027,0.711799979,0.719299972,0.783399999,0.819000006,0.902999997,0.942300022,0.814999998,0.6602,0.608699977,0.585099995,0.570100009,0.56220001,0.553200006
F7,F,7,0.905099988,0.819199979,0.747099996,0.701300025,0.674300015,0.659699976,0.646099985,0.64380002,0.646000028,0.648000002,0.647800028,0.647400022,0.649200022,0.644200027,0.649600029,0.702799976,0.735400021,0.803799987,0.836899996,0.736400008,0.598800004,0.554400027,0.533800006,0.520500004,0.513400018,0.504999995
F8,F,8,0.833800018,0.769599974,0.694599986,0.654600024,0.632099986,0.617600024,0.605300009,0.602299988,0.603299975,0.603699982,0.602699995,0.601700008,0.602500021,0.597800016,0.601499975,0.647599995,0.673099995,0.734600008,0.763700008,0.668900013,0.55369997,0.514699996,0.496100008,0.483900011,0.477499992,0.469500005
F9,F,9,0.725000024,0.665300012,0.614700019,0.58160001,0.561200023,0.549199998,0.537899971,0.534399986,0.534300029,0.533800006,0.531700015,0.529900014,0.529699981,0.524900019,0.526899993,0.56220001,0.581399977,0.629499972,0.65200001,0.578299999,0.486799985,0.455500007,0.440499991,0.430299997,0.424899995,0.417800009
F10,F,10,0.636799991,0.58920002,0.549099982,0.522000015,0.504800022,0.494599998,0.484200001,0.479999989,0.478899986,0.477200001,0.4745,0.47209999,0.470999986,0.466199994,0.466800004,0.493499994,0.507399976,0.543799996,0.560599983,0.502300024,0.430799991,0.406100005,0.393599987,0.385100007,0.380699992,0.374599993
F11,F,11,0.530900002,0.497399986,0.469099998,0.449200004,0.435799986,0.427399993,0.418599993,0.414200008,0.411900014,0.408800006,0.405600011,0.4023,0.400000006,0.395300001,0.394199997,0.41049999,0.419099987,0.441300005,0.450599998,0.413899988,0.363200009,0.346100003,0.337099999,0.331,0.327800006,0.32280001
F12,F,12,0.32159999,0.316700011,0.310200006,0.304899991,0.300300002,0.295599997,0.290800005,0.286300004,0.282099992,0.27759999,0.273299992,0.268700004,0.264800012,0.26030001,0.256399989,0.252700001,0.248699993,0.245199993,0.2412,0.238000005,0.234699994,0.232600003,0.230399996,0.2289,0.228200004,0.225500003
G1,G,1,1.355200052,1.190199971,1.053500056,0.971000016,0.926400006,0.904799998,0.886799991,0.890299976,0.90200001,0.913500011,0.920000017,0.926999986,0.936200023,0.934000015,0.952799976,1.064100027,1.128999949,1.270599961,1.336199999,1.116799951,0.860700011,0.778800011,0.744099975,0.723200023,0.712700009,0.701399982
G2,G,2,1.240200043,1.095199943,0.974399984,0.901000023,0.860800028,0.840600014,0.823700011,0.826099992,0.835500002,0.845000029,0.849399984,0.854900002,0.862299979,0.859499991,0.874800026,0.972599983,1.029399991,1.154199958,1.213799953,1.023399949,0.79610002,0.722899973,0.690999985,0.671500027,0.661800027,0.650900006
G3,G,3,1.167099953,1.051800013,0.91839999,0.851000011,0.815999985,0.795799971,0.780600011,0.782299995,0.790700018,0.798300028,0.802399993,0.805999994,0.812399983,0.809099972,0.8222,0.911499977,0.963400006,1.078299999,1.133700013,0.960099995,0.751699984,0.683899999,0.654299974,0.635999978,0.626699984,0.616400003
G4,G,4,1.10619998,0.983200014,0.879400015,0.815599978,0.779799998,0.761799991,0.745899975,0.746500015,0.753700018,0.760500014,0.763899982,0.767099977,0.772899985,0.769299984,0.781300008,0.864000022,0.915199995,1.019000053,1.070700049,0.919700027,0.717100024,0.653800011,0.62620002,0.609000027,0.600499988,0.590699971
G5,G,5,1.032899976,0.920899987,0.826499999,0.767799973,0.734799981,0.717800021,0.702899992,0.702600002,0.708100021,0.713800013,0.716300011,0.719099998,0.724099994,0.720700026,0.73119998,0.806100011,0.849099994,0.946699977,0.994000018,0.849699974,0.673300028,0.615199983,0.58920002,0.572799981,0.564400017,0.555100024
G6,G,6,0.942600012,0.844799995,0.762700021,0.710699975,0.680999994,0.665300012,0.651199996,0.649900019,0.654299974,0.658299983,0.660099983,0.662199974,0.665899992,0.662,0.670400023,0.735400021,0.772599995,0.857900023,0.900200009,0.774800003,0.619899988,0.568300009,0.5449,0.529900014,0.522499979,0.513899982
G7,G,7,0.846700013,0.762499988,0.691799998,0.646799982,0.620899975,0.606899977,0.594600022,0.592700005,0.595700026,0.598200023,0.598699987,0.598999977,0.601300001,0.597100019,0.602999985,0.658100009,0.690100014,0.763599992,0.800800025,0.694000006,0.561800003,0.517499983,0.497399986,0.484699994,0.478199989,0.470299989
G8,G,8,0.7579,0.685699999,0.625400007,0.586199999,0.563199997,0.550300002,0.538500011,0.53609997,0.537999988,0.539499998,0.539600015,0.539799988,0.541800022,0.537999988,0.542599976,0.58950001,0.615999997,0.679099977,0.709999979,0.618200004,0.504100025,0.465700001,0.448000014,0.436199993,0.430400014,0.423200011
G9,G,9,0.648400009,0.591300011,0.54339999,0.511799991,0.492500007,0.4815,0.471300006,0.468499988,0.469000012,0.469300002,0.468400002,0.467299998,0.467700005,0.463400006,0.465999991,0.50150001,0.523100019,0.570100009,0.594200015,0.526799977,0.433099985,0.403299987,0.388900012,0.379799992,0.37529999,0.369300008
G10,G,10,0.558099985,0.512899995,0.474799991,0.449499995,0.433699995,0.424400002,0.415699989,0.412900001,0.412900001,0.412400007,0.4111,0.40959999,0.409500003,0.405600011,0.407099992,0.434300005,0.449299991,0.486799985,0.504899979,0.448599994,0.377999991,0.354000002,0.342299998,0.334600002,0.330799997,0.325399995
G11,G,11,0.451900005,0.425300002,0.393400013,0.375699997,0.364899993,0.356900007,0.349999994,0.346899986,0.345600009,0.344099998,0.342099994,0.340000004,0.338800013,0.335099995,0.335099995,0.352200001,0.361299992,0.385199994,0.395799994,0.358399987,0.310900003,0.294800013,0.286799997,0.281599998,0.279100001,0.275000006
G12,G,12,0.246099994,0.241999999,0.238299996,0.234699994,0.231000006,0.228,0.2245,0.221499994,0.218400002,0.215299994,0.212400004,0.209199995,0.206300005,0.203099996,0.200299993,0.197699994,0.194700003,0.192200005,0.189400002,0.187299997,0.185100004,0.183799997,0.182699993,0.181999996,0.181999996,0.180399999
H1,H,1,1.237100005,1.080299973,0.949100018,0.868200004,0.824899971,0.803799987,0.786599994,0.790799975,0.803200006,0.815699995,0.823599994,0.831900001,0.842199981,0.841300011,0.859499991,0.970499992,1.037199974,1.181100011,1.253700018,1.042299986,0.788200021,0.70599997,0.671299994,0.6505,0.640200019,0.629499972
H2,H,2,1.117900014,0.979600012,0.863399982,0.791800022,0.753000021,0.733900011,0.717999995,0.720499992,0.731100023,0.741299987,0.747399986,0.753899992,0.762700021,0.761099994,0.777100027,0.875,0.934300005,1.063500047,1.129899979,0.945200026,0.720399976,0.647599995,0.616299987,0.597599983,0.588500023,0.578700006
H3,H,3,1.043799996,0.935400009,0.807900012,0.743200004,0.709399998,0.690299988,0.675899982,0.677900016,0.686699986,0.695599973,0.701499999,0.707599998,0.716000021,0.714699984,0.728999972,0.819400012,0.874499977,0.992699981,1.05490005,0.887099981,0.680000007,0.612399995,0.582899988,0.565400004,0.556999981,0.547800004
H4,H,4,1.002500057,0.899100006,0.777199984,0.714999974,0.682299972,0.663299978,0.649699986,0.65109998,0.65990001,0.668799996,0.673900008,0.679499984,0.687099993,0.685699999,0.698700011,0.784600019,0.837100029,0.950699985,1.010200024,0.851800025,0.654100001,0.58920002,0.56099999,0.543900013,0.53579998,0.526499987
H5,H,5,0.911599994,0.80400002,0.713,0.656300008,0.624499977,0.608799994,0.595099986,0.596300006,0.603500009,0.611199975,0.61589998,0.620800018,0.627499998,0.626100004,0.637499988,0.71450001,0.761600018,0.863300025,0.917699993,0.776000023,0.59890002,0.540300012,0.513999999,0.498400003,0.490700006,0.482600003
H6,H,6,0.81099999,0.717400014,0.638199985,0.588,0.560299993,0.546199977,0.534200013,0.534699976,0.540700018,0.546999991,0.550800025,0.5546,0.560199976,0.558399975,0.567799985,0.635100007,0.676500022,0.766700029,0.814800024,0.692700028,0.537100017,0.485700011,0.462799996,0.448599994,0.441799998,0.434300005
H7,H,7,0.721700013,0.639999986,0.5704,0.526300013,0.501399994,0.488900006,0.477999985,0.478500009,0.483700007,0.489199996,0.492199987,0.495599985,0.500199974,0.498299986,0.506200016,0.565100014,0.601100028,0.680400014,0.723399997,0.616599977,0.480100006,0.434899986,0.414700001,0.402399987,0.396899998,0.390100002
H8,H,8,0.612900019,0.545099974,0.487800002,0.451299995,0.430299997,0.419499993,0.4102,0.409999996,0.413899988,0.417899996,0.420300007,0.422800004,0.426499993,0.424800009,0.431300014,0.480399996,0.510100007,0.576600015,0.612200022,0.524100006,0.410899997,0.373699993,0.35710001,0.347200006,0.342799991,0.337300003
H9,H,9,0.485500008,0.434500009,0.391600013,0.363400012,0.347200006,0.338499993,0.331200004,0.331,0.333600014,0.337000012,0.33860001,0.340000004,0.342700005,0.341300011,0.345800012,0.382699996,0.405299991,0.455599993,0.482899994,0.417100012,0.332399994,0.3046,0.292299986,0.285100013,0.282099992,0.277799994
H10,H,10,0.403400004,0.369100004,0.327699989,0.305700004,0.293599993,0.285899997,0.280200005,0.279900014,0.282000005,0.284299999,0.285400003,0.286500007,0.288599998,0.287400007,0.291099995,0.3204,0.33829999,0.378399998,0.400000006,0.347900003,0.280200005,0.258100003,0.247999996,0.242599994,0.240500003,0.237299994
H11,H,11,0.297800004,0.271400005,0.248999998,0.234099999,0.225199997,0.220400006,0.216499999,0.216100007,0.217199996,0.218700007,0.219500005,0.220100001,0.221300006,0.220200002,0.222499996,0.241799995,0.253500015,0.279799998,0.294099987,0.259900004,0.2148,0.200299993,0.194000006,0.190799996,0.189899996,0.187800005
H12,H,12,0.087899998,0.0876,0.087700002,0.087399997,0.087200001,0.087099999,0.0867,0.086900003,0.0867,0.086599998,0.0867,0.086199999,0.085900001,0.0854,0.085199997,0.085100003,0.084899999,0.084700003,0.0845,0.084700003,0.084899999,0.0858,0.0867,0.088399999,0.090400003,0.090599999
