#SampleID	chlamy_RA	sampling_day	pbr_tube	max_od_group	bact_RA	B_mean	C_mean	B_std	C_std	cc_mean_ratio	PBR_680	PBR_720
exp4.d0.t3	0.00390625	0.0	3.0	0.2	0.99609375	311574.74606000003	70355.58782	56855.90084787166	14213.975211967898	4.428571428571429	0.06914	0.04347
exp4.d0.t4	0.0258899676375405	0.0	4.0	0.2	0.9741100323624595	1143278.302075	103020.68216499999	579219.4898876923	17767.469014959894	11.097560975609758	0.06044	0.042339999999999996
exp4.d0.t5	0.0537974683544304	0.0	5.0	0.2	0.9462025316455696	502539.91300000006	70355.58782	7106.987605983919	7106.987605983953	7.142857142857143	0.06767000000000001	0.03243
exp4.d0.t6	0.0402010050251256	0.0	6.0	0.2	0.9597989949748744	454798.6212650001	60304.789560000005	60409.394650863615	7106.98760598396	7.541666666666668	0.05844	0.03803
exp4.d0.t7	0.0180505415162455	0.0	7.0	0.2	0.9819494584837545	1082973.512515	65330.18869	302046.97325431794	7106.987605983937	16.576923076923077	0.055310000000000005	0.02995
exp4.d0.t8	0.0131500298864316	0.0	8.0	0.2	0.9868499701135685	776424.1655849998	57792.08999499999	117265.29549873515	31981.444226927797	13.434782608695652	0.08644	0.05545
exp4.d0.t2	0.0836501901140684	0.0	2.0	0.2	0.9163498098859316	683454.28168	27639.695214999996	85283.85127180758	3553.493802991975	24.72727272727273	0.06427999999999999	0.03265
exp4.d0.t1	0.0062050947093403	0.0	1.0	0.2	0.9937949052906597	324138.243885	37690.493475	3553.493802992001	17767.469014959883	8.6	0.06084	0.032560000000000006
exp4.d1.t1	0.281173594132029	1.0	1.0	0.2	0.718826405867971	3640064.1031633336	289798.01649666665	241288.9453550837	55583.1256305975	12.5606936416185	0.11874000000000001	0.06089
exp4.d1.t2	0.13017751479289902	1.0	2.0	0.2	0.869822485207101	3680267.2962033325	256295.35563	133937.33634562072	54358.00272866138	14.359477124183003	0.12369000000000001	0.06459
exp4.d1.t8	0.11471690668771	1.0	8.0	0.2	0.88528309331229	6866370.344623334	236193.75911	180448.45400310465	45228.59216999996	29.070921985815602	0.1563	0.09013
exp4.d1.t6	0.14787430683918698	1.0	6.0	0.2	0.852125693160813	4596565.070906667	237868.8921533333	214704.7499963195	10461.202502667673	19.323943661971835	0.10167999999999999	0.06195
exp4.d1.t7	0.13233204789933	1.0	7.0	0.2	0.86766795210067	4254837.930066668	132335.51042333335	228770.6818315806	24789.705244675966	32.15189873417722	0.10894000000000001	0.05679
exp4.d1.t4	0.0828288793739849	1.0	4.0	0.2	0.9171711206260151	5331948.47693	273046.68606333336	37940.9314026534	11605.66216196322	19.527607361963188	0.11415	0.07436
exp4.d1.t3	0.100123304562269	1.0	3.0	0.2	0.899876695437731	4740626.512633334	351777.9391	219531.92135426207	23029.271910590225	13.476190476190476	0.1285	0.07646
exp4.d1.t5	0.0731840524303659	1.0	5.0	0.2	0.9268159475696341	6397333.09249	217767.29563333336	196633.79249914602	11605.662161963257	29.376923076923074	0.13568	0.06816
exp4.d2.t7	0.0129458089005977	2.0	7.0	0.2	0.9870541910994023	39322073.05920667	259645.62171666665	3234563.0576642123	7676.423970196744	151.4451612903226	0.29614	0.17645999999999998
exp4.d2.t1	0.00965911755052281	2.0	1.0	0.2	0.9903408824494772	44813159.17525333	274721.81910666666	4705299.033753032	39034.55388610053	163.1219512195122	0.3235	0.1771
exp4.d2.t3	0.0330343736049673	2.0	3.0	0.2	0.9669656263950327	35033732.46827333	368529.26953333337	1449410.2572510086	60374.546424917244	95.06363636363633	0.344	0.19927
exp4.d2.t4	0.0323633683175963	2.0	4.0	0.2	0.9676366316824037	41287004.11903667	268021.2869333334	2359072.088204289	22660.779784788912	154.04375	0.31309000000000003	0.19735
exp4.d2.t8	0.0169982615414333	2.0	8.0	0.2	0.9830017384585668	53327860.43451667	350102.80605666665	3202454.4071038943	55355.48047349043	152.32057416267943	0.36478	0.19558
exp4.d2.t5	0.00604151383075131	2.0	5.0	0.2	0.9939584861692486	45587070.64127334	184264.63476666668	3562157.556739424	38622.62537632833	247.40000000000003	0.36202	0.19276
exp4.d2.t6	0.0115113625086831	2.0	6.0	0.2	0.9884886374913169	38492882.20275667	237868.8921533333	3099381.3868197436	16154.398048105957	161.8239436619719	0.26488	0.15777
exp4.d2.t2	0.00520635253694937	2.0	2.0	0.2	0.9947936474630507	53857202.47621	162487.90520333333	2889971.549070056	34207.18473165573	331.45360824742266	0.32911999999999997	0.18695
exp4.d3.t8	0.143573030557892	3.0	8.0	0.2	0.856426969442108	25165523.70999667	455636.18778666673	1528261.2501081675	7676.42397019677	55.231617647058826	0.39626999999999996	0.19558
exp4.d3.t7	0.118071684137844	3.0	7.0	0.2	0.881928315862156	22485310.84066333	479088.0503933334	879047.5121553545	48289.17852265288	46.93356643356641	0.38224	0.18750999999999998
exp4.d3.t3	0.177203996816695	3.0	3.0	0.2	0.822796003183305	17461586.843706664	536042.5738666668	1436880.4593552698	71129.07630005843	32.57499999999999	0.36914	0.19858
exp4.d3.t2	0.0924666162761401	3.0	2.0	0.2	0.9075333837238599	30448893.328670003	393656.2651833333	1385516.3020470592	17648.621734522458	77.34893617021278	0.38434	0.19369
exp4.d3.t4	0.141213389121339	3.0	4.0	0.2	0.858786610878661	20867132.320803333	403707.06344333343	1307862.738460958	110596.8455128269	51.68879668049791	0.30365	0.19077
exp4.d3.t1	0.29895479158796096	3.0	1.0	0.2	0.7010452084120391	19875453.55915	681779.1486366667	1355209.5498728505	53734.967791377305	29.15233415233415	0.39207	0.19485
exp4.d3.t6	0.104496179136307	3.0	6.0	0.2	0.895503820863693	20833629.659936666	415432.9947466667	1234452.5829458958	89943.88175521517	50.149193548387096	0.34521999999999997	0.18733
exp4.d3.t5	0.18600287007396	3.0	5.0	0.2	0.81399712992604	17826765.847153332	701880.7451566667	972779.3401960924	2901.415540490823	25.398568019093073	0.4103600000000001	0.19777
exp4.d4.t3	0.0919201089423514	4.0	3.0	0.2	0.9080798910576486	19838600.63219667	512590.71126	938772.715079672	43521.23310736206	38.70261437908497	0.36339	0.19789
exp4.d4.t2	0.06470736629667	4.0	2.0	0.2	0.93529263370333	32874485.975416664	487463.71561	3146398.8770032977	21905.20695862723	67.43986254295532	0.39534	0.20077
exp4.d4.t1	0.0789993759101311	4.0	1.0	0.2	0.9210006240898689	27326445.33589667	500864.7799566668	1650691.2644059588	48289.1785226529	54.55852842809364	0.38119000000000003	0.19147
exp4.d4.t8	0.0751052782206959	4.0	8.0	0.2	0.9248947217793041	27210861.155906666	705231.0112433335	2124717.9119487214	113080.78633674164	38.58432304038004	0.38799999999999996	0.19422
exp4.d4.t7	0.0889587571666358	4.0	7.0	0.2	0.9110412428333642	24331307.454416666	713606.6764600001	495692.2189237032	72477.33697154847	34.09624413145539	0.39932	0.19817
exp4.d4.t6	0.12259234081124	4.0	6.0	0.2	0.87740765918876	22538915.09805	492489.11473999993	973488.6909990648	48463.19414431786	45.76530612244898	0.34205	0.18644000000000002
exp4.d4.t5	0.114848793747876	4.0	5.0	0.2	0.885151206252124	22991201.01975	629850.0242933334	2056954.2451299848	103153.3816372126	36.502659574468076	0.40228	0.19663
exp4.d4.t4	0.103994717728623	4.0	4.0	0.2	0.896005282271377	23932625.79010333	422133.52692	950602.211130424	10050.79826000001	56.69444444444444	0.31668	0.19712000000000002
exp4.d5.t7	0.119880016549441	5.0	7.0	0.2	0.880119983450559	27651421.146303333	373554.6686633333	3371141.4691947107	67858.39697351438	74.02242152466368	0.36817	0.18863
exp4.d5.t8	0.123332909945383	5.0	8.0	0.2	0.876667090054617	38137753.99757	539392.8399533335	1182763.744363458	56484.532400737844	70.70496894409936	0.37954	0.18975
exp4.d5.t6	0.13108640099454402	5.0	6.0	0.2	0.868913599005456	28254469.041903336	676753.7495066667	2480111.2676120615	103030.89588456758	41.75	0.33764	0.18533
exp4.d5.t1	0.0772838397445492	5.0	1.0	0.2	0.9227161602554508	35082311.32653	505890.17908666655	3923118.3141698237	55355.48047349046	69.34768211920532	0.37568	0.19124000000000002
exp4.d5.t2	0.0745443003536773	5.0	2.0	0.2	0.9254556996463227	42308835.27547	693505.07994	5098549.144027332	26112.73986441726	61.0072463768116	0.37224	0.19143
exp4.d5.t3	0.105793450881612	5.0	3.0	0.2	0.894206549118388	25944460.575146664	673403.48342	2139830.843195056	62767.21501600606	38.527363184079604	0.35705	0.1947
exp4.d5.t4	0.0685886761032473	5.0	4.0	0.2	0.9314113238967527	28334875.42798333	520966.37647666654	2577678.702883881	135809.80375391195	54.38906752411576	0.3197	0.19644
exp4.d5.t5	0.0881889763779528	5.0	5.0	0.2	0.9118110236220472	32062046.44940001	465686.98604666675	2898448.777016821	80144.21914120197	68.84892086330936	0.39364	0.18937
exp4.d6.t1	0.0351962457337884	6.0	1.0	0.2	0.9648037542662116	57038280.1255	636550.5564666665	9808478.446708804	71835.67387421639	89.60526315789475	0.35824	0.19304000000000002
exp4.d6.t8	0.0870691889090438	6.0	8.0	0.2	0.9129308110909562	50175260.04696333	296498.54867	8626211.908222523	51002.230841678786	169.22598870056495	0.27791	0.14535
exp4.d6.t7	0.0788224121557455	6.0	7.0	0.2	0.9211775878442545	32531083.701533336	438884.85735333327	2329229.5789812063	38382.1198509837	74.12213740458017	0.37327	0.19451
exp4.d6.t6	0.116271069831441	6.0	6.0	0.2	0.883728930168559	54827104.5083	381930.33388	6188719.3478669	26591.912673640738	143.55263157894737	0.34586	0.1916
exp4.d6.t5	0.162061239731143	6.0	5.0	0.2	0.837938760268857	53889030.00403333	651626.7538566667	1376723.966965888	40307.75288638778	82.69922879177376	0.31761999999999996	0.15753
exp4.d6.t4	0.119362186788155	6.0	4.0	0.2	0.880637813211845	28741932.75751333	356803.33822999994	2259398.0624841754	39249.621926384105	80.55399061032864	0.27925	0.17595
exp4.d6.t3	0.0682685829777678	6.0	3.0	0.2	0.9317314170222322	28162336.72452	363503.8704033333	2133499.450123062	46422.64864785298	77.4746543778802	0.31418	0.17755
exp4.d6.t2	0.0667534399404983	6.0	2.0	0.2	0.9332465600595017	51302624.58512667	489138.84865333344	3293321.3617698024	59954.7878253512	104.88356164383559	0.36246999999999996	0.19574
exp4.d7.t8	0.0857053487644667	7.0	8.0	0.2	0.9142946512355333	39329778.67120601	618124.0929899999	2556598.40093362	105593.19096219131	63.62764227642279	0.35181999999999997	0.17941
exp4.d7.t7	0.0604107933950866	7.0	7.0	0.2	0.9395892066049134	31381942.43380667	447260.52257	2222603.614898984	34816.98648588971	70.16479400749064	0.30074	0.15912
exp4.d7.t3	0.042840713053479	7.0	3.0	0.2	0.957159286946521	24507196.423966665	335026.6086666666	1120904.358051315	54202.91538627743	73.15	0.18395	0.10545
exp4.d7.t2	0.0241624365482234	7.0	2.0	0.2	0.9758375634517766	45133109.58653	348427.6730133334	4832827.3445046935	7676.423970196755	129.5336538461538	0.19253	0.10565999999999999
exp4.d7.t5	0.072856221792392	7.0	5.0	0.2	0.927143778207608	38136078.86452667	234518.62606666665	2389218.365187521	19025.85404022297	162.61428571428573	0.35251	0.17327
exp4.d10.t6	0.137171052631579	10.0	6.0	0.2	0.862828947368421	40040705.13479667	487463.71561	1649681.1929519146	64160.001058106114	82.14089347079039	0.33204	0.1934
exp4.d10.t5	0.183944374209861	10.0	5.0	0.2	0.816055625790139	35586526.37257334	1010105.2251299999	2169024.9840598824	118177.0448857983	35.23051409618574	0.39543	0.19367
exp4.d10.t4	0.2461257976299	10.0	4.0	0.2	0.7538742023700999	22197187.95721	480763.18343666656	1794088.60440814	33460.756333860874	46.17073170731709	0.3122	0.19303
exp4.d10.t3	0.229390681003584	10.0	3.0	0.2	0.770609318996416	25765221.33951	956500.9677433334	283033.0487963092	49579.410489351874	26.936952714535902	0.35408	0.19858
exp4.d10.t2	0.0670103092783505	10.0	2.0	0.2	0.9329896907216495	47887028.30977	659332.3658559999	3353690.611700202	38007.43615378478	72.62957317073173	0.31156999999999996	0.17184000000000002
exp4.d10.t1	0.14707305273343	10.0	1.0	0.2	0.85292694726657	38074098.941923335	1092186.7442533334	3589459.121892328	92709.19368386401	34.86042944785276	0.35824	0.19035
exp4.d10.t7	0.0941890166028097	10.0	7.0	0.2	0.9058109833971904	33589767.78492	626499.7582066666	1423164.2863391188	45599.32453704318	53.614973262032095	0.3638	0.19337000000000001
exp4.d10.t8	0.16183986371379902	10.0	8.0	0.2	0.838160136286201	33866164.73707	567870.1016899999	3103223.6367250374	90596.6712144356	59.63716814159293	0.36209	0.19130999999999998
exp4.d11.t8	0.20859965136548494	11.0	8.0	0.2	0.791400348634515	35916527.582109995	867718.9164466667	2636141.600640566	73228.41751867381	41.39189189189189	0.37399	0.19738
exp4.d11.t7	0.177262931034483	11.0	7.0	0.2	0.822737068965517	35943329.71080333	696855.3460266666	2589959.92181618	5802.83108098167	51.57932692307693	0.35291	0.18774000000000002
exp4.d11.t6	0.19780701754386	11.0	6.0	0.2	0.80219298245614	45829964.93255667	859343.2512299998	4996511.351147526	84540.29870820633	53.33138401559455	0.33702	0.19499
exp4.d11.t5	0.14004914004914	11.0	5.0	0.2	0.8599508599508601	41437766.092936665	799038.4616700001	4699896.452962405	170641.71760569836	51.85953878406708	0.37378	0.1964
exp4.d11.t3	0.219846022241232	11.0	3.0	0.2	0.780153977758768	23409984.28058333	1179293.662506667	1726971.1784219744	68229.54867685032	19.850852272727263	0.34048	0.19266
exp4.d11.t2	0.15606936416185002	11.0	2.0	0.2	0.84393063583815	43169853.65974333	855992.9851433333	2875443.329932848	107469.93558275432	50.43248532289628	0.36313	0.19483
exp4.d11.t1	0.18421052631578896	11.0	1.0	0.2	0.8157894736842111	51331101.84686334	1323355.1042333334	4928306.038352014	30705.695880786923	38.78860759493671	0.36154000000000003	0.18923
exp4.d11.t4	0.138044371405094	11.0	4.0	0.2	0.8619556285949059	31368541.369459998	649951.6208133333	2029309.4337410415	65394.58514594014	48.26288659793814	0.30805	0.19712000000000002
exp4.d14.t2	0.155729343760626	14.0	2.0	0.2	0.844270656239374	37182369.78518888	943658.2810777776	1142912.639164643	148967.58893886296	39.40236686390533	0.37156	0.1971
exp4.d14.t3	0.226757369614512	14.0	3.0	0.2	0.773242630385488	19191440.899788886	552793.9042999999	1285721.4476210116	90596.6712144356	34.717171717171716	0.35341999999999996	0.19744
exp4.d14.t4	0.26289180990899896	14.0	4.0	0.2	0.737108190091001	23879021.53271666	594672.2303833333	1158781.6825764806	85003.7180694645	40.154929577464785	0.30365	0.19326
exp4.d14.t5	0.228650137741047	14.0	5.0	0.2	0.771349862258953	27321419.936766665	826398.9680444446	1813848.8798874568	194151.70162233792	33.06081081081081	0.39115	0.19846
exp4.d14.t6	0.202358311144922	14.0	6.0	0.2	0.797641688855078	41745990.57291	752134.7364566667	5510698.898268446	104846.46878964137	55.503340757238306	0.33639	0.19545
exp4.d14.t7	0.233493397358944	14.0	7.0	0.2	0.766506602641056	34398857.04485001	640738.3890750001	2001801.509018815	41457.427701573	53.68627450980392	0.37842	0.19679000000000002
exp4.d14.t8	0.368377483443709	14.0	8.0	0.2	0.631622516556291	26874717.791877776	851525.9636944445	6744825.657260235	135658.19950112628	31.560655737704913	0.36851	0.19333
exp4.d14.t1	0.129347969845259	14.0	1.0	0.2	0.870652030154741	25025370.91203778	1087998.911645	1125305.7874664005	116855.3888788431	23.001283038234536	0.37843000000000004	0.19735
exp4.d15.t3	0.291143844335334	15.0	3.0	0.2	0.708856155664666	13867309.710394448	723099.0970388887	701625.4974894612	24178.462837423373	19.177606177606187	0.35573	0.19835
exp4.d15.t4	0.309184255561894	15.0	4.0	0.2	0.690815744438106	15455894.213155558	477412.91735	239452.246247386	29014.155404908037	32.37426900584796	0.30746	0.19735
exp4.d15.t5	0.119334355156558	15.0	5.0	0.2	0.880665644843442	24987401.22972223	924115.0622388887	3233639.5879589417	47626.048470358866	27.039274924471314	0.38832	0.20007
exp4.d15.t6	0.17335674862017098	15.0	6.0	0.2	0.826643251379829	29468382.12063889	611423.5608166667	3783468.238464812	79898.75388122686	48.19634703196347	0.34331999999999996	0.19818
exp4.d15.t7	0.146172729301495	15.0	7.0	0.2	0.8538272706985051	22698052.73716666	792896.307177778	1571146.20774429	12794.039950327831	28.62676056338027	0.37156	0.19679000000000002
exp4.d15.t8	0.28690807799442897	15.0	8.0	0.2	0.713091922005571	18314787.940444443	901779.9549944445	1226293.8795199685	118548.46050009767	20.30959752321981	0.36715	0.19445
exp4.d15.t2	0.204411764705882	15.0	2.0	0.2	0.795588235294118	18233823.176683333	952033.9462944444	1121307.332834298	151997.74845681054	19.1524926686217	0.36246999999999996	0.19030999999999998
exp4.d15.t1	0.248129997420686	15.0	1.0	0.2	0.751870002579314	22019623.854616668	977160.9419444443	2473545.3774094125	143205.09811643462	22.53428571428572	0.37363	0.19485
exp4.d16.t1	0.29294274300932105	16.0	1.0	0.2	0.707057256990679	17574937.512972225	887820.5129666667	1760889.4120985712	58629.65651666669	19.79559748427673	0.38328	0.20193
exp4.d16.t2	0.209695603156708	16.0	2.0	0.5	0.790304396843292	23697548.786355555	1066501.370922222	7334220.167061172	166322.51935426277	22.219895287958117	0.37463	0.19324000000000002
exp4.d16.t8	0.17799579537491195	16.0	8.0	0.2	0.822004204625088	19758194.246116668	709139.6550111109	1350431.5444673195	73177.30711808753	27.86220472440946	0.38234	0.19829000000000002
exp4.d16.t6	0.131967213114754	16.0	6.0	0.2	0.868032786885246	34125251.98110556	734266.6506611112	1895128.8318532184	42156.5904473931	46.475285171102655	0.33953	0.19522
exp4.d16.t7	0.167491749174917	16.0	7.0	0.2	0.832508250825083	34485405.58542222	921323.1738333331	22830518.367368527	112683.05096918534	37.43030303030304	0.37532	0.19655999999999998
exp4.d16.t4	0.272727272727273	16.0	4.0	0.5	0.7272727272727271	22167593.94011111	575129.0115444444	2254070.832998733	34870.67500889235	38.54368932038835	0.30864	0.19804000000000002
exp4.d16.t3	0.247226624405705	16.0	3.0	0.5	0.752773375594295	22508204.325588886	619799.2260333332	7656257.529731857	82490.73571439972	36.31531531531532	0.35738000000000003	0.19927
exp4.d16.t5	0.203240058910162	16.0	5.0	0.2	0.796759941089838	18557682.23172777	795688.1955833335	826493.2832166904	38382.11985098372	23.322807017543848	0.39614	0.20099
exp4.d17.t7	0.171468728039353	17.0	7.0	0.2	0.828531271960647	15065029.836377775	806855.7492055557	992095.0995044656	81348.94036092388	18.671280276816603	0.3805	0.19817
exp4.d17.t1	0.24632952691680304	17.0	1.0	0.2	0.7536704730831969	21385865.18655556	977160.9419444443	5367385.673178791	87176.68752223064	21.885714285714293	0.375	0.19735
exp4.d17.t3	0.271468531468531	17.0	3.0	0.5	0.728531468531469	19049054.591105554	1580208.8375444447	351811.1742967396	118548.46050009767	12.054770318021198	0.6408699999999999	0.34019
exp4.d17.t4	0.35863766926549	17.0	4.0	0.5	0.64136233073451	25154914.53405556	1432238.75205	7299897.177448709	38382.11985098358	17.563352826510723	0.5715399999999999	0.33121999999999996
exp4.d17.t8	0.1142578125	17.0	8.0	0.2	0.8857421875	21263022.09671111	463453.4753222223	2581340.52358403	37767.966307981515	45.87951807228915	0.37815	0.19875
exp4.d17.t5	0.147599915415521	17.0	5.0	0.2	0.852400084584479	30451126.83939445	767769.3115277778	17599507.58361943	67699.69594478577	39.66181818181819	0.38656999999999997	0.1964
exp4.d17.t6	0.0960102410923832	17.0	6.0	0.2	0.9039897589076168	25487149.25431666	778936.8651500002	767642.3970196756	94388.95334388108	32.720430107526866	0.34874	0.19956
exp4.d17.t2	0.23530706581554	17.0	2.0	0.5	0.7646929341844599	34965610.39117778	1619295.2752222219	5660365.605103632	220063.8628206964	21.59310344827587	0.6552399999999999	0.32732
exp4.d18.t8	0.21921921921921894	18.0	8.0	0.2	0.7807807807807811	13283805.033633333	573733.0673416667	2329348.64248468	85552.13484222311	23.153284671532845	0.37399	0.19829000000000002
exp4.d18.t7	0.188427299703264	18.0	7.0	0.2	0.811572700296736	13346622.522758333	942262.336875	2298663.641390696	37143.65940273471	14.164444444444444	0.37877	0.19885999999999998
exp4.d18.t3	0.39619284824764295	18.0	3.0	0.5	0.6038071517523571	20095314.771087494	2175579.0400291667	900487.8890191398	82738.40307418058	9.236766121270449	0.9917799999999999	0.4946
exp4.d18.t2	0.482203389830508	18.0	2.0	0.5	0.517796610169492	25062084.24457084	3113653.544295833	1302774.9770295941	276470.9695833764	8.049092131809015	1.00319	0.48047
exp4.d18.t4	0.5640609795653589	18.0	4.0	0.5	0.43593902043464106	25032769.4163125	2150452.044379167	1119760.451231178	244895.72374152308	11.640701071080818	0.9260200000000001	0.48488000000000003
exp4.d18.t1	0.248780487804878	18.0	1.0	0.2	0.751219512195122	11686146.893554168	1097212.1433833337	998295.3228462702	108129.37299186262	10.650763358778624	0.37911999999999996	0.1944
exp4.d18.t6	0.13843111404087	18.0	6.0	0.2	0.86156888595913	17467449.809358332	613517.4771208332	1752850.177034912	83020.54678499798	28.470989761092152	0.3411	0.19522
exp4.d18.t5	0.103658536585366	18.0	5.0	0.2	0.896341463414634	17693592.770208333	827096.9401458333	1231013.8523027778	72816.9242085152	21.39240506329114	0.38868	0.19549
exp4.d21.t3	0.6503576072821851	21.0	3.0	0.5	0.34964239271781494	13022065.4956125	1578812.8933416668	368806.7675973229	205331.9567452413	8.248010610079575	0.9917799999999999	0.49778
exp4.d21.t2	0.649445417396381	21.0	2.0	0.5	0.35055458260361905	14931717.1650125	2745124.2747625	1327807.1271221638	375280.5882039117	5.439359267734553	1.02104	0.48135
exp4.d21.t1	0.568380213385063	21.0	1.0	0.2	0.43161978661493705	4273683.176804166	1258443.6988041666	514694.6796272706	168122.92066070338	3.396006655574043	0.38959	0.1978
exp4.d21.t8	0.35526315789473706	21.0	8.0	0.2	0.6447368421052629	7571601.355866668	848036.1031875	683836.0068754179	58977.610055214805	8.928395061728397	0.38199	0.20034000000000002
exp4.d21.t7	0.538677918424754	21.0	7.0	0.2	0.461322081575246	5785490.7484125	1254255.866195833	834752.4565954239	117930.43699846115	4.6126878130217035	0.39034	0.20139
exp4.d21.t6	0.33041958041958003	21.0	6.0	0.2	0.66958041958042	6334096.820104168	873163.0988375002	321591.7345192681	83020.54678499814	7.254196642685851	0.35489	0.19704000000000002
exp4.d21.t5	0.463768115942029	21.0	5.0	0.2	0.536231884057971	5433712.8093125	1042770.319475	264718.284357553	92385.77678213076	5.210843373493976	0.40447	0.19846
exp4.d21.t4	0.834284084426697	21.0	4.0	0.5	0.165715915573303	13388500.848841667	309899.6130166667	1002528.9908931344	90983.01271643092	43.202702702702695	0.94096	0.49976000000000004
exp4.d22.t7	0.413513513513514	22.0	7.0	0.2	0.586486486486486	7633022.900788887	1080460.81295	71234.19969205865	184834.82066201192	7.064599483204133	0.38574	0.19863
exp4.d22.t8	0.308845577211394	22.0	8.0	0.2	0.691154422788606	6630734.963194445	820815.1912333333	293785.735431919	58629.65651666664	8.078231292517007	0.38024	0.19852
exp4.d22.t6	0.4547461368653421	22.0	6.0	0.2	0.545253863134658	4534026.770622223	753809.8695	315656.2912875221	79898.75388122696	6.014814814814815	0.35197	0.19773
exp4.d22.t1	0.642465753424658	22.0	1.0	0.2	0.35753424657534205	12945986.536561113	1208887.6796055557	948720.4883814616	155420.69377423695	10.709006928406467	0.38397	0.19644
exp4.d22.t2	0.6805396096440871	22.0	2.0	0.5	0.3194603903559129	16125947.43048889	2071581.1969222224	626907.9575660679	290181.8486890988	7.784366576819407	1.0318100000000001	0.48798
exp4.d22.t3	0.699899924943708	22.0	3.0	0.5	0.300100075056292	14456398.163966667	1571833.172327778	2191305.171724416	189951.02680151735	9.19715808170515	0.99321	0.5009899999999999
exp4.d22.t4	0.8802777777777779	22.0	4.0	0.5	0.11972222222222206	12892940.656855555	388072.4883722223	766468.7127739502	37767.96630798146	33.22302158273381	0.92358	0.4961
exp4.d22.t5	0.464991023339318	22.0	5.0	0.2	0.535008976660682	6814999.59796111	812439.5260166667	165476.80614836168	44319.85445606789	8.388316151202748	0.39938	0.19594
exp4.d23.t8	0.44707520891364905	23.0	8.0	0.2	0.552924791086351	5178952.992305555	695180.2129833334	1717406.2740706748	126746.8138895992	7.449799196787148	0.37676	0.19648
exp4.d23.t5	0.29800899165061	23.0	5.0	0.2	0.70199100834939	9227191.180361113	974369.053538889	378885.0760926904	75070.1361950384	9.469914040114613	0.40814	0.20099
exp4.d23.t4	0.7736631837738169	23.0	4.0	0.5	0.22633681622618307	13191672.71625	536042.5738666665	597496.7334174551	43521.2331073621	24.609375000000007	0.91874	0.49565
exp4.d23.t3	0.5209100033456	23.0	3.0	0.5	0.4790899966544	11600296.325083336	699368.0455916666	402729.2976724224	5922.4896716532785	16.586826347305394	0.97772	0.49641
exp4.d23.t2	0.719292117825125	23.0	2.0	0.5	0.28070788217487497	15425183.440694446	2197216.1751722223	616868.3592042944	97795.82990268902	7.0203303684879295	1.00319	0.47785
exp4.d23.t1	0.415860735009671	23.0	1.0	0.2	0.584139264990329	4707123.851766667	949242.0578888892	404380.72505045956	127940.39950327908	4.958823529411764	0.39314	0.1978
exp4.d23.t7	0.445167286245353	23.0	7.0	0.2	0.5548327137546469	5904843.97775	1013455.4912166664	254735.91273130965	94388.95334388096	5.826446280991736	0.3861	0.19702
exp4.d23.t6	0.228230337078652	23.0	6.0	0.2	0.771769662921348	9565009.677433332	798480.0839888888	869134.1875129811	48356.92567484687	11.97902097902098	0.35131999999999997	0.19773
exp4.d24.t2	0.6941119378841801	24.0	2.0	0.5	0.30588806211581987							
exp4.d24.t1	0.147058823529412	24.0	1.0	0.2	0.852941176470588							
exp4.d24.t3	0.734289127837515	24.0	3.0	0.5	0.265710872162485							
exp4.d24.t8	0.214285714285714	24.0	8.0	0.2	0.785714285714286							
exp4.d24.t7	0.386831275720165	24.0	7.0	0.2	0.6131687242798349							
exp4.d24.t6	0.2434210526315789	24.0	6.0	0.2	0.7565789473684211							
exp4.d24.t5	0.258979206049149	24.0	5.0	0.2	0.7410207939508511							
exp4.d24.t4	0.756686390532544	24.0	4.0	0.5	0.24331360946745595							
exp4.d27.t6	0.34095238095238106	27.0	6.0	0.2	0.6590476190476189							
exp4.d27.t7	0.15781409601634305	27.0	7.0	0.2	0.842185903983657							
exp4.d27.t8	0.333834586466165	27.0	8.0	0.2	0.6661654135338351							
exp4.d27.t1	0.474327628361858	27.0	1.0	0.2	0.525672371638142							
exp4.d27.t2	0.72839148689735	27.0	2.0	0.5	0.27160851310265							
exp4.d27.t3	0.811614577700876	27.0	3.0	0.5	0.18838542229912403							
exp4.d27.t4	0.7679098187947742	27.0	4.0	0.5	0.23209018120522584							
exp4.d27.t5	0.4118852459016389	27.0	5.0	0.2	0.5881147540983611							
exp4.d28.t1	0.51036116044997	28.0	1.0	0.2	0.48963883955002996							
exp4.d28.t2	0.689642324888227	28.0	2.0	0.5	0.31035767511177303							
exp4.d28.t6	0.347107438016529	28.0	6.0	0.2	0.652892561983471							
exp4.d28.t7	0.458188153310105	28.0	7.0	0.2	0.541811846689895							
exp4.d28.t5	0.385026737967914	28.0	5.0	0.2	0.614973262032086							
exp4.d28.t8	0.292620865139949	28.0	8.0	0.2	0.707379134860051							
exp4.d28.t3	0.7391721491228069	28.0	3.0	0.5	0.26082785087719307							
exp4.d28.t4	0.6938930140930439	28.0	4.0	0.5	0.30610698590695606							
exp4.d29.t2	0.5963836959852901	29.0	2.0	0.5	0.40361630401470994							
exp4.d29.t8	0.155844155844156	29.0	8.0	0.2	0.844155844155844							
exp4.d29.t6	0.23469387755102	29.0	6.0	0.2	0.76530612244898							
exp4.d29.t5	0.205797101449275	29.0	5.0	0.2	0.794202898550725							
exp4.d29.t1	0.202020202020202	29.0	1.0	0.2	0.797979797979798							
exp4.d29.t4	0.613887086307592	29.0	4.0	0.5	0.38611291369240797							
exp4.d29.t3	0.7689612530915091	29.0	3.0	0.5	0.2310387469084909							
exp4.d29.t7	0.19809069212410504	29.0	7.0	0.2	0.801909307875895							
exp4.d30.t8	0.0551181102362205	30.0	8.0	0.2	0.9448818897637795							
exp4.d30.t7	0.1375	30.0	7.0	0.2	0.8625							
exp4.d30.t1	0.199115044247788	30.0	1.0	0.2	0.800884955752212							
exp4.d30.t3	0.619758351101635	30.0	3.0	0.5	0.380241648898365							
exp4.d30.t2	0.644073687869308	30.0	2.0	0.5	0.35592631213069204							
exp4.d30.t5	0.13617021276595698	30.0	5.0	0.2	0.863829787234043							
exp4.d30.t6	0.0934579439252336	30.0	6.0	0.2	0.9065420560747663							
exp4.d30.t4	0.515942028985507	30.0	4.0	0.5	0.484057971014493							
exp4.d31.t6	0.144578313253012	31.0	6.0	0.2	0.855421686746988							
exp4.d31.t5	0.0278128950695322	31.0	5.0	0.2	0.9721871049304678							
exp4.d31.t4	0.574545454545455	31.0	4.0	0.5	0.425454545454545							
exp4.d31.t3	0.543255813953488	31.0	3.0	0.5	0.456744186046512							
exp4.d31.t2	0.5538190622936391	31.0	2.0	0.5	0.4461809377063609							
exp4.d31.t1	0.253164556962025	31.0	1.0	0.2	0.746835443037975							
exp4.d31.t7	0.265060240963855	31.0	7.0	0.2	0.7349397590361451							
exp4.d31.t8	0.154639175257732	31.0	8.0	0.2	0.845360824742268							
exp4.d32.t7	0.454545454545455	32.0	7.0	0.2	0.545454545454545							
exp4.d32.t6	0.27106227106227104	32.0	6.0	0.2	0.728937728937729							
exp4.d32.t5	0.421810699588477	32.0	5.0	0.2	0.578189300411523							
exp4.d32.t4	0.7647158897584209	32.0	4.0	0.5	0.23528411024157914							
exp4.d32.t3	0.777380648455451	32.0	3.0	0.5	0.22261935154454904							
exp4.d32.t2	0.742075408742075	32.0	2.0	0.5	0.257924591257925							
exp4.d32.t1	0.522255192878338	32.0	1.0	0.2	0.477744807121662							
exp4.d32.t8	0.2779456193353469	32.0	8.0	0.2	0.7220543806646531							
exp4.d36.t1	0.281984334203655	36.0	1.0	0.2	0.718015665796345	8268875.485154168	489976.415175	1382134.9223471323	69236.58089826106	16.87606837606838	0.38432	0.1953
exp4.d36.t2	0.611745513866232	36.0	2.0	0.5	0.388254486133768	10863237.786016664	1941060.4139625	765170.9967319319	84693.67307991048	5.596548004314993	0.9459299999999999	0.44351999999999997
exp4.d36.t3	0.589079453972699	36.0	3.0	0.5	0.410920546027301	11510257.924004167	1987126.572654167	664247.9881001576	248403.55428177587	5.792413066385668	0.92442	0.4606
exp4.d36.t4	0.5247747747747751	36.0	4.0	0.5	0.4752252252252249	7339176.646104166	1658381.7129000004	656457.5109997045	239061.3035438019	4.425505050505049	0.8818600000000001	0.46158999999999994
exp4.d36.t6	0.204081632653061	36.0	6.0	0.2	0.795918367346939	3166001.4519	244988.2075875	314803.2147380745	55715.489104102264	12.923076923076925	0.3411	0.19272
exp4.d36.t7	0.384955752212389	36.0	7.0	0.2	0.615044247787611	3031990.808433333	414595.428225	300436.2515807553	90338.1923104624	7.313131313131312	0.37463	0.19269
exp4.d36.t8	0.163265306122449	36.0	8.0	0.2	0.8367346938775511	2770251.2704125	190546.38367916667	271090.0639526677	20939.16304166667	14.538461538461538	0.35577	0.18775
exp4.d36.t5	0.266666666666667	36.0	5.0	0.2	0.733333333333333	3239288.5225458336	324557.02714583336	387542.370490718	47564.6351005574	9.980645161290322	0.38272	0.19367
