,well,content,t(h),A750c,F680c
0,A1,ICL_162,0,0.003238097,22.16666667
1,A10,ICL_118B,0,0.004588095,23.66666667
2,A11,ICL_100,0,0.000171429,22.33333333
3,A12,ICL_108,0,0.005521428,23.83333333
4,A2,ICL_202A,0,0.003654762,24.33333333
5,A3,ICL_202B,0,0.002471429,24.5
6,A4,ICL_202C,0,0.003038096,23.33333333
7,A5,ICL_131,0,0.003571428,22.33333333
8,A6,ICL_116,0,0.005138095,23.5
9,A7,ICL_112,0,0.003521427,22
10,A8,ICL_163,0,0.000738097,25
11,A9,ICL_24,0,-0.000595238,22.66666667
12,B1,ICL_115,0,0.003088095,21
13,B10,ICL_20BA,0,0.004504762,22.83333333
14,B11,ICL_20BB,0,0.004754763,27.33333333
15,B12,ICL_60,0,0.000488095,24.66666667
16,B2,ICL_199,0,0.004588096,26.33333333
17,B3,ICL_101,0,-0.000295238,23.33333333
18,B4,ICL_139A,0,-0.000295237,26
19,B5,ICL_103,0,0.006538098,24
20,B6,ICL_160,0,-0.00022857,24
21,B7,ICL_129A,0,0.003204762,28
22,B8,ICL_129B,0,-0.000145238,25.5
23,B9,ICL_133,0,0.004204761,26.16666667
24,C1,ICL_144,0,0.001371429,23.83333333
25,C10,ICL_184BA,0,0.001854761,24.83333333
26,C11,ICL_184BB,0,0.00587143,26.5
27,C12,ICL_193,0,0.004088095,23.5
28,C2,ICL_41,0,0.00662143,24
29,C3,ICL_114B,0,0.003904762,23.66666667
30,C4,ICL_208B,0,0.005671429,24.16666667
31,C5,ICL_117,0,0.001871429,25
32,C6,ICL_132,0,0.003821429,23.83333333
33,C7,ICL_48,0,0.006288097,25.66666667
34,C8,ICL_201,0,0.000504762,26.66666667
35,C9,ICL_172,0,0.004188095,25.33333333
36,D1,ICL_186A,0,0.003388095,23.16666667
37,D10,Chlamy,0,-0.000645238,27.5
38,D11,Chlamy,0,0.003054761,25.33333333
39,D12,Chlamy,0,0.00380476,24.66666667
40,D2,ICL_186B,0,0.005154762,25.33333333
41,D3,ICL_170,0,0.00537143,23.83333333
42,D4,ICL_179A,0,0.003888095,28.83333333
43,D5,ICL_179B,0,0.002804763,26.83333333
44,D6,Chlamy,0,0.002154762,27.83333333
45,D7,Chlamy,0,0.001371428,25
46,D8,Chlamy,0,-4.52E-05,26.66666667
47,D9,Chlamy,0,0.001238096,27.5
48,E1,ICL_162,0,0.00382143,24.16666667
49,E10,ICL_118B,0,-0.000661904,25.33333333
50,E11,ICL_100,0,0.005171428,26
51,E12,ICL_108,0,0.00527143,24.66666667
52,E2,ICL_202A,0,0.003188096,23.83333333
53,E3,ICL_202B,0,0.001704763,24.16666667
54,E4,ICL_202C,0,0.004521429,22.33333333
55,E5,ICL_131,0,0.004371427,25.5
56,E6,ICL_116,0,0.001671428,24
57,E7,ICL_112,0,0.00632143,25.33333333
58,E8,ICL_163,0,0.002771427,26.5
59,E9,ICL_24,0,0.003504762,24.66666667
60,F1,ICL_115,0,0.000538096,24.66666667
61,F10,ICL_20BA,0,0.00367143,24.33333333
62,F11,ICL_20BB,0,0.002938097,25.16666667
63,F12,ICL_60,0,0.005204761,23.5
64,F2,ICL_199,0,0.000704763,22.66666667
65,F3,ICL_101,0,0.005338095,25
66,F4,ICL_139A,0,0.002904764,24.33333333
67,F5,ICL_103,0,0.001788096,23.66666667
68,F6,ICL_160,0,0.001988098,23.5
69,F7,ICL_129A,0,0.005904764,25
70,F8,ICL_129B,0,0.001154762,25.33333333
71,F9,ICL_133,0,0.002821429,26.66666667
72,G1,ICL_144,0,0.003221428,26
73,G10,ICL_184BA,0,0.007538095,24.83333333
74,G11,ICL_184BB,0,0.005988095,23.83333333
75,G12,ICL_193,0,0.001838095,24.66666667
76,G2,ICL_41,0,0.006654764,24.5
77,G3,ICL_114B,0,0.001188094,23.66666667
78,G4,ICL_208B,0,0.001954764,22.66666667
79,G5,ICL_117,0,0.005738096,23.66666667
80,G6,ICL_132,0,0.005054763,23.33333333
81,G7,ICL_48,0,0.006588095,23.33333333
82,G8,ICL_201,0,0.00802143,26.16666667
83,G9,ICL_172,0,0.00412143,23.83333333
84,H1,ICL_186A,0,0.001804764,26.16666667
85,H10,Chlamy,0,0.003988096,22.33333333
86,H11,Chlamy,0,0.006238095,24.5
87,H12,Chlamy,0,0.004854763,22.83333333
88,H2,ICL_186B,0,0.003821429,22.5
89,H3,ICL_170,0,0.001438096,21.83333333
90,H4,ICL_179A,0,0.00997143,23.33333333
91,H5,ICL_179B,0,0.006388095,20.66666667
92,H6,Chlamy,0,-0.000428571,24.33333333
93,H7,Chlamy,0,0.002938097,23
94,H8,Chlamy,0,0.003888095,23
95,H9,Chlamy,0,-0.000645238,22.5
96,A1,ICL_162,21,0.202296427,437.3333333
97,A10,ICL_118B,21,0.03122976,417
98,A11,ICL_100,21,0.017413096,260.1666667
99,A12,ICL_108,21,0.018346429,267.8333333
100,A2,ICL_202A,21,0.177629765,664
101,A3,ICL_202B,21,0.179163095,626.5
102,A4,ICL_202C,21,0.176763099,543
103,A5,ICL_131,21,0.114913095,567.6666667
104,A6,ICL_116,21,0.255129761,395.1666667
105,A7,ICL_112,21,0.170529759,514
106,A8,ICL_163,21,0.027779765,286.5
107,A9,ICL_24,21,0.031529763,306.1666667
108,B1,ICL_115,21,0.025213094,416.1666667
109,B10,ICL_20BA,21,0.04897976,439.3333333
110,B11,ICL_20BB,21,0.051979759,489.5
111,B12,ICL_60,21,0.021529761,305.3333333
112,B2,ICL_199,21,0.031529761,364.8333333
113,B3,ICL_101,21,0.05042976,510.8333333
114,B4,ICL_139A,21,0.054396428,475.6666667
115,B5,ICL_103,21,0.032713093,390.8333333
116,B6,ICL_160,21,0.032263094,348
117,B7,ICL_129A,21,0.196413096,639.5
118,B8,ICL_129B,21,0.056263095,276.3333333
119,B9,ICL_133,21,0.058596428,496.6666667
120,C1,ICL_144,21,0.035013097,453.8333333
121,C10,ICL_184BA,21,0.180529759,606.1666667
122,C11,ICL_184BB,21,0.185079764,735.6666667
123,C12,ICL_193,21,0.065346423,507.1666667
124,C2,ICL_41,21,0.082213095,507.6666667
125,C3,ICL_114B,21,0.088679764,445.5
126,C4,ICL_208B,21,0.069229762,594.3333333
127,C5,ICL_117,21,0.054763097,334
128,C6,ICL_132,21,0.039379759,361.8333333
129,C7,ICL_48,21,0.192913096,641.1666667
130,C8,ICL_201,21,0.183279759,633
131,C9,ICL_172,21,0.183596428,827.1666667
132,D1,ICL_186A,21,0.229663095,390.8333333
133,D10,Chlamy,21,0.034029762,354.1666667
134,D11,Chlamy,21,0.030029761,301.5
135,D12,Chlamy,21,0.02594643,242.8333333
136,D2,ICL_186B,21,0.059846427,548
137,D3,ICL_170,21,0.236629765,407.5
138,D4,ICL_179A,21,0.234746427,372.3333333
139,D5,ICL_179B,21,0.07289643,395.1666667
140,D6,Chlamy,21,0.059429763,399.5
141,D7,Chlamy,21,0.074913098,428.3333333
142,D8,Chlamy,21,0.046013098,409
143,D9,Chlamy,21,0.059563095,332
144,E1,ICL_162,21,0.264796432,452.6666667
145,E10,ICL_118B,21,0.043446427,388.5
146,E11,ICL_100,21,0.029946433,273.6666667
147,E12,ICL_108,21,0.008029763,288
148,E2,ICL_202A,21,0.216596426,618.8333333
149,E3,ICL_202B,21,0.225596424,543.6666667
150,E4,ICL_202C,21,0.216713092,568.8333333
151,E5,ICL_131,21,0.153746427,603.5
152,E6,ICL_116,21,0.240079767,422.6666667
153,E7,ICL_112,21,0.197413093,540.5
154,E8,ICL_163,21,0.057496427,373
155,E9,ICL_24,21,0.057346425,397.8333333
156,F1,ICL_115,21,0.015613093,373.1666667
157,F10,ICL_20BA,21,0.041029761,512.3333333
158,F11,ICL_20BB,21,0.028163096,280.1666667
159,F12,ICL_60,21,0.015246427,277.3333333
160,F2,ICL_199,21,0.032346429,555.6666667
161,F3,ICL_101,21,0.055196425,508.1666667
162,F4,ICL_139A,21,0.072613094,552.6666667
163,F5,ICL_103,21,0.048329762,566.6666667
164,F6,ICL_160,21,0.044663093,308.6666667
165,F7,ICL_129A,21,0.197879758,561.1666667
166,F8,ICL_129B,21,0.033613097,444.6666667
167,F9,ICL_133,21,0.048946428,474.8333333
168,G1,ICL_144,21,0.020679763,477
169,G10,ICL_184BA,21,0.176396426,595.6666667
170,G11,ICL_184BB,21,0.168946431,722.3333333
171,G12,ICL_193,21,0.05307976,520.5
172,G2,ICL_41,21,0.070563091,588.6666667
173,G3,ICL_114B,21,0.075463095,653.3333333
174,G4,ICL_208B,21,0.045979762,438.5
175,G5,ICL_117,21,0.057279764,339.1666667
176,G6,ICL_132,21,0.047713095,318.6666667
177,G7,ICL_48,21,0.181863091,571.3333333
178,G8,ICL_201,21,0.162846427,651.1666667
179,G9,ICL_172,21,0.167463105,776.6666667
180,H1,ICL_186A,21,0.300779766,429
181,H10,Chlamy,21,0.012063096,323.3333333
182,H11,Chlamy,21,0.008813094,214.8333333
183,H12,Chlamy,21,0.007963096,219.8333333
184,H2,ICL_186B,21,0.017846428,366.5
185,H3,ICL_170,21,0.242896429,454.1666667
186,H4,ICL_179A,21,0.247613093,380.1666667
187,H5,ICL_179B,21,0.028146427,383.6666667
188,H6,Chlamy,21,0.011563094,413.1666667
189,H7,Chlamy,21,0.023696427,331
190,H8,Chlamy,21,0.021679764,327.1666667
191,H9,Chlamy,21,0.012063095,255.3333333
192,A1,ICL_162,42,0.320338093,3175.5
193,A10,ICL_118B,42,0.16182143,2570.666667
194,A11,ICL_100,42,0.051888096,1751.5
195,A12,ICL_108,42,0.03522143,970.6666667
196,A2,ICL_202A,42,0.275754762,3450.333333
197,A3,ICL_202B,42,0.276854761,3483.666667
198,A4,ICL_202C,42,0.271638098,3505.166667
199,A5,ICL_131,42,0.26685476,3556.333333
200,A6,ICL_116,42,0.283521431,3396.333333
201,A7,ICL_112,42,0.257188094,3465
202,A8,ICL_163,42,0.05805476,1952.5
203,A9,ICL_24,42,0.042638098,1553.5
204,B1,ICL_115,42,0.034188094,1498.833333
205,B10,ICL_20BA,42,0.029988095,1125.333333
206,B11,ICL_20BB,42,0.055604763,1843.5
207,B12,ICL_60,42,0.032471428,1227.5
208,B2,ICL_199,42,0.036638093,1562
209,B3,ICL_101,42,0.024121428,1068.666667
210,B4,ICL_139A,42,0.028121427,1163.833333
211,B5,ICL_103,42,0.028421432,1068.166667
212,B6,ICL_160,42,0.048821429,1834
213,B7,ICL_129A,42,0.263521425,3254.833333
214,B8,ICL_129B,42,0.029554759,1074.166667
215,B9,ICL_133,42,0.032854765,1229.833333
216,C1,ICL_144,42,0.030471429,1120.666667
217,C10,ICL_184BA,42,0.242354763,3557
218,C11,ICL_184BB,42,0.225788099,3419.166667
219,C12,ICL_193,42,0.313321429,3424.333333
220,C2,ICL_41,42,0.316221428,3507.666667
221,C3,ICL_114B,42,0.312771432,3522.5
222,C4,ICL_208B,42,0.042204762,1363.166667
223,C5,ICL_117,42,0.267338094,3235.166667
224,C6,ICL_132,42,0.059488093,1885.666667
225,C7,ICL_48,42,0.231621427,3573.833333
226,C8,ICL_201,42,0.231904762,3517.666667
227,C9,ICL_172,42,0.142321427,798.5
228,D1,ICL_186A,42,0.32982143,3343.666667
229,D10,Chlamy,42,0.023238097,917.5
230,D11,Chlamy,42,0.024804763,881.5
231,D12,Chlamy,42,0.02725476,914.5
232,D2,ICL_186B,42,0.042588097,1405.333333
233,D3,ICL_170,42,0.313238092,3359
234,D4,ICL_179A,42,0.325688091,3400.333333
235,D5,ICL_179B,42,0.032371424,1115.833333
236,D6,Chlamy,42,0.050821431,1415.833333
237,D7,Chlamy,42,0.030254761,1073
238,D8,Chlamy,42,0.028504764,1122.166667
239,D9,Chlamy,42,0.028371428,1016.5
240,E1,ICL_162,42,0.322471427,3113.833333
241,E10,ICL_118B,42,0.113254763,2288.5
242,E11,ICL_100,42,0.056988093,1680
243,E12,ICL_108,42,0.027421427,830.1666667
244,E2,ICL_202A,42,0.276154764,3367.666667
245,E3,ICL_202B,42,0.273938097,3468.833333
246,E4,ICL_202C,42,0.273704765,3479.833333
247,E5,ICL_131,42,0.26352143,3347.166667
248,E6,ICL_116,42,0.286471434,3355.166667
249,E7,ICL_112,42,0.267354769,3354.833333
250,E8,ICL_163,42,0.052988094,1886.833333
251,E9,ICL_24,42,0.05062143,1804.833333
252,F1,ICL_115,42,0.031971428,1235.333333
253,F10,ICL_20BA,42,0.040254762,1333.5
254,F11,ICL_20BB,42,0.052771427,1733.833333
255,F12,ICL_60,42,0.031838094,997.6666667
256,F2,ICL_199,42,0.036704764,1538.5
257,F3,ICL_101,42,0.032571425,1240
258,F4,ICL_139A,42,0.036504765,1229.666667
259,F5,ICL_103,42,0.030021428,1089
260,F6,ICL_160,42,0.044154763,1661.833333
261,F7,ICL_129A,42,0.252954763,3203.666667
262,F8,ICL_129B,42,0.02607143,1051.166667
263,F9,ICL_133,42,0.040871429,1396.833333
264,G1,ICL_144,42,0.02815476,1037.666667
265,G10,ICL_184BA,42,0.249738099,3542.666667
266,G11,ICL_184BB,42,0.237521427,3495.166667
267,G12,ICL_193,42,0.337104765,3363.666667
268,G2,ICL_41,42,0.312104764,3350.5
269,G3,ICL_114B,42,0.308754764,3423.166667
270,G4,ICL_208B,42,0.036021429,1300.666667
271,G5,ICL_117,42,0.062288093,2008.333333
272,G6,ICL_132,42,0.049521429,1686.666667
273,G7,ICL_48,42,0.243088094,3663
274,G8,ICL_201,42,0.239604764,3568
275,G9,ICL_172,42,0.150888098,920.5
276,H1,ICL_186A,42,0.305004763,3180.833333
277,H10,Chlamy,42,0.030554759,1140.333333
278,H11,Chlamy,42,0.032104759,1069.5
279,H12,Chlamy,42,0.079321429,1101.666667
280,H2,ICL_186B,42,0.061138093,1755
281,H3,ICL_170,42,0.300804761,3348.333333
282,H4,ICL_179A,42,0.324038096,3506.333333
283,H5,ICL_179B,42,0.034054763,1205.166667
284,H6,Chlamy,42,0.026804761,1052.666667
285,H7,Chlamy,42,0.026521429,999.1666667
286,H8,Chlamy,42,0.030171431,1120
287,H9,Chlamy,42,0.025438097,1093.5
288,A1,ICL_162,70,0.237641663,4368.166667
289,A10,ICL_118B,70,0.259641658,4445.166667
290,A11,ICL_100,70,0.152558333,5446.5
291,A12,ICL_108,70,0.196524993,5196.5
292,A2,ICL_202A,70,0.211741662,4339
293,A3,ICL_202B,70,0.217075001,4383.5
294,A4,ICL_202C,70,0.210974997,4356.166667
295,A5,ICL_131,70,0.196991668,4539.5
296,A6,ICL_116,70,0.202924998,4424.166667
297,A7,ICL_112,70,0.200691671,4243.833333
298,A8,ICL_163,70,0.18980833,5428.333333
299,A9,ICL_24,70,0.181091667,5353.666667
300,B1,ICL_115,70,0.188191658,5472
301,B10,ICL_20BA,70,0.223341665,5209.5
302,B11,ICL_20BB,70,0.194391664,5325.5
303,B12,ICL_60,70,0.201241663,5353.666667
304,B2,ICL_199,70,0.186974998,5296.666667
305,B3,ICL_101,70,0.195091671,5094.833333
306,B4,ICL_139A,70,0.190091665,5089.166667
307,B5,ICL_103,70,0.204408334,5091.5
308,B6,ICL_160,70,0.178458334,5057.833333
309,B7,ICL_129A,70,0.225508323,4486.833333
310,B8,ICL_129B,70,0.211974999,4970.5
311,B9,ICL_133,70,0.213208329,5127.833333
312,C1,ICL_144,70,0.187075,5019.166667
313,C10,ICL_184BA,70,0.187075,4296
314,C11,ICL_184BB,70,0.186191669,3912.166667
315,C12,ICL_193,70,0.24789166,4491.833333
316,C2,ICL_41,70,0.275258338,4753
317,C3,ICL_114B,70,0.275624996,4943
318,C4,ICL_208B,70,0.188991667,5004.666667
319,C5,ICL_117,70,0.281324998,4650.833333
320,C6,ICL_132,70,0.164791664,4518.5
321,C7,ICL_48,70,0.192891663,4450.333333
322,C8,ICL_201,70,0.200241661,4504
323,C9,ICL_172,70,0.170191666,4030.166667
324,D1,ICL_186A,70,0.246291668,4814.333333
325,D10,Chlamy,70,0.216908332,5046.333333
326,D11,Chlamy,70,0.218341664,5024.5
327,D12,Chlamy,70,0.211075004,5203.833333
328,D2,ICL_186B,70,0.195524996,5052
329,D3,ICL_170,70,0.246125004,4753.333333
330,D4,ICL_179A,70,0.244291664,5109.666667
331,D5,ICL_179B,70,0.212608338,4828.666667
332,D6,Chlamy,70,0.186541667,4595
333,D7,Chlamy,70,0.214958331,4971
334,D8,Chlamy,70,0.204158332,4948.5
335,D9,Chlamy,70,0.212774998,4952.166667
336,E1,ICL_162,70,0.238591662,4090.333333
337,E10,ICL_118B,70,0.260058334,4497.666667
338,E11,ICL_100,70,0.194691664,5316.166667
339,E12,ICL_108,70,0.219325002,4959
340,E2,ICL_202A,70,0.226291662,4397.166667
341,E3,ICL_202B,70,0.231991664,4430.5
342,E4,ICL_202C,70,0.227458334,4394.833333
343,E5,ICL_131,70,0.19860833,4537.833333
344,E6,ICL_116,70,0.209825,4378.666667
345,E7,ICL_112,70,0.223108332,4291
346,E8,ICL_163,70,0.193574996,5048.333333
347,E9,ICL_24,70,0.206858333,5312.166667
348,F1,ICL_115,70,0.18844166,5228.166667
349,F10,ICL_20BA,70,0.215608329,5112.833333
350,F11,ICL_20BB,70,0.204075,5246
351,F12,ICL_60,70,0.21089167,5343.833333
352,F2,ICL_199,70,0.17509167,5275.333333
353,F3,ICL_101,70,0.192541665,5022
354,F4,ICL_139A,70,0.193108331,4934.166667
355,F5,ICL_103,70,0.204691664,5038.333333
356,F6,ICL_160,70,0.177924997,4876.333333
357,F7,ICL_129A,70,0.214891668,4279
358,F8,ICL_129B,70,0.195091666,4793.666667
359,F9,ICL_133,70,0.215341663,5083.166667
360,G1,ICL_144,70,0.212274994,5070.333333
361,G10,ICL_184BA,70,0.201558333,4296.833333
362,G11,ICL_184BB,70,0.197224995,3820.333333
363,G12,ICL_193,70,0.251308333,4588.833333
364,G2,ICL_41,70,0.279558332,4815.333333
365,G3,ICL_114B,70,0.280191666,4801
366,G4,ICL_208B,70,0.200641668,5024.833333
367,G5,ICL_117,70,0.208991663,5085.833333
368,G6,ICL_132,70,0.198574996,5018
369,G7,ICL_48,70,0.203258332,4587.333333
370,G8,ICL_201,70,0.215374997,4547.5
371,G9,ICL_172,70,0.172241664,4001.833333
372,H1,ICL_186A,70,0.232891665,4799.833333
373,H10,Chlamy,70,0.21210833,5251.166667
374,H11,Chlamy,70,0.207041667,5256
375,H12,Chlamy,70,0.239808337,5389.166667
376,H2,ICL_186B,70,0.218741671,5338.5
377,H3,ICL_170,70,0.232958333,4392.5
378,H4,ICL_179A,70,0.24335833,4890.5
379,H5,ICL_179B,70,0.217774998,4972.666667
380,H6,Chlamy,70,0.203741661,5206.166667
381,H7,Chlamy,70,0.199441662,5209.5
382,H8,Chlamy,70,0.201708338,5287.833333
383,H9,Chlamy,70,0.208891666,5193.666667
384,A1,ICL_162,93,0.207544045,5397.833333
385,A10,ICL_118B,93,0.236444047,6032.333333
386,A11,ICL_100,93,0.125560715,6618.333333
387,A12,ICL_108,93,0.157827381,6911.166667
388,A2,ICL_202A,93,0.190960717,5418.5
389,A3,ICL_202B,93,0.199910712,5464.333333
390,A4,ICL_202C,93,0.203344048,5694.666667
391,A5,ICL_131,93,0.171044053,5759.666667
392,A6,ICL_116,93,0.194244043,5975
393,A7,ICL_112,93,0.19964405,5240
394,A8,ICL_163,93,0.126660711,5378.5
395,A9,ICL_24,93,0.148094049,5675.166667
396,B1,ICL_115,93,0.158577376,6378
397,B10,ICL_20BA,93,0.192794051,7480.666667
398,B11,ICL_20BB,93,0.14679405,7223.833333
399,B12,ICL_60,93,0.160077377,7260.333333
400,B2,ICL_199,93,0.143227377,5721.666667
401,B3,ICL_101,93,0.169810714,6828.5
402,B4,ICL_139A,93,0.154927382,6763.5
403,B5,ICL_103,93,0.174377378,6946.666667
404,B6,ICL_160,93,0.154110711,6216.833333
405,B7,ICL_129A,93,0.208194044,6168.333333
406,B8,ICL_129B,93,0.182160717,6774.166667
407,B9,ICL_133,93,0.182410718,7351.5
408,C1,ICL_144,93,0.158127379,6618.333333
409,C10,ICL_184BA,93,0.161710721,4936.333333
410,C11,ICL_184BB,93,0.164477374,5013.666667
411,C12,ICL_193,93,0.243644045,7305.166667
412,C2,ICL_41,93,0.261110709,6600.166667
413,C3,ICL_114B,93,0.258077384,6724.333333
414,C4,ICL_208B,93,0.164744046,6606.833333
415,C5,ICL_117,93,0.24742738,6897.666667
416,C6,ICL_132,93,0.141227381,5600.333333
417,C7,ICL_48,93,0.16719405,5438.666667
418,C8,ICL_201,93,0.187944041,5705.833333
419,C9,ICL_172,93,0.149094042,5535.666667
420,D1,ICL_186A,93,0.226244049,6253
421,D10,Chlamy,93,0.17309404,6885.5
422,D11,Chlamy,93,0.17236071,6862
423,D12,Chlamy,93,0.165727373,6941
424,D2,ICL_186B,93,0.169194049,5967.166667
425,D3,ICL_170,93,0.224010712,6575.5
426,D4,ICL_179A,93,0.224494051,6804.833333
427,D5,ICL_179B,93,0.187110713,6583
428,D6,Chlamy,93,0.141577379,5582.5
429,D7,Chlamy,93,0.178160708,6738.5
430,D8,Chlamy,93,0.17296071,6737.5
431,D9,Chlamy,93,0.178610719,6864.666667
432,E1,ICL_162,93,0.220044043,5342.166667
433,E10,ICL_118B,93,0.237010714,6354.5
434,E11,ICL_100,93,0.162044045,6819.333333
435,E12,ICL_108,93,0.180077385,6741.5
436,E2,ICL_202A,93,0.208360713,5854.166667
437,E3,ICL_202B,93,0.217144049,5574.833333
438,E4,ICL_202C,93,0.217977381,5890.833333
439,E5,ICL_131,93,0.175260714,6272.166667
440,E6,ICL_116,93,0.199427382,6221.333333
441,E7,ICL_112,93,0.215110716,5581.833333
442,E8,ICL_163,93,0.142744046,5710.333333
443,E9,ICL_24,93,0.175027377,5474
444,F1,ICL_115,93,0.16164405,6420.166667
445,F10,ICL_20BA,93,0.174177385,7330.166667
446,F11,ICL_20BB,93,0.154110711,6991.166667
447,F12,ICL_60,93,0.155827375,6969.333333
448,F2,ICL_199,93,0.141394043,5966
449,F3,ICL_101,93,0.158044047,6615
450,F4,ICL_139A,93,0.158810716,6618.666667
451,F5,ICL_103,93,0.171910714,6736
452,F6,ICL_160,93,0.148094047,6436.333333
453,F7,ICL_129A,93,0.202860704,6092.333333
454,F8,ICL_129B,93,0.169044049,6630.333333
455,F9,ICL_133,93,0.184060719,7232.666667
456,G1,ICL_144,93,0.192860709,6876.833333
457,G10,ICL_184BA,93,0.179744046,5218
458,G11,ICL_184BB,93,0.17477738,5029.666667
459,G12,ICL_193,93,0.242560711,7223.333333
460,G2,ICL_41,93,0.263210715,6542.833333
461,G3,ICL_114B,93,0.262410717,6732.833333
462,G4,ICL_208B,93,0.162327383,6519.166667
463,G5,ICL_117,93,0.169677378,6177.666667
464,G6,ICL_132,93,0.154727383,6411.666667
465,G7,ICL_48,93,0.17766071,5830
466,G8,ICL_201,93,0.194527374,5634.833333
467,G9,ICL_172,93,0.154160714,5621.833333
468,H1,ICL_186A,93,0.227077386,6250
469,H10,Chlamy,93,0.169410717,6788.5
470,H11,Chlamy,93,0.165644041,6907.833333
471,H12,Chlamy,93,0.194594047,6937.166667
472,H2,ICL_186B,93,0.184244048,6211.166667
473,H3,ICL_170,93,0.231544044,6545.5
474,H4,ICL_179A,93,0.237594045,6712.833333
475,H5,ICL_179B,93,0.186810708,6649
476,H6,Chlamy,93,0.169627375,6859.166667
477,H7,Chlamy,93,0.153410714,6699.333333
478,H8,Chlamy,93,0.160977377,6919.5
479,H9,Chlamy,93,0.161294047,6698.5
480,A1,ICL_162,120,0.184624996,6879
481,A10,ICL_118B,120,0.247541662,10399
482,A11,ICL_100,120,0.154841663,9861.666667
483,A12,ICL_108,120,0.203508333,10780.33333
484,A2,ICL_202A,120,0.153174997,5846
485,A3,ICL_202B,120,0.16780834,6128
486,A4,ICL_202C,120,0.189475001,7046.666667
487,A5,ICL_131,120,0.144808333,6609.5
488,A6,ICL_116,120,0.200841661,8460.666667
489,A7,ICL_112,120,0.172858339,6402
490,A8,ICL_163,120,0.132758333,7905.666667
491,A9,ICL_24,120,0.116374998,6791
492,B1,ICL_115,120,0.137724997,8046.833333
493,B10,ICL_20BA,120,0.24624166,12261
494,B11,ICL_20BB,120,0.208091662,11907
495,B12,ICL_60,120,0.190058332,11233.16667
496,B2,ICL_199,120,0.130958332,8178.833333
497,B3,ICL_101,120,0.181941669,10935.16667
498,B4,ICL_139A,120,0.191741661,11088.83333
499,B5,ICL_103,120,0.223074994,11682.16667
500,B6,ICL_160,120,0.137108334,8738.5
501,B7,ICL_129A,120,0.177158332,7247.833333
502,B8,ICL_129B,120,0.227091666,11280.5
503,B9,ICL_133,120,0.222674997,11910
504,C1,ICL_144,120,0.179624996,10676.5
505,C10,ICL_184BA,120,0.139808335,6280.5
506,C11,ICL_184BB,120,0.153225001,6279.833333
507,C12,ICL_193,120,0.306024999,11633.5
508,C2,ICL_41,120,0.262258327,9957
509,C3,ICL_114B,120,0.261441669,10071.33333
510,C4,ICL_208B,120,0.224908333,11420
511,C5,ICL_117,120,0.274558337,11889.83333
512,C6,ICL_132,120,0.157441672,9134.166667
513,C7,ICL_48,120,0.154041664,7078.166667
514,C8,ICL_201,120,0.171125001,7277.5
515,C9,ICL_172,120,0.099624997,4356.333333
516,D1,ICL_186A,120,0.222875,8748.333333
517,D10,Chlamy,120,0.217541666,11603.5
518,D11,Chlamy,120,0.197241665,11097.83333
519,D12,Chlamy,120,0.180675001,10717
520,D2,ICL_186B,120,0.185008338,10039.66667
521,D3,ICL_170,120,0.222741665,8402.5
522,D4,ICL_179A,120,0.251224996,10053
523,D5,ICL_179B,120,0.247525003,11622.66667
524,D6,Chlamy,120,0.180508333,9773.166667
525,D7,Chlamy,120,0.212274995,11454.5
526,D8,Chlamy,120,0.208641669,11246.66667
527,D9,Chlamy,120,0.222674997,11618.33333
528,E1,ICL_162,120,0.220191669,7840.666667
529,E10,ICL_118B,120,0.294241673,11473
530,E11,ICL_100,120,0.205058327,11048.5
531,E12,ICL_108,120,0.228391668,11027.66667
532,E2,ICL_202A,120,0.168224996,6462.833333
533,E3,ICL_202B,120,0.187741668,6890.333333
534,E4,ICL_202C,120,0.206241663,7671.5
535,E5,ICL_131,120,0.158641667,8166
536,E6,ICL_116,120,0.217708335,8363.333333
537,E7,ICL_112,120,0.19800833,7497
538,E8,ICL_163,120,0.169291671,9363
539,E9,ICL_24,120,0.152191667,7632.166667
540,F1,ICL_115,120,0.176625,9679.666667
541,F10,ICL_20BA,120,0.275441668,12545.66667
542,F11,ICL_20BB,120,0.235775,12092.16667
543,F12,ICL_60,120,0.201691668,11428.5
544,F2,ICL_199,120,0.154458335,9006.666667
545,F3,ICL_101,120,0.210374992,11636.33333
546,F4,ICL_139A,120,0.226225,11574.16667
547,F5,ICL_103,120,0.237858331,12077.83333
548,F6,ICL_160,120,0.180724999,10661
549,F7,ICL_129A,120,0.175441664,7385.166667
550,F8,ICL_129B,120,0.227141664,11400.83333
551,F9,ICL_133,120,0.249058332,12261.5
552,G1,ICL_144,120,0.229175002,11421.83333
553,G10,ICL_184BA,120,0.152524999,6571.166667
554,G11,ICL_184BB,120,0.160275003,6218.333333
555,G12,ICL_193,120,0.280708329,10658.33333
556,G2,ICL_41,120,0.268758328,9700.666667
557,G3,ICL_114B,120,0.269375002,10003.5
558,G4,ICL_208B,120,0.208424996,11335.33333
559,G5,ICL_117,120,0.203524998,10575.66667
560,G6,ICL_132,120,0.190125,10864.33333
561,G7,ICL_48,120,0.169608331,7657.5
562,G8,ICL_201,120,0.185658332,7635.833333
563,G9,ICL_172,120,0.109725,4154.5
564,H1,ICL_186A,120,0.237641658,9516.833333
565,H10,Chlamy,120,0.214991665,11210.66667
566,H11,Chlamy,120,0.201625001,10832.33333
567,H12,Chlamy,120,0.226391664,10621
568,H2,ICL_186B,120,0.205975002,10317.83333
569,H3,ICL_170,120,0.223774995,8825.166667
570,H4,ICL_179A,120,0.249891665,9986.833333
571,H5,ICL_179B,120,0.235991663,11330.16667
572,H6,Chlamy,120,0.211875003,11453
573,H7,Chlamy,120,0.204724993,11186.16667
574,H8,Chlamy,120,0.201958335,11368.83333
575,H9,Chlamy,120,0.208425006,11059.33333
576,A1,ICL_162,142,0.156883336,6291
577,A10,ICL_118B,142,0.190283332,10206.16667
578,A11,ICL_100,142,0.120550001,9516.166667
579,A12,ICL_108,142,0.161783334,10846.33333
580,A2,ICL_202A,142,0.14113334,5300.333333
581,A3,ICL_202B,142,0.157616669,5840.833333
582,A4,ICL_202C,142,0.165300001,6683
583,A5,ICL_131,142,0.125116668,5905.5
584,A6,ICL_116,142,0.157566666,7016.333333
585,A7,ICL_112,142,0.157449999,5923.833333
586,A8,ICL_163,142,0.102616667,7595.333333
587,A9,ICL_24,142,0.132450001,7375.833333
588,B1,ICL_115,142,0.134566666,9119.333333
589,B10,ICL_20BA,142,0.237283338,14056.16667
590,B11,ICL_20BB,142,0.195733333,13044
591,B12,ICL_60,142,0.169633333,10001
592,B2,ICL_199,142,0.117583336,8556.666667
593,B3,ICL_101,142,0.173850004,12387.33333
594,B4,ICL_139A,142,0.180666664,12691.16667
595,B5,ICL_103,142,0.184183333,12963.16667
596,B6,ICL_160,142,0.138116664,9329.666667
597,B7,ICL_129A,142,0.16471667,6923.333333
598,B8,ICL_129B,142,0.193933332,11875.16667
599,B9,ICL_133,142,0.215933332,13326.66667
600,C1,ICL_144,142,0.165783337,11813.33333
601,C10,ICL_184BA,142,0.094266672,4981.833333
602,C11,ICL_184BB,142,0.123816668,5380.666667
603,C12,ICL_193,142,0.226616665,10041.66667
604,C2,ICL_41,142,0.252683331,10722
605,C3,ICL_114B,142,0.265966663,11136
606,C4,ICL_208B,142,0.197083331,12181
607,C5,ICL_117,142,0.233116666,11858.5
608,C6,ICL_132,142,0.159299998,10359.5
609,C7,ICL_48,142,0.12018333,6212.666667
610,C8,ICL_201,142,0.154350004,7505.833333
611,C9,ICL_172,142,0.103316666,5209.166667
612,D1,ICL_186A,142,0.215183332,9751.166667
613,D10,Chlamy,142,0.198033332,13142
614,D11,Chlamy,142,0.194283335,12526.5
615,D12,Chlamy,142,0.176633337,11832.5
616,D2,ICL_186B,142,0.195116663,11456.5
617,D3,ICL_170,142,0.213200002,9213.833333
618,D4,ICL_179A,142,0.241983333,10575.5
619,D5,ICL_179B,142,0.210350001,12624.33333
620,D6,Chlamy,142,0.1712,11342.5
621,D7,Chlamy,142,0.200900002,13188.5
622,D8,Chlamy,142,0.189699999,12748.33333
623,D9,Chlamy,142,0.199383337,13037.83333
624,E1,ICL_162,142,0.189033329,8226.166667
625,E10,ICL_118B,142,0.234150001,11507.83333
626,E11,ICL_100,142,0.183016667,11601
627,E12,ICL_108,142,0.192483335,11275
628,E2,ICL_202A,142,0.158266665,6018.333333
629,E3,ICL_202B,142,0.178016667,6616.333333
630,E4,ICL_202C,142,0.18975,7733.166667
631,E5,ICL_131,142,0.126150004,7155.833333
632,E6,ICL_116,142,0.173716668,8218.333333
633,E7,ICL_112,142,0.182233338,7438.666667
634,E8,ICL_163,142,0.128466672,9579.833333
635,E9,ICL_24,142,0.125283332,7827.333333
636,F1,ICL_115,142,0.158533334,10249.33333
637,F10,ICL_20BA,142,0.228500003,13390
638,F11,ICL_20BB,142,0.194883341,12777
639,F12,ICL_60,142,0.184716666,12018.5
640,F2,ICL_199,142,0.12816667,9544.5
641,F3,ICL_101,142,0.192483327,12849
642,F4,ICL_139A,142,0.201150004,13140.83333
643,F5,ICL_103,142,0.209349999,13617.83333
644,F6,ICL_160,142,0.170433332,11140.66667
645,F7,ICL_129A,142,0.163516665,7163.333333
646,F8,ICL_129B,142,0.185350005,11986.33333
647,F9,ICL_133,142,0.224233333,13672.16667
648,G1,ICL_144,142,0.207199995,12977.66667
649,G10,ICL_184BA,142,0.115766666,5497.833333
650,G11,ICL_184BB,142,0.136583332,5933.333333
651,G12,ICL_193,142,0.223616669,9203.333333
652,G2,ICL_41,142,0.266616666,10919.5
653,G3,ICL_114B,142,0.276083329,11401.66667
654,G4,ICL_208B,142,0.202433337,12796
655,G5,ICL_117,142,0.18556666,11282.33333
656,G6,ICL_132,142,0.187116664,11998.66667
657,G7,ICL_48,142,0.139066665,7016.833333
658,G8,ICL_201,142,0.163966665,7446
659,G9,ICL_172,142,0.116766668,5757.5
660,H1,ICL_186A,142,0.217833339,9846.666667
661,H10,Chlamy,142,0.184583335,12344
662,H11,Chlamy,142,0.175300006,11768
663,H12,Chlamy,142,0.190766669,10821.33333
664,H2,ICL_186B,142,0.187199994,11122.5
665,H3,ICL_170,142,0.180100008,8045.666667
666,H4,ICL_179A,142,0.205616667,8985.5
667,H5,ICL_179B,142,0.203366666,12344.66667
668,H6,Chlamy,142,0.185699998,12800
669,H7,Chlamy,142,0.193750003,12677.66667
670,H8,Chlamy,142,0.178133333,12481
671,H9,Chlamy,142,0.184166664,12289.33333
672,A1,ICL_162,167,0.136495239,5425.666667
673,A10,ICL_118B,167,0.166011906,9035.833333
674,A11,ICL_100,167,0.080795239,6709.333333
675,A12,ICL_108,167,0.13302857,9537.166667
676,A2,ICL_202A,167,0.148395234,5340
677,A3,ICL_202B,167,0.15169524,5894.333333
678,A4,ICL_202C,167,0.170561901,6530.666667
679,A5,ICL_131,167,0.124561907,5889.666667
680,A6,ICL_116,167,0.151161905,6214.333333
681,A7,ICL_112,167,0.151961904,6032.5
682,A8,ICL_163,167,0.113461905,9074.833333
683,A9,ICL_24,167,0.119945244,7449.666667
684,B1,ICL_115,167,0.145228571,9631.833333
685,B10,ICL_20BA,167,0.201411909,13140.66667
686,B11,ICL_20BB,167,0.19342857,12447.5
687,B12,ICL_60,167,0.093211905,7792.833333
688,B2,ICL_199,167,0.144378571,9833
689,B3,ICL_101,167,0.198545238,13047.83333
690,B4,ICL_139A,167,0.196195233,12890.33333
691,B5,ICL_103,167,0.194428569,13021.33333
692,B6,ICL_160,167,0.186611907,10249.16667
693,B7,ICL_129A,167,0.16057857,6671.666667
694,B8,ICL_129B,167,0.205895236,11761.66667
695,B9,ICL_133,167,0.207261906,13016.5
696,C1,ICL_144,167,0.163978573,11849.33333
697,C10,ICL_184BA,167,0.091661904,5644.833333
698,C11,ICL_184BB,167,0.10247857,5005.333333
699,C12,ICL_193,167,0.168428574,7900.166667
700,C2,ICL_41,167,0.250745238,9625.5
701,C3,ICL_114B,167,0.259295241,10048.66667
702,C4,ICL_208B,167,0.230378564,12255.33333
703,C5,ICL_117,167,0.215378576,10033.16667
704,C6,ICL_132,167,0.182445234,10453.5
705,C7,ICL_48,167,0.100995236,5358.666667
706,C8,ICL_201,167,0.131328574,6166.166667
707,C9,ICL_172,167,0.10344524,5212.5
708,D1,ICL_186A,167,0.204245241,8938
709,D10,Chlamy,167,0.197178578,13218.5
710,D11,Chlamy,167,0.158811908,11891.33333
711,D12,Chlamy,167,0.135561904,10972.16667
712,D2,ICL_186B,167,0.202795233,11538
713,D3,ICL_170,167,0.199611903,8885
714,D4,ICL_179A,167,0.226578574,9495.5
715,D5,ICL_179B,167,0.209378566,12092.83333
716,D6,Chlamy,167,0.176878571,11424.16667
717,D7,Chlamy,167,0.220711908,13686.33333
718,D8,Chlamy,167,0.188845241,12829.5
719,D9,Chlamy,167,0.18992857,12850.33333
720,E1,ICL_162,167,0.17542857,7542
721,E10,ICL_118B,167,0.208895242,10493.83333
722,E11,ICL_100,167,0.170045238,10729.16667
723,E12,ICL_108,167,0.182445237,10514.33333
724,E2,ICL_202A,167,0.159128573,6441.166667
725,E3,ICL_202B,167,0.180995242,7096.166667
726,E4,ICL_202C,167,0.184661906,7407.333333
727,E5,ICL_131,167,0.130678573,7688.333333
728,E6,ICL_116,167,0.147028566,6733
729,E7,ICL_112,167,0.178861912,7159.333333
730,E8,ICL_163,167,0.150711905,10542.16667
731,E9,ICL_24,167,0.137561906,8683.166667
732,F1,ICL_115,167,0.145045244,9811.833333
733,F10,ICL_20BA,167,0.151211906,11231.66667
734,F11,ICL_20BB,167,0.205611906,12669.83333
735,F12,ICL_60,167,0.121728573,9831
736,F2,ICL_199,167,0.143128572,9998.5
737,F3,ICL_101,167,0.191545239,12914.5
738,F4,ICL_139A,167,0.194761908,12728
739,F5,ICL_103,167,0.182845238,12329.33333
740,F6,ICL_160,167,0.201728578,11800.5
741,F7,ICL_129A,167,0.160428565,6630
742,F8,ICL_129B,167,0.173528573,11008.5
743,F9,ICL_133,167,0.179678573,12323.33333
744,G1,ICL_144,167,0.195978571,12800
745,G10,ICL_184BA,167,0.091528573,4775.833333
746,G11,ICL_184BB,167,0.108328574,4573.166667
747,G12,ICL_193,167,0.16329524,7079.833333
748,G2,ICL_41,167,0.229811903,9333.333333
749,G3,ICL_114B,167,0.258011903,10431.16667
750,G4,ICL_208B,167,0.208545236,12551.16667
751,G5,ICL_117,167,0.207945234,11889.33333
752,G6,ICL_132,167,0.213078574,12125.83333
753,G7,ICL_48,167,0.129428572,6787.666667
754,G8,ICL_201,167,0.14289524,6512.333333
755,G9,ICL_172,167,0.114061906,5313.166667
756,H1,ICL_186A,167,0.178378573,7363.666667
757,H10,Chlamy,167,0.150128572,11081.66667
758,H11,Chlamy,167,0.146111909,11035
759,H12,Chlamy,167,0.155745239,9611
760,H2,ICL_186B,167,0.181478576,10605
761,H3,ICL_170,167,0.153645233,5936.666667
762,H4,ICL_179A,167,0.184661901,7125.166667
763,H5,ICL_179B,167,0.176728575,11052.83333
764,H6,Chlamy,167,0.165011901,11958.5
765,H7,Chlamy,167,0.171595239,12165.66667
766,H8,Chlamy,167,0.139495237,10978.33333
767,H9,Chlamy,167,0.161678571,11548.66667
